ine_code,weather_zone_code
01001,750102
01002,750101
01003,750101
01004,750101
01006,750102
01008,750102
01009,750102
01010,750101
01011,750103
01013,750102
01014,750102
01016,750102
01017,750102
01018,750101
01019,750103
01020,750102
01021,750102
01022,750103
01023,750103
01027,750102
01028,750103
01030,750103
01031,750103
01032,750103
01033,750103
01034,750103
01036,750101
01037,750102
01039,750103
01041,750103
01042,750101
01043,750103
01044,750103
01046,750102
01047,750102
01049,750102
01051,750102
01052,750103
01053,750102
01054,750101
01055,750102
01056,750102
01057,750103
01058,750101
01059,750102
01060,750103
01061,750102
01062,750102
01063,750101
01901,750102
01902,750102
02001,680201
02002,680201
02003,680201
02004,680203
02005,680201
02006,680202
02007,680201
02008,680202
02009,680203
02010,680203
02011,680202
02012,680201
02013,680201
02014,680201
02015,680201
02016,680202
02017,680202
02018,680203
02019,680201
02020,680201
02021,680201
02022,680201
02023,680201
02024,680201
02025,680203
02026,680201
02027,680203
02028,680202
02029,680201
02030,680202
02031,680202
02032,680201
02033,680203
02034,680201
02035,680201
02036,680201
02037,680203
02038,680201
02039,680203
02040,680201
02041,680201
02042,680202
02043,680201
02044,680202
02045,680201
02046,680201
02047,680202
02048,680201
02049,680202
02050,680201
02051,680203
02052,680201
02053,680201
02054,680201
02055,680202
02056,680203
02057,680201
02058,680202
02059,680202
02060,680202
02061,680203
02062,680202
02063,680203
02064,680201
02065,680201
02066,680201
02067,680202
02068,680201
02069,680201
02070,680202
02071,680201
02072,680202
02073,680201
02074,680203
02075,680201
02076,680202
02077,680201
02078,680201
02079,680201
02080,680202
02081,680201
02082,680201
02083,680201
02084,680202
02085,680201
02086,680202
02901,680201
03001,770301
03002,770303
03003,770301
03004,770303
03005,770303
03006,770301
03007,770301
03008,770301
03009,770302
03010,770301
03011,770303
03012,770303
03013,770302
03014,770303
03015,770303
03016,770301
03017,770301
03018,770301
03019,770303
03020,770301
03021,770302
03022,770301
03023,770302
03024,770303
03025,770303
03026,770301
03027,770301
03028,770301
03029,770301
03030,770301
03031,770303
03032,770302
03033,770301
03034,770303
03035,770301
03036,770301
03037,770301
03038,770301
03039,770301
03040,770301
03041,770301
03042,770301
03043,770302
03044,770303
03045,770301
03046,770303
03047,770301
03048,770301
03049,770303
03050,770303
03051,770302
03052,770302
03053,770302
03054,770301
03055,770303
03056,770301
03057,770301
03058,770303
03059,770303
03060,770301
03061,770303
03062,770303
03063,770301
03064,770303
03065,770303
03066,770302
03067,770301
03068,770301
03069,770303
03070,770303
03071,770301
03072,770301
03073,770301
03074,770303
03075,770301
03076,770303
03077,770303
03078,770303
03079,770302
03080,770303
03081,770301
03082,770301
03083,770302
03084,770301
03085,770301
03086,770301
03088,770303
03089,770302
03090,770303
03091,770301
03092,770301
03093,770303
03094,770303
03095,770301
03096,770302
03097,770301
03098,770303
03099,770303
03100,770301
03101,770301
03102,770301
03103,770302
03104,770302
03105,770302
03106,770301
03107,770303
03109,770303
03110,770301
03111,770303
03112,770303
03113,770303
03114,770302
03115,770301
03116,770302
03117,770301
03118,770303
03119,770303
03120,770303
03121,770303
03122,770303
03123,770302
03124,770301
03125,770301
03127,770301
03128,770301
03129,770302
03130,770301
03131,770301
03132,770302
03133,770303
03134,770301
03135,770301
03136,770301
03137,770301
03138,770301
03139,770303
03140,770302
03901,770301
03902,770303
03903,770303
03904,770303
04001,610402
04002,610402
04003,610403
04004,610401
04005,610403
04006,610401
04007,610403
04008,610401
04009,610401
04010,610403
04011,610403
04012,610403
04013,610403
04014,610403
04015,610403
04016,610401
04017,610401
04018,610401
04019,610401
04020,610403
04021,610401
04022,610402
04023,610403
04024,610403
04026,610401
04027,610402
04028,610403
04029,610403
04030,610403
04031,610401
04032,610404
04033,610402
04034,610401
04035,610404
04036,610401
04037,610401
04038,610403
04041,610403
04043,610403
04044,610401
04045,610402
04046,610403
04047,610403
04048,610404
04049,610404
04050,610402
04051,610403
04052,610403
04053,610401
04054,610403
04055,610403
04056,610401
04057,610403
04058,610401
04059,610401
04060,610402
04061,610401
04062,610401
04063,610401
04064,610404
04065,610402
04066,610404
04067,610403
04068,610402
04069,610401
04070,610401
04071,610403
04072,610401
04073,610403
04074,610403
04075,610404
04076,610401
04077,610403
04078,610403
04079,610403
04080,610403
04081,610403
04082,610402
04083,610401
04084,610401
04085,610401
04086,610402
04087,610401
04088,610402
04089,610401
04090,610402
04091,610403
04092,610401
04093,610404
04094,610402
04095,610402
04096,610401
04097,610402
04098,610401
04099,610401
04100,610404
04101,610403
04102,610403
04103,610401
04901,610402
04902,610403
04903,610403
04904,610403
05001,670501
05002,670503
05005,670501
05007,670502
05008,670501
05010,670502
05012,670502
05013,670503
05014,670503
05015,670502
05016,670501
05017,670502
05018,670502
05019,670502
05021,670502
05022,670502
05023,670501
05024,670502
05025,670502
05026,670501
05027,670501
05029,670501
05030,670502
05033,670501
05034,670501
05035,670501
05036,670501
05037,670502
05038,670502
05039,670501
05040,670502
05041,670503
05042,670501
05043,670501
05044,670502
05045,670501
05046,670501
05047,670503
05048,670501
05049,670502
05051,670502
05052,670502
05053,670502
05054,670503
05055,670502
05056,670501
05057,670503
05058,670502
05059,670502
05060,670501
05061,670502
05062,670501
05063,670502
05064,670501
05065,670501
05066,670503
05067,670502
05069,670501
05070,670501
05072,670501
05073,670501
05074,670501
05075,670503
05076,670502
05077,670501
05078,670501
05079,670502
05080,670502
05081,670502
05082,670503
05083,670502
05084,670502
05085,670502
05086,670501
05087,670502
05088,670502
05089,670503
05090,670501
05092,670501
05093,670502
05094,670502
05095,670503
05096,670502
05097,670502
05099,670501
05100,670503
05101,670502
05102,670503
05103,670502
05104,670502
05105,670502
05106,670502
05107,670502
05108,670502
05109,670501
05110,670503
05112,670502
05113,670502
05114,670501
05115,670502
05116,670502
05117,670501
05118,670501
05119,670502
05120,670502
05121,670502
05122,670502
05123,670502
05124,670502
05125,670502
05126,670502
05127,670503
05128,670502
05129,670502
05130,670502
05131,670502
05132,670503
05133,670502
05134,670501
05135,670502
05136,670502
05138,670502
05139,670501
05140,670501
05141,670502
05142,670501
05143,670502
05144,670502
05145,670502
05147,670501
05148,670502
05149,670501
05151,670502
05152,670501
05153,670502
05154,670502
05155,670502
05156,670503
05157,670502
05158,670502
05159,670502
05160,670502
05161,670502
05162,670502
05163,670503
05164,670502
05165,670502
05166,670502
05167,670502
05168,670502
05169,670502
05170,670502
05171,670502
05172,670502
05173,670502
05174,670501
05175,670501
05176,670502
05177,670501
05178,670501
05179,670501
05180,670502
05181,670502
05182,670503
05183,670501
05184,670502
05185,670502
05186,670502
05187,670503
05188,670502
05189,670503
05190,670501
05191,670502
05192,670502
05193,670501
05194,670501
05195,670502
05196,670501
05197,670502
05198,670501
05199,670502
05200,670502
05201,670502
05204,670501
05205,670502
05206,670502
05207,670503
05208,670501
05209,670502
05210,670501
05211,670502
05212,670502
05213,670502
05214,670502
05215,670502
05216,670502
05217,670502
05218,670502
05219,670501
05220,670501
05221,670503
05222,670502
05224,670502
05225,670502
05226,670502
05227,670503
05228,670502
05229,670501
05230,670501
05231,670501
05232,670502
05233,670502
05234,670501
05235,670501
05236,670502
05237,670502
05238,670502
05239,670502
05240,670503
05241,670503
05242,670501
05243,670502
05244,670502
05245,670502
05246,670502
05247,670502
05249,670502
05251,670502
05252,670502
05253,670501
05254,670501
05256,670502
05257,670502
05258,670501
05259,670501
05260,670502
05261,670502
05262,670502
05263,670502
05264,670501
05265,670502
05266,670502
05267,670502
05901,670502
05902,670502
05903,670502
05904,670502
05905,670502
06001,700601
06002,700603
06003,700604
06004,700603
06005,700601
06006,700601
06007,700601
06008,700604
06009,700601
06010,700603
06011,700603
06012,700601
06013,700604
06014,700604
06015,700601
06016,700603
06017,700602
06018,700603
06019,700604
06020,700604
06021,700604
06022,700604
06023,700603
06024,700604
06025,700601
06026,700604
06027,700604
06028,700603
06029,700603
06030,700602
06031,700601
06032,700601
06033,700602
06034,700604
06035,700602
06036,700603
06037,700601
06038,700601
06039,700601
06040,700603
06041,700601
06042,700601
06043,700601
06044,700601
06045,700603
06046,700601
06047,700603
06048,700602
06049,700603
06050,700604
06051,700602
06052,700604
06053,700604
06054,700603
06055,700604
06056,700602
06057,700602
06058,700601
06059,700604
06060,700601
06061,700601
06062,700602
06063,700602
06064,700603
06065,700604
06066,700604
06067,700604
06068,700604
06069,700603
06070,700604
06071,700603
06072,700601
06073,700604
06074,700604
06075,700601
06076,700604
06077,700604
06078,700603
06079,700601
06080,700601
06081,700604
06082,700601
06083,700601
06084,700601
06085,700604
06086,700604
06087,700603
06088,700601
06089,700603
06090,700601
06091,700602
06092,700603
06093,700604
06094,700603
06095,700601
06096,700601
06097,700601
06098,700603
06099,700603
06100,700603
06101,700603
06102,700602
06103,700601
06104,700603
06105,700604
06106,700603
06107,700601
06108,700603
06109,700603
06110,700604
06111,700601
06112,700603
06113,700603
06114,700602
06115,700601
06116,700603
06117,700603
06118,700602
06119,700601
06120,700601
06121,700603
06122,700603
06123,700601
06124,700604
06125,700602
06126,700603
06127,700602
06128,700601
06129,700601
06130,700602
06131,700603
06132,700601
06133,700601
06134,700604
06135,700601
06136,700604
06137,700602
06138,700601
06139,700604
06140,700604
06141,700604
06142,700604
06143,700601
06144,700604
06145,700601
06146,700603
06147,700604
06148,700604
06149,700603
06150,700604
06151,700601
06152,700603
06153,700601
06154,700604
06155,700601
06156,700601
06157,700602
06158,700603
06159,700604
06160,700603
06161,700603
06162,700601
06901,700601
06902,700601
06903,700601
07001,645403
07002,645501
07003,645402
07004,645403
07005,645404
07006,645402
07007,645401
07008,645403
07009,645402
07010,645401
07011,645404
07012,645402
07013,645404
07014,645402
07015,645501
07016,645403
07017,645403
07018,645401
07019,645401
07020,645401
07021,645401
07022,645405
07023,645501
07024,645301
07025,645401
07026,645301
07027,645403
07028,645403
07029,645403
07030,645403
07031,645404
07032,645501
07033,645405
07034,645403
07035,645403
07036,645404
07037,645501
07038,645403
07039,645402
07040,645404
07041,645403
07042,645402
07043,645403
07044,645402
07045,645401
07046,645301
07047,645403
07048,645301
07049,645403
07050,645301
07051,645405
07052,645501
07053,645403
07054,645301
07055,645402
07056,645403
07057,645405
07058,645403
07059,645404
07060,645403
07061,645401
07062,645405
07063,645401
07064,645501
07065,645403
07901,645403
07902,645501
08001,690803
08002,690802
08003,690804
08004,690801
08005,690803
08006,690804
08007,690804
08008,690803
08009,690804
08010,690802
08011,690802
08012,690802
08013,690803
08014,690802
08015,690804
08016,690801
08017,690802
08018,690802
08019,690804
08020,690804
08021,690803
08022,690802
08023,690803
08024,690801
08025,690803
08026,690802
08027,690803
08028,690803
08029,690804
08030,690804
08031,690802
08032,690804
08033,690803
08034,690802
08035,690804
08036,690802
08037,690802
08038,690802
08039,690803
08040,690804
08041,690803
08042,690803
08043,690804
08044,690803
08045,690801
08046,690803
08047,690802
08048,690803
08049,690802
08050,690801
08051,690803
08052,690801
08053,690802
08054,690803
08055,690802
08056,690804
08057,690801
08058,690804
08059,690802
08060,690802
08061,690802
08062,690802
08063,690803
08064,690802
08065,690803
08066,690803
08067,690802
08068,690804
08069,690803
08070,690802
08071,690803
08072,690804
08073,690804
08074,690804
08075,690804
08076,690803
08077,690804
08078,690801
08079,690802
08080,690801
08081,690803
08082,690803
08083,690802
08084,690802
08085,690803
08086,690803
08087,690803
08088,690803
08089,690804
08090,690802
08091,690803
08092,690802
08093,690801
08094,690803
08095,690802
08096,690803
08097,690803
08098,690802
08099,690801
08100,690802
08101,690804
08102,690803
08103,690803
08104,690803
08105,690803
08106,690803
08107,690803
08108,690803
08109,690802
08110,690804
08111,690802
08112,690802
08113,690802
08114,690803
08115,690803
08116,690802
08117,690802
08118,690804
08119,690803
08120,690803
08121,690804
08122,690803
08123,690804
08124,690803
08125,690803
08126,690804
08127,690802
08128,690802
08129,690802
08130,690802
08131,690801
08132,690801
08133,690803
08134,690803
08135,690803
08136,690803
08137,690803
08138,690802
08139,690802
08140,690802
08141,690802
08142,690801
08143,690803
08144,690802
08145,690804
08146,690803
08147,690803
08148,690804
08149,690802
08150,690802
08151,690802
08152,690803
08153,690804
08154,690803
08155,690804
08156,690803
08157,690804
08158,690804
08159,690803
08160,690802
08161,690803
08162,690803
08163,690804
08164,690803
08165,690803
08166,690801
08167,690803
08168,690803
08169,690804
08170,690802
08171,690802
08172,690804
08174,690803
08175,690802
08176,690802
08177,690802
08178,690802
08179,690802
08180,690803
08181,690803
08182,690802
08183,690802
08184,690803
08185,690803
08187,690803
08188,690802
08189,690802
08190,690801
08191,690802
08192,690802
08193,690804
08194,690804
08195,690802
08196,690803
08197,690804
08198,690803
08199,690802
08200,690804
08201,690802
08202,690803
08203,690804
08204,690804
08205,690803
08206,690803
08207,690803
08208,690803
08209,690803
08210,690803
08211,690804
08212,690802
08213,690802
08214,690804
08215,690802
08216,690801
08217,690804
08218,690802
08219,690804
08220,690802
08221,690804
08222,690803
08223,690803
08224,690803
08225,690802
08226,690803
08227,690803
08228,690802
08229,690802
08230,690804
08231,690804
08232,690803
08233,690801
08234,690803
08235,690804
08236,690803
08237,690801
08238,690803
08239,690803
08240,690803
08241,690801
08242,690802
08243,690802
08244,690804
08245,690804
08246,690802
08247,690802
08248,690803
08249,690803
08250,690803
08251,690803
08252,690803
08253,690801
08254,690801
08255,690802
08256,690803
08257,690803
08258,690802
08259,690803
08260,690803
08261,690804
08262,690802
08263,690804
08264,690804
08265,690802
08266,690803
08267,690803
08268,690801
08269,690802
08270,690804
08271,690802
08272,690801
08273,690803
08274,690802
08275,690801
08276,690803
08277,690802
08278,690802
08279,690803
08280,690801
08281,690804
08282,690804
08283,690802
08284,690804
08285,690802
08286,690803
08287,690803
08288,690803
08289,690804
08290,690803
08291,690803
08292,690803
08293,690801
08294,690803
08295,690804
08296,690804
08297,690803
08298,690802
08299,690801
08300,690803
08301,690804
08302,690803
08303,690801
08304,690803
08305,690803
08306,690803
08307,690804
08308,690802
08901,690801
08902,690803
08903,690801
08904,690803
08905,690804
09001,670902
09003,670904
09006,670902
09007,670902
09009,670904
09010,670902
09011,670901
09012,670901
09013,670902
09014,670901
09016,670902
09017,670904
09018,670904
09019,670904
09020,670904
09021,670904
09022,670904
09023,670904
09024,670904
09025,670901
09026,670905
09027,670905
09029,670904
09030,670904
09032,670904
09033,670904
09034,670904
09035,670904
09036,670902
09037,670905
09038,670905
09039,670905
09041,670904
09043,670902
09044,670905
09045,670901
09046,670902
09047,670904
09048,670902
09050,670902
09051,670904
09052,670902
09054,670902
09055,670904
09056,670902
09057,670902
09058,670904
09059,670904
09060,670902
09061,670904
09062,670905
09063,670904
09064,670904
09065,670904
09066,670905
09067,670905
09068,670902
09070,670905
09071,670902
09072,670904
09073,670904
09074,670904
09075,670904
09076,670902
09077,670902
09078,670905
09079,670904
09082,670902
09083,670902
09084,670905
09085,670904
09086,670904
09088,670904
09090,670904
09091,670904
09093,670904
09094,670904
09095,670904
09098,670902
09100,670905
09101,670904
09102,670902
09103,670904
09104,670904
09105,670904
09108,670904
09109,670903
09110,670905
09112,670904
09113,670904
09114,670905
09115,670902
09117,670904
09119,670905
09120,670902
09122,670904
09123,670902
09124,670901
09125,670904
09127,670904
09128,670904
09129,670905
09130,670905
09131,670904
09132,670902
09133,670904
09134,670902
09135,670902
09136,670904
09137,670904
09138,670904
09139,670904
09140,670904
09141,670904
09143,670904
09144,670905
09148,670904
09149,670902
09151,670904
09152,670904
09154,670905
09155,670904
09159,670904
09160,670904
09162,670904
09163,670905
09164,670904
09166,670904
09167,670904
09168,670904
09169,670905
09170,670904
09172,670904
09173,670905
09174,670904
09175,670901
09176,670904
09177,670904
09178,670902
09179,670904
09180,670904
09181,670904
09182,670904
09183,670905
09184,670905
09189,670902
09190,670902
09191,670905
09192,670902
09194,670904
09195,670902
09196,670904
09197,670904
09198,670904
09199,670904
09200,670905
09201,670905
09202,670904
09206,670904
09208,670904
09209,670902
09211,670904
09213,670902
09214,670902
09215,670901
09216,670901
09217,670902
09218,670904
09219,670902
09220,670902
09221,670904
09223,670905
09224,670904
09225,670905
09226,670905
09227,670901
09228,670904
09229,670904
09230,670902
09231,670904
09232,670905
09235,670904
09236,670904
09238,670902
09239,670904
09241,670904
09242,670904
09243,670904
09244,670901
09246,670905
09247,670904
09248,670905
09249,670904
09250,670904
09251,670902
09253,670904
09255,670902
09256,670904
09257,670904
09258,670904
09259,670904
09261,670904
09262,670904
09265,670902
09266,670905
09267,670904
09268,670905
09269,670905
09270,670904
09272,670902
09273,670902
09274,670905
09275,670904
09276,670903
09277,670904
09279,670904
09280,670902
09281,670904
09283,670902
09287,670904
09288,670904
09289,670905
09292,670902
09294,670904
09295,670904
09297,670904
09298,670902
09301,670904
09302,670905
09303,670905
09304,670904
09306,670901
09307,670902
09308,670902
09309,670905
09310,670902
09311,670904
09312,670905
09314,670904
09315,670904
09316,670904
09317,670904
09318,670905
09321,670904
09323,670902
09325,670904
09326,670904
09327,670904
09328,670901
09329,670902
09330,670905
09332,670904
09334,670904
09335,670905
09337,670904
09338,670904
09339,670904
09340,670905
09343,670904
09345,670904
09346,670905
09347,670902
09348,670904
09350,670904
09351,670904
09352,670904
09353,670902
09354,670904
09355,670904
09356,670905
09358,670905
09360,670905
09361,670901
09362,670904
09363,670904
09365,670904
09366,670904
09368,670904
09369,670904
09372,670904
09373,670904
09374,670904
09375,670904
09377,670904
09378,670905
09380,670904
09381,670905
09382,670904
09384,670904
09386,670904
09387,670904
09388,670905
09389,670904
09390,670904
09391,670904
09392,670902
09394,670902
09395,670901
09396,670904
09398,670901
09400,670904
09403,670904
09405,670904
09406,670904
09407,670905
09408,670902
09409,670902
09410,670902
09411,670902
09412,670902
09413,670901
09414,670905
09415,670901
09416,670902
09417,670904
09418,670904
09419,670902
09421,670904
09422,670902
09423,670902
09424,670902
09425,670905
09427,670904
09428,670904
09429,670904
09430,670905
09431,670905
09432,670904
09433,670905
09434,670904
09437,670904
09438,670904
09439,670904
09440,670904
09441,670904
09442,670904
09443,670904
09444,670904
09445,670902
09446,670904
09447,670905
09448,670904
09449,670904
09450,670905
09451,670904
09454,670902
09455,670904
09456,670904
09458,670904
09460,670904
09463,670905
09464,670904
09466,670904
09467,670904
09471,670904
09472,670904
09473,670904
09476,670905
09478,670905
09480,670904
09482,670904
09483,670904
09485,670902
09901,670904
09902,670904
09903,670902
09904,670904
09905,670901
09906,670904
09907,670904
09908,670902
10001,701001
10002,701004
10003,701001
10004,701002
10005,701001
10006,701001
10007,701003
10008,701003
10009,701004
10010,701004
10011,701004
10012,701003
10013,701003
10014,701001
10015,701001
10016,701002
10017,701004
10018,701003
10019,701002
10020,701004
10021,701003
10022,701001
10023,701004
10024,701001
10025,701001
10026,701002
10027,701003
10028,701002
10029,701004
10030,701002
10031,701003
10032,701003
10033,701004
10034,701001
10035,701001
10036,701001
10037,701003
10038,701002
10039,701001
10040,701002
10041,701001
10042,701004
10043,701004
10044,701004
10045,701002
10046,701003
10047,701002
10048,701004
10049,701003
10050,701001
10051,701001
10052,701003
10053,701002
10054,701001
10055,701001
10056,701002
10057,701004
10058,701002
10059,701002
10060,701004
10061,701002
10062,701003
10063,701001
10064,701001
10065,701001
10066,701004
10067,701002
10068,701001
10069,701003
10070,701004
10071,701001
10072,701001
10073,701004
10075,701004
10076,701002
10077,701004
10078,701001
10079,701001
10080,701001
10081,701001
10082,701003
10083,701002
10084,701001
10085,701002
10086,701001
10087,701004
10088,701002
10089,701002
10090,701001
10091,701001
10092,701004
10093,701001
10094,701003
10095,701003
10096,701001
10097,701004
10098,701003
10099,701002
10100,701001
10101,701002
10102,701004
10103,701004
10104,701001
10105,701001
10106,701001
10107,701001
10108,701001
10109,701004
10110,701001
10111,701001
10112,701004
10113,701004
10114,701002
10115,701003
10116,701002
10117,701001
10118,701003
10119,701003
10120,701002
10121,701004
10122,701002
10123,701002
10124,701001
10125,701003
10126,701004
10127,701002
10128,701002
10129,701002
10130,701001
10131,701002
10132,701004
10133,701003
10134,701004
10135,701001
10136,701001
10137,701001
10138,701001
10139,701002
10140,701002
10141,701002
10142,701001
10143,701002
10144,701001
10145,701003
10146,701001
10147,701001
10148,701002
10149,701003
10150,701002
10151,701002
10152,701001
10153,701004
10154,701001
10155,701002
10156,701001
10157,701001
10158,701004
10159,701004
10160,701002
10161,701003
10162,701003
10163,701003
10164,701001
10165,701003
10166,701004
10167,701001
10168,701003
10169,701003
10170,701003
10171,701001
10172,701001
10173,701002
10174,701001
10175,701002
10176,701002
10177,701003
10178,701003
10179,701001
10180,701002
10181,701002
10182,701002
10183,701001
10184,701001
10185,701001
10186,701004
10187,701001
10188,701004
10189,701002
10190,701002
10191,701001
10192,701003
10193,701003
10194,701003
10195,701003
10196,701001
10197,701002
10198,701003
10199,701002
10200,701002
10201,701004
10202,701002
10203,701003
10204,701001
10205,701001
10206,701001
10207,701001
10208,701003
10209,701004
10210,701001
10211,701001
10212,701001
10213,701004
10214,701001
10215,701001
10216,701001
10217,701004
10218,701002
10219,701004
10901,701002
10902,701002
10903,701002
10904,701002
10905,701002
11001,611102
11002,611101
11003,611102
11004,611104
11005,611101
11006,611102
11007,611103
11008,611104
11009,611101
11010,611102
11011,611101
11012,611103
11013,611104
11014,611103
11015,611103
11016,611103
11017,611102
11018,611101
11019,611101
11020,611102
11021,611101
11022,611104
11023,611102
11024,611101
11025,611102
11026,611101
11027,611103
11028,611103
11029,611101
11030,611103
11031,611103
11032,611103
11033,611104
11034,611101
11035,611104
11036,611101
11037,611103
11038,611101
11039,611103
11040,611101
11041,611102
11042,611101
11901,611102
11902,611102
11903,611101
12001,771203
12002,771203
12003,771204
12004,771204
12005,771203
12006,771203
12007,771204
12008,771203
12009,771204
12010,771203
12011,771204
12012,771203
12013,771203
12014,771201
12015,771203
12016,771204
12017,771203
12018,771203
12020,771203
12021,771204
12022,771203
12024,771203
12025,771203
12026,771201
12027,771202
12028,771204
12029,771204
12031,771204
12032,771204
12033,771204
12034,771202
12036,771202
12037,771201
12038,771201
12039,771203
12040,771204
12041,771203
12042,771201
12043,771203
12044,771202
12045,771201
12046,771203
12048,771203
12049,771203
12050,771204
12051,771203
12052,771202
12053,771204
12055,771203
12056,771204
12057,771204
12058,771203
12059,771203
12060,771203
12061,771201
12063,771203
12064,771203
12065,771203
12067,771203
12068,771201
12069,771203
12070,771202
12071,771203
12072,771203
12073,771203
12074,771204
12075,771201
12076,771203
12077,771204
12078,771203
12079,771203
12080,771201
12081,771203
12082,771204
12083,771201
12084,771204
12085,771204
12087,771201
12088,771203
12089,771202
12090,771203
12091,771201
12092,771203
12093,771201
12094,771204
12095,771203
12096,771202
12097,771203
12098,771204
12099,771202
12100,771202
12101,771202
12102,771202
12103,771204
12104,771203
12105,771204
12106,771203
12107,771203
12108,771203
12109,771203
12110,771203
12111,771204
12112,771201
12113,771203
12114,771203
12115,771203
12116,771203
12117,771204
12118,771203
12119,771201
12120,771204
12121,771202
12122,771203
12123,771203
12124,771204
12125,771203
12126,771204
12127,771201
12128,771204
12129,771201
12130,771203
12131,771203
12132,771204
12133,771203
12134,771201
12135,771204
12136,771204
12137,771201
12138,771202
12139,771203
12140,771203
12141,771201
12142,771203
12901,771204
12902,771204
13001,681303
13002,681303
13003,681304
13004,681302
13005,681302
13006,681301
13007,681303
13008,681302
13009,681303
13010,681302
13011,681304
13012,681304
13013,681302
13014,681302
13015,681304
13016,681304
13017,681301
13018,681301
13019,681302
13020,681303
13021,681301
13022,681303
13023,681302
13024,681304
13025,681303
13026,681304
13027,681304
13028,681302
13029,681303
13030,681303
13031,681301
13032,681302
13033,681302
13034,681303
13035,681303
13036,681301
13037,681302
13038,681304
13039,681301
13040,681301
13041,681301
13042,681304
13043,681302
13044,681301
13045,681302
13046,681304
13047,681302
13048,681304
13049,681301
13050,681301
13051,681303
13052,681301
13053,681302
13054,681302
13055,681304
13056,681303
13057,681302
13058,681302
13059,681301
13060,681301
13061,681302
13062,681303
13063,681303
13064,681303
13065,681301
13066,681303
13067,681303
13068,681303
13069,681302
13070,681302
13071,681303
13072,681301
13073,681303
13074,681302
13075,681304
13076,681302
13077,681302
13078,681302
13079,681302
13080,681304
13081,681302
13082,681302
13083,681301
13084,681302
13085,681302
13086,681303
13087,681302
13088,681302
13089,681302
13090,681302
13091,681303
13092,681302
13093,681302
13094,681303
13095,681303
13096,681301
13097,681302
13098,681304
13901,681301
13902,681302
13903,681302
13904,681302
14001,611402
14002,611403
14003,611401
14004,611403
14005,611402
14006,611401
14007,611403
14008,611401
14009,611401
14010,611403
14011,611401
14012,611402
14013,611403
14014,611402
14015,611403
14016,611401
14017,611402
14018,611402
14019,611403
14020,611401
14021,611402
14022,611403
14023,611401
14024,611403
14025,611403
14026,611401
14027,611402
14028,611401
14029,611401
14030,611402
14031,611403
14032,611401
14033,611402
14034,611401
14035,611401
14036,611401
14037,611403
14038,611403
14039,611403
14040,611402
14041,611403
14042,611403
14043,611402
14044,611403
14045,611403
14046,611403
14047,611401
14048,611403
14049,611402
14050,611402
14051,611401
14052,611401
14053,611402
14054,611401
14055,611403
14056,611403
14057,611402
14058,611403
14059,611402
14060,611402
14061,611401
14062,611401
14063,611403
14064,611401
14065,611402
14066,611402
14067,611402
14068,611401
14069,611401
14070,611401
14071,611401
14072,611401
14073,611401
14074,611401
14075,611403
14901,611402
14902,611402
15001,711501
15002,711503
15003,711503
15004,711501
15005,711501
15006,711503
15007,711503
15008,711501
15009,711501
15010,711503
15011,711504
15012,711503
15013,711503
15014,711501
15015,711501
15016,711502
15017,711501
15018,711503
15019,711501
15020,711502
15021,711501
15022,711501
15023,711502
15024,711501
15025,711501
15027,711503
15028,711502
15029,711501
15030,711501
15031,711501
15032,711503
15033,711504
15034,711502
15035,711501
15036,711501
15037,711502
15038,711503
15039,711503
15040,711501
15041,711501
15042,711504
15043,711501
15044,711501
15045,711502
15046,711503
15047,711503
15048,711501
15049,711501
15050,711503
15051,711501
15052,711502
15053,711504
15054,711501
15055,711501
15056,711503
15057,711504
15058,711501
15059,711503
15060,711503
15061,711501
15062,711504
15064,711501
15065,711504
15066,711503
15067,711504
15068,711501
15069,711501
15070,711503
15071,711504
15072,711504
15073,711504
15074,711504
15075,711501
15076,711501
15077,711503
15078,711503
15079,711503
15080,711503
15081,711503
15082,711503
15083,711503
15084,711503
15085,711503
15086,711503
15087,711501
15088,711503
15089,711503
15090,711503
15091,711501
15092,711502
15093,711502
15901,711501
15902,711501
16001,681602
16002,681603
16003,681603
16004,681603
16005,681601
16006,681601
16007,681603
16008,681602
16009,681601
16010,681603
16011,681601
16012,681603
16013,681602
16014,681602
16015,681603
16016,681603
16017,681603
16018,681603
16019,681603
16020,681601
16022,681602
16023,681602
16024,681602
16025,681601
16026,681603
16027,681601
16029,681603
16030,681602
16031,681602
16032,681603
16033,681603
16034,681603
16035,681602
16036,681602
16038,681601
16039,681603
16040,681602
16041,681601
16042,681603
16043,681602
16044,681602
16045,681601
16046,681602
16047,681603
16048,681602
16049,681603
16050,681601
16051,681601
16052,681602
16053,681602
16055,681602
16056,681602
16057,681602
16058,681603
16060,681603
16061,681603
16062,681602
16063,681603
16064,681603
16065,681603
16066,681603
16067,681601
16068,681603
16070,681602
16071,681601
16072,681603
16073,681603
16074,681602
16078,681602
16079,681602
16081,681603
16082,681602
16083,681602
16084,681602
16085,681602
16086,681603
16087,681603
16088,681602
16089,681602
16091,681602
16092,681603
16093,681602
16094,681601
16095,681602
16096,681603
16097,681602
16098,681603
16099,681603
16100,681603
16101,681603
16102,681603
16103,681603
16104,681603
16106,681603
16107,681602
16108,681603
16109,681602
16110,681603
16111,681602
16112,681603
16113,681603
16115,681602
16116,681602
16117,681602
16118,681603
16119,681601
16121,681602
16122,681602
16123,681602
16124,681603
16125,681603
16126,681602
16128,681603
16129,681603
16130,681603
16131,681602
16132,681603
16133,681603
16134,681603
16135,681602
16137,681602
16139,681603
16140,681601
16141,681603
16142,681603
16143,681601
16145,681603
16146,681602
16147,681602
16148,681603
16149,681602
16150,681602
16151,681601
16152,681603
16153,681603
16154,681603
16155,681603
16156,681601
16157,681602
16158,681603
16159,681603
16160,681601
16161,681603
16162,681601
16163,681602
16165,681602
16166,681603
16167,681603
16169,681601
16170,681601
16171,681603
16172,681603
16173,681601
16174,681603
16175,681603
16176,681603
16177,681602
16181,681603
16185,681601
16186,681603
16187,681602
16188,681601
16189,681602
16190,681603
16191,681603
16192,681602
16193,681601
16194,681602
16195,681603
16196,681603
16197,681602
16198,681603
16199,681603
16202,681602
16203,681603
16204,681603
16205,681602
16206,681601
16209,681601
16211,681603
16212,681603
16213,681603
16215,681602
16216,681603
16217,681603
16218,681603
16219,681602
16224,681602
16225,681602
16227,681602
16228,681601
16231,681603
16234,681602
16236,681603
16237,681603
16238,681603
16239,681602
16240,681601
16242,681601
16243,681603
16244,681603
16245,681602
16246,681601
16247,681603
16248,681603
16249,681603
16250,681601
16251,681603
16253,681603
16254,681601
16255,681603
16258,681602
16259,681601
16263,681602
16264,681603
16265,681601
16266,681603
16269,681603
16270,681603
16271,681603
16272,681601
16273,681603
16274,681602
16275,681601
16276,681602
16277,681603
16278,681602
16279,681603
16280,681602
16901,681603
16902,681602
16903,681603
16904,681602
16905,681602
16906,681601
16908,681603
16909,681602
16910,681601
17001,691701
17002,691702
17003,691701
17004,691703
17005,691703
17006,691701
17007,691702
17008,691702
17009,691702
17010,691702
17011,691703
17012,691703
17013,691703
17014,691701
17015,691702
17016,691703
17018,691703
17019,691702
17020,691702
17021,691702
17022,691703
17023,691704
17024,691701
17025,691703
17026,691703
17027,691702
17028,691702
17029,691703
17030,691703
17031,691702
17032,691703
17033,691702
17034,691703
17035,691702
17036,691701
17037,691701
17038,691702
17039,691701
17040,691702
17041,691703
17042,691703
17043,691701
17044,691702
17046,691702
17047,691703
17048,691704
17049,691702
17050,691703
17051,691703
17052,691703
17054,691703
17055,691703
17056,691702
17057,691703
17058,691702
17060,691702
17061,691701
17062,691703
17063,691702
17064,691703
17065,691702
17066,691703
17067,691703
17068,691703
17069,691701
17070,691703
17071,691702
17073,691702
17074,691703
17075,691703
17076,691703
17077,691703
17078,691701
17079,691702
17080,691701
17081,691703
17082,691701
17083,691702
17084,691701
17085,691703
17086,691701
17087,691703
17088,691703
17089,691704
17090,691702
17091,691701
17092,691703
17093,691703
17094,691701
17095,691704
17096,691701
17097,691703
17098,691702
17099,691701
17100,691703
17101,691702
17102,691701
17103,691702
17105,691702
17106,691703
17107,691701
17109,691701
17110,691703
17111,691703
17112,691701
17114,691702
17115,691703
17116,691702
17117,691703
17118,691703
17119,691703
17120,691703
17121,691703
17123,691702
17124,691703
17125,691701
17126,691703
17128,691703
17129,691703
17130,691703
17132,691703
17133,691702
17134,691701
17135,691703
17136,691703
17137,691702
17138,691703
17139,691702
17140,691703
17141,691701
17142,691702
17143,691703
17144,691703
17145,691701
17146,691702
17147,691701
17148,691702
17149,691701
17150,691702
17151,691703
17152,691703
17153,691703
17154,691702
17155,691702
17157,691702
17158,691703
17159,691702
17160,691704
17161,691702
17162,691702
17163,691702
17164,691702
17165,691702
17166,691703
17167,691701
17168,691703
17169,691702
17170,691701
17171,691702
17172,691702
17173,691703
17174,691702
17175,691703
17176,691703
17177,691701
17178,691703
17180,691702
17181,691704
17182,691703
17183,691702
17184,691702
17185,691702
17186,691702
17187,691703
17188,691703
17189,691702
17190,691702
17191,691703
17192,691701
17193,691702
17194,691702
17195,691703
17196,691703
17197,691703
17198,691703
17199,691703
17200,691702
17201,691701
17202,691704
17203,691703
17204,691703
17205,691703
17206,691701
17207,691701
17208,691701
17209,691703
17210,691703
17211,691703
17212,691701
17213,691702
17214,691703
17215,691702
17216,691703
17217,691703
17218,691703
17220,691702
17221,691703
17222,691703
17223,691703
17224,691701
17225,691703
17226,691703
17227,691703
17228,691703
17230,691703
17232,691703
17233,691702
17234,691703
17901,691703
17902,691703
17903,691702
18001,611801
18002,611802
18003,611801
18004,611804
18005,611802
18006,611804
18007,611803
18010,611802
18011,611801
18012,611801
18013,611801
18014,611801
18015,611802
18016,611803
18017,611804
18018,611802
18020,611801
18021,611801
18022,611801
18023,611802
18024,611801
18025,611802
18027,611802
18028,611801
18029,611802
18030,611803
18032,611803
18033,611803
18034,611801
18035,611803
18036,611801
18037,611801
18038,611801
18039,611802
18040,611803
18042,611803
18043,611803
18044,611803
18045,611802
18046,611802
18047,611801
18048,611801
18049,611802
18050,611801
18051,611801
18053,611802
18054,611802
18056,611802
18057,611801
18059,611801
18061,611801
18062,611801
18063,611802
18064,611802
18065,611801
18066,611801
18067,611802
18068,611803
18069,611802
18070,611801
18071,611803
18072,611801
18074,611802
18076,611802
18077,611801
18078,611802
18079,611801
18082,611802
18083,611802
18084,611801
18085,611802
18086,611802
18087,611801
18088,611801
18089,611802
18093,611804
18094,611801
18095,611801
18096,611802
18097,611802
18098,611802
18099,611801
18100,611801
18101,611801
18102,611801
18103,611804
18105,611801
18106,611801
18107,611801
18108,611802
18109,611804
18111,611801
18112,611803
18114,611802
18115,611801
18116,611803
18117,611802
18119,611803
18120,611804
18121,611803
18122,611801
18123,611802
18124,611804
18126,611801
18127,611801
18128,611802
18132,611801
18133,611804
18134,611801
18135,611801
18136,611801
18137,611801
18138,611801
18140,611804
18141,611804
18143,611803
18144,611801
18145,611801
18146,611802
18147,611803
18148,611804
18149,611801
18150,611803
18151,611803
18152,611802
18153,611801
18154,611802
18157,611801
18158,611801
18159,611801
18161,611802
18162,611804
18163,611803
18164,611802
18165,611801
18167,611802
18168,611801
18170,611804
18171,611801
18173,611804
18174,611801
18175,611801
18176,611803
18177,611804
18178,611802
18179,611804
18180,611803
18181,611804
18182,611803
18183,611803
18184,611804
18185,611801
18187,611802
18188,611801
18189,611801
18192,611801
18193,611801
18194,611802
18901,611803
18902,611803
18903,611803
18904,611803
18905,611801
18906,611804
18907,611802
18908,611803
18909,611802
18910,611803
18911,611801
18912,611802
18913,611801
18914,611801
18915,611801
18916,611804
19001,681901
19002,681901
19003,681902
19004,681903
19005,681903
19006,681903
19007,681903
19008,681901
19009,681903
19010,681901
19011,681901
19013,681902
19015,681903
19016,681902
19017,681901
19018,681903
19019,681903
19020,681903
19021,681903
19022,681903
19023,681903
19024,681903
19027,681902
19031,681901
19032,681901
19033,681901
19034,681902
19036,681903
19037,681903
19038,681903
19039,681903
19040,681903
19041,681903
19042,681901
19043,681903
19044,681901
19045,681903
19046,681903
19047,681901
19048,681902
19049,681901
19050,681903
19051,681903
19052,681901
19053,681903
19054,681903
19055,681903
19057,681901
19058,681903
19059,681902
19060,681901
19061,681901
19064,681903
19065,681901
19066,681903
19067,681901
19070,681903
19071,681903
19073,681903
19074,681903
19075,681903
19076,681902
19078,681903
19079,681902
19080,681903
19081,681903
19082,681903
19086,681903
19087,681901
19088,681903
19089,681901
19090,681901
19091,681903
19092,681903
19095,681901
19096,681901
19097,681901
19098,681903
19099,681902
19102,681903
19103,681902
19104,681902
19105,681903
19106,681903
19107,681903
19108,681903
19109,681902
19110,681903
19111,681903
19112,681903
19113,681903
19114,681901
19115,681902
19116,681901
19117,681903
19118,681902
19119,681903
19120,681903
19121,681903
19122,681902
19123,681903
19124,681903
19125,681903
19126,681903
19127,681901
19129,681901
19130,681903
19132,681903
19133,681903
19134,681902
19135,681901
19136,681901
19138,681903
19139,681902
19142,681903
19143,681903
19145,681901
19146,681901
19147,681901
19148,681903
19150,681903
19151,681903
19152,681903
19153,681901
19154,681903
19155,681903
19156,681903
19157,681903
19159,681903
19160,681903
19161,681903
19162,681901
19163,681901
19165,681901
19166,681903
19167,681903
19168,681901
19169,681903
19170,681902
19171,681903
19172,681903
19173,681903
19174,681903
19175,681901
19176,681903
19177,681903
19178,681902
19179,681903
19181,681901
19182,681903
19183,681902
19184,681903
19185,681901
19186,681903
19187,681903
19188,681902
19189,681903
19190,681902
19191,681903
19192,681903
19193,681903
19194,681903
19195,681902
19196,681903
19197,681901
19198,681901
19199,681903
19200,681903
19201,681901
19202,681901
19203,681901
19204,681902
19208,681901
19209,681902
19210,681901
19211,681903
19212,681903
19213,681902
19214,681903
19215,681903
19216,681902
19217,681903
19218,681901
19219,681902
19220,681903
19221,681902
19222,681902
19223,681903
19224,681903
19225,681903
19226,681901
19227,681902
19228,681903
19229,681903
19230,681903
19231,681901
19232,681903
19233,681903
19234,681901
19235,681901
19237,681902
19238,681901
19239,681903
19240,681901
19241,681901
19242,681903
19243,681902
19244,681903
19245,681903
19246,681901
19247,681903
19248,681903
19249,681903
19250,681901
19251,681901
19252,681903
19254,681901
19255,681902
19256,681901
19257,681901
19258,681903
19259,681901
19260,681901
19261,681901
19262,681901
19263,681903
19264,681902
19265,681902
19266,681903
19267,681902
19268,681902
19269,681903
19270,681901
19271,681902
19272,681902
19274,681903
19277,681902
19278,681901
19279,681903
19280,681903
19281,681903
19282,681901
19283,681902
19284,681902
19285,681902
19286,681903
19287,681902
19288,681901
19289,681902
19290,681903
19291,681903
19293,681903
19294,681901
19296,681903
19297,681903
19298,681903
19299,681903
19300,681903
19301,681903
19302,681903
19303,681901
19304,681903
19305,681901
19306,681903
19307,681901
19308,681903
19309,681902
19310,681903
19311,681901
19314,681901
19317,681903
19318,681903
19319,681903
19321,681901
19322,681903
19323,681903
19324,681902
19325,681903
19326,681903
19327,681903
19329,681903
19330,681903
19331,681903
19332,681902
19333,681903
19334,681901
19335,681903
19901,681901
20001,752002
20002,752002
20003,752001
20004,752002
20005,752002
20006,752002
20007,752002
20008,752002
20009,752001
20010,752002
20011,752002
20012,752002
20013,752002
20014,752002
20015,752002
20016,752001
20017,752002
20018,752002
20019,752002
20020,752002
20021,752002
20022,752002
20023,752002
20024,752002
20025,752002
20026,752002
20027,752001
20028,752002
20029,752001
20030,752002
20031,752002
20032,752002
20033,752002
20034,752002
20035,752002
20036,752001
20037,752002
20038,752002
20039,752001
20040,752001
20041,752002
20042,752002
20043,752002
20044,752002
20045,752001
20046,752002
20047,752002
20048,752002
20049,752002
20050,752002
20051,752002
20052,752002
20053,752001
20054,752002
20055,752002
20056,752001
20057,752002
20058,752002
20059,752002
20060,752002
20061,752001
20062,752002
20063,752001
20064,752001
20065,752002
20066,752002
20067,752001
20068,752002
20069,752001
20070,752002
20071,752002
20072,752001
20073,752001
20074,752002
20075,752002
20076,752002
20077,752002
20078,752002
20079,752001
20080,752002
20081,752001
20901,752002
20902,752001
20903,752001
20904,752002
20905,752002
20906,752002
20907,752002
21001,612101
21002,612103
21003,612102
21004,612101
21005,612103
21006,612102
21007,612101
21008,612101
21009,612101
21010,612103
21011,612102
21012,612101
21013,612102
21014,612102
21015,612102
21016,612101
21017,612102
21018,612101
21019,612101
21020,612101
21021,612103
21022,612101
21023,612102
21024,612101
21025,612101
21026,612101
21027,612101
21028,612101
21029,612101
21030,612102
21031,612101
21032,612102
21033,612101
21034,612101
21035,612102
21036,612101
21037,612102
21038,612101
21039,612101
21040,612102
21041,612103
21042,612103
21043,612101
21044,612103
21045,612101
21046,612103
21047,612102
21048,612101
21049,612101
21050,612103
21051,612101
21052,612101
21053,612102
21054,612102
21055,612103
21056,612102
21057,612102
21058,612102
21059,612101
21060,612103
21061,612102
21062,612101
21063,612102
21064,612102
21065,612102
21066,612102
21067,612101
21068,612102
21069,612101
21070,612102
21071,612101
21072,612102
21073,612103
21074,612102
21075,612102
21076,612102
21077,612102
21078,612101
21079,612101
21902,612102
22001,622202
22002,622201
22003,622202
22004,622202
22006,622201
22007,622203
22008,622203
22009,622203
22011,622202
22012,622202
22013,622203
22014,622202
22015,622202
22016,622203
22017,622203
22018,622203
22019,622202
22020,622203
22021,622202
22022,622203
22023,622203
22024,622202
22025,622203
22027,622202
22028,622201
22029,622202
22032,622201
22035,622201
22036,622202
22037,622202
22039,622202
22040,622203
22041,622202
22042,622202
22043,622203
22044,622201
22045,622203
22046,622203
22047,622202
22048,622202
22049,622203
22050,622202
22051,622202
22052,622203
22053,622201
22054,622201
22055,622202
22057,622201
22058,622202
22059,622201
22060,622203
22061,622203
22062,622201
22063,622202
22064,622202
22066,622201
22067,622201
22068,622201
22069,622201
22072,622201
22074,622201
22075,622203
22076,622201
22077,622203
22078,622201
22079,622203
22080,622201
22081,622202
22082,622202
22083,622203
22084,622201
22085,622203
22086,622201
22087,622201
22088,622202
22089,622203
22090,622202
22094,622203
22095,622201
22096,622202
22099,622203
22102,622202
22103,622202
22105,622201
22106,622201
22107,622201
22109,622201
22110,622203
22111,622201
22112,622203
22113,622201
22114,622201
22115,622202
22116,622203
22117,622201
22119,622202
22122,622201
22124,622202
22125,622202
22126,622202
22127,622202
22128,622202
22129,622201
22130,622201
22131,622201
22133,622201
22135,622202
22136,622203
22137,622203
22139,622202
22141,622202
22142,622201
22143,622201
22144,622201
22149,622202
22150,622202
22151,622202
22155,622201
22156,622202
22157,622201
22158,622203
22160,622202
22162,622202
22163,622202
22164,622202
22165,622203
22167,622203
22168,622201
22170,622201
22172,622203
22173,622202
22174,622202
22175,622203
22176,622202
22177,622201
22178,622202
22181,622202
22182,622201
22184,622203
22186,622202
22187,622202
22188,622201
22189,622201
22190,622201
22193,622203
22195,622202
22197,622203
22199,622201
22200,622201
22201,622202
22202,622202
22203,622202
22204,622201
22205,622203
22206,622202
22207,622201
22208,622201
22209,622201
22212,622201
22213,622203
22214,622202
22215,622201
22217,622203
22218,622203
22220,622202
22221,622201
22222,622202
22223,622201
22225,622203
22226,622203
22227,622201
22228,622202
22229,622201
22230,622201
22232,622203
22233,622201
22234,622203
22235,622202
22236,622203
22239,622203
22242,622203
22243,622201
22244,622201
22245,622203
22246,622201
22247,622201
22248,622202
22249,622201
22250,622201
22251,622203
22252,622201
22253,622201
22254,622203
22901,622201
22902,622201
22903,622203
22904,622202
22905,622202
22906,622202
22907,622201
22908,622202
22909,622203
23001,612304
23002,612304
23003,612303
23004,612301
23005,612301
23006,612303
23007,612303
23008,612301
23009,612303
23010,612301
23011,612301
23012,612302
23014,612303
23015,612304
23016,612302
23017,612304
23018,612304
23019,612304
23020,612303
23021,612301
23024,612301
23025,612301
23026,612304
23027,612303
23028,612302
23029,612301
23030,612302
23031,612303
23032,612303
23033,612304
23034,612304
23035,612303
23037,612302
23038,612303
23039,612301
23040,612303
23041,612303
23042,612302
23043,612302
23044,612304
23045,612302
23046,612303
23047,612302
23048,612302
23049,612303
23050,612303
23051,612303
23052,612303
23053,612303
23054,612302
23055,612301
23056,612303
23057,612303
23058,612303
23059,612303
23060,612303
23061,612303
23062,612301
23063,612301
23064,612304
23065,612302
23066,612302
23067,612304
23069,612303
23070,612302
23071,612302
23072,612302
23073,612302
23074,612303
23075,612303
23076,612301
23077,612303
23079,612301
23080,612302
23081,612302
23082,612302
23084,612302
23085,612303
23086,612303
23087,612303
23088,612303
23090,612304
23091,612302
23092,612303
23093,612304
23094,612301
23095,612302
23096,612301
23097,612302
23098,612303
23099,612304
23101,612302
23901,612304
23902,612304
23903,612303
23904,612302
23905,612302
24001,672401
24002,672403
24003,672403
24004,672401
24005,672403
24006,672403
24007,672402
24008,672403
24009,672402
24010,672403
24011,672402
24012,672401
24014,672402
24015,672403
24016,672401
24017,672403
24018,672403
24019,672402
24020,672401
24021,672401
24022,672402
24023,672401
24024,672403
24025,672401
24026,672403
24027,672402
24028,672403
24029,672401
24030,672402
24031,672403
24032,672403
24033,672403
24034,672402
24036,672401
24037,672401
24038,672402
24039,672403
24040,672401
24041,672402
24042,672403
24043,672401
24044,672403
24046,672403
24047,672403
24049,672402
24050,672403
24051,672403
24052,672401
24053,672403
24054,672403
24055,672403
24056,672401
24057,672402
24058,672403
24059,672402
24060,672401
24061,672401
24062,672403
24063,672401
24064,672402
24065,672403
24066,672403
24067,672401
24068,672401
24069,672403
24070,672402
24071,672402
24073,672403
24074,672403
24076,672401
24077,672403
24078,672403
24079,672401
24080,672403
24081,672403
24082,672403
24083,672401
24084,672403
24086,672403
24087,672403
24088,672403
24089,672403
24090,672401
24091,672401
24092,672403
24093,672403
24094,672403
24095,672403
24096,672401
24097,672403
24098,672401
24099,672403
24100,672401
24101,672401
24102,672402
24103,672402
24104,672401
24105,672403
24106,672401
24107,672403
24108,672403
24109,672401
24110,672401
24112,672401
24113,672403
24114,672401
24115,672402
24116,672401
24117,672403
24118,672401
24119,672402
24120,672401
24121,672401
24122,672402
24123,672401
24124,672403
24125,672403
24127,672403
24129,672401
24130,672401
24131,672403
24132,672401
24133,672401
24134,672401
24136,672403
24137,672401
24139,672403
24141,672403
24142,672403
24143,672402
24144,672403
24145,672401
24146,672403
24148,672403
24149,672403
24150,672403
24151,672401
24152,672401
24153,672403
24154,672403
24155,672403
24156,672403
24157,672403
24158,672401
24159,672403
24160,672403
24161,672403
24162,672403
24163,672403
24164,672401
24165,672402
24166,672403
24167,672401
24168,672403
24169,672402
24170,672401
24171,672402
24172,672401
24173,672403
24174,672403
24175,672403
24176,672403
24177,672401
24178,672403
24179,672401
24180,672403
24181,672403
24182,672403
24183,672401
24184,672401
24185,672403
24187,672403
24188,672403
24189,672403
24190,672403
24191,672403
24193,672401
24194,672401
24196,672402
24197,672403
24198,672402
24199,672401
24201,672403
24202,672401
24203,672403
24205,672403
24206,672402
24207,672403
24209,672402
24210,672401
24211,672403
24212,672403
24213,672403
24214,672403
24215,672403
24216,672403
24217,672403
24218,672403
24219,672403
24221,672403
24222,672403
24223,672403
24224,672403
24225,672403
24226,672403
24227,672403
24228,672403
24229,672403
24230,672403
24901,672401
24902,672403
25001,692502
25002,692503
25003,692503
25004,692503
25005,692502
25006,692503
25007,692503
25008,692503
25009,692503
25010,692503
25011,692503
25012,692503
25013,692503
25014,692503
25015,692503
25016,692503
25017,692502
25019,692503
25020,692503
25021,692503
25022,692503
25023,692503
25024,692502
25025,692501
25027,692503
25029,692503
25030,692502
25031,692501
25032,692502
25033,692503
25034,692503
25035,692503
25036,692503
25037,692503
25038,692503
25039,692502
25040,692503
25041,692503
25042,692503
25043,692502
25044,692503
25045,692501
25046,692503
25047,692503
25048,692503
25049,692503
25050,692503
25051,692502
25052,692503
25053,692503
25055,692503
25056,692503
25057,692501
25058,692503
25059,692501
25060,692503
25061,692502
25062,692503
25063,692501
25064,692503
25067,692503
25068,692503
25069,692503
25070,692503
25071,692502
25072,692503
25073,692503
25074,692503
25075,692503
25076,692503
25077,692502
25078,692503
25079,692503
25081,692503
25082,692502
25085,692503
25086,692502
25087,692502
25088,692502
25089,692502
25092,692503
25093,692503
25094,692503
25096,692503
25097,692503
25098,692502
25099,692503
25100,692502
25101,692503
25102,692503
25103,692503
25104,692503
25105,692503
25109,692503
25110,692503
25111,692502
25112,692503
25113,692503
25114,692503
25115,692502
25118,692503
25119,692503
25120,692503
25121,692501
25122,692503
25123,692502
25124,692503
25125,692503
25126,692502
25127,692502
25128,692502
25129,692503
25130,692503
25131,692503
25132,692503
25133,692503
25134,692503
25135,692503
25136,692503
25137,692503
25138,692503
25139,692502
25140,692502
25141,692503
25142,692503
25143,692503
25145,692503
25146,692503
25148,692502
25149,692503
25150,692503
25151,692503
25152,692503
25153,692503
25154,692503
25155,692502
25156,692503
25157,692503
25158,692503
25161,692502
25163,692502
25164,692503
25165,692503
25166,692503
25167,692503
25168,692503
25169,692503
25170,692503
25171,692502
25172,692503
25173,692502
25174,692503
25175,692502
25176,692503
25177,692503
25179,692502
25180,692503
25181,692503
25182,692503
25183,692502
25185,692502
25186,692503
25189,692503
25190,692502
25191,692503
25192,692503
25193,692502
25194,692503
25196,692502
25197,692503
25200,692503
25201,692502
25202,692502
25203,692502
25204,692503
25205,692503
25206,692503
25207,692503
25208,692502
25209,692502
25210,692503
25211,692503
25212,692503
25215,692502
25216,692503
25217,692503
25218,692503
25219,692503
25220,692503
25221,692502
25222,692503
25223,692503
25224,692503
25225,692503
25226,692503
25227,692502
25228,692503
25230,692503
25231,692503
25232,692503
25233,692503
25234,692502
25238,692503
25239,692502
25240,692503
25242,692503
25243,692501
25244,692503
25245,692502
25247,692501
25248,692503
25249,692503
25250,692503
25251,692503
25252,692503
25253,692503
25254,692503
25255,692503
25901,692502
25902,692503
25903,692502
25904,692502
25905,692503
25906,692502
25907,692503
25908,692502
25909,692502
25910,692502
25911,692503
25912,692503
25913,692502
26001,762601
26002,762601
26003,762602
26004,762602
26005,762601
26006,762601
26007,762601
26008,762601
26009,762601
26010,762601
26011,762601
26012,762602
26013,762601
26014,762602
26015,762601
26016,762601
26017,762602
26018,762601
26019,762601
26020,762601
26021,762601
26022,762601
26023,762602
26024,762601
26025,762601
26026,762602
26027,762602
26028,762601
26029,762601
26030,762601
26031,762602
26032,762602
26033,762601
26034,762601
26035,762602
26036,762601
26037,762602
26038,762602
26039,762601
26040,762601
26041,762602
26042,762601
26043,762601
26044,762602
26045,762601
26046,762601
26047,762602
26048,762601
26049,762601
26050,762601
26051,762601
26052,762601
26053,762601
26054,762602
26055,762601
26056,762601
26057,762601
26058,762602
26059,762601
26060,762602
26061,762602
26062,762601
26063,762601
26064,762601
26065,762601
26066,762601
26067,762602
26068,762601
26069,762601
26070,762601
26071,762601
26072,762601
26073,762601
26074,762601
26075,762601
26076,762601
26077,762602
26078,762601
26079,762601
26080,762602
26081,762602
26082,762602
26083,762601
26084,762601
26086,762602
26087,762601
26088,762601
26089,762601
26091,762602
26092,762601
26093,762602
26094,762602
26095,762602
26096,762601
26098,762602
26099,762601
26100,762602
26101,762602
26102,762601
26103,762601
26104,762602
26105,762601
26106,762602
26107,762602
26108,762601
26109,762601
26110,762602
26111,762601
26112,762602
26113,762602
26114,762602
26115,762602
26117,762601
26118,762602
26119,762601
26120,762601
26121,762602
26122,762602
26123,762601
26124,762601
26125,762601
26126,762602
26127,762601
26128,762601
26129,762601
26130,762602
26131,762601
26132,762602
26134,762601
26135,762601
26136,762601
26138,762601
26139,762601
26140,762602
26141,762602
26142,762601
26143,762601
26144,762601
26145,762601
26146,762601
26147,762602
26148,762601
26149,762602
26150,762601
26151,762602
26152,762601
26153,762602
26154,762601
26155,762601
26157,762601
26158,762601
26160,762601
26161,762602
26162,762602
26163,762601
26164,762602
26165,762602
26166,762601
26167,762601
26168,762601
26169,762602
26170,762601
26171,762602
26172,762602
26173,762601
26174,762601
26175,762602
26176,762602
26177,762602
26178,762602
26179,762602
26180,762601
26181,762602
26183,762602
27001,712702
27002,712701
27003,712702
27004,712703
27005,712701
27006,712703
27007,712702
27008,712704
27009,712704
27010,712702
27011,712702
27012,712703
27013,712701
27014,712702
27015,712702
27016,712704
27017,712703
27018,712703
27019,712701
27020,712702
27021,712702
27022,712702
27023,712702
27024,712703
27025,712701
27026,712702
27027,712701
27028,712702
27029,712702
27030,712701
27031,712704
27032,712702
27033,712702
27034,712703
27035,712703
27037,712703
27038,712701
27039,712702
27040,712702
27041,712704
27042,712702
27043,712702
27044,712702
27045,712703
27046,712702
27047,712704
27048,712701
27049,712702
27050,712704
27051,712701
27052,712704
27053,712703
27054,712702
27055,712703
27056,712702
27057,712702
27058,712704
27059,712704
27060,712704
27061,712701
27062,712703
27063,712701
27064,712701
27065,712702
27066,712701
27901,712703
27902,712701
28001,722801
28002,722802
28003,722801
28004,722803
28005,722802
28006,722802
28007,722802
28008,722803
28009,722802
28010,722801
28011,722803
28012,722802
28013,722803
28014,722802
28015,722803
28016,722801
28017,722803
28018,722801
28019,722803
28020,722801
28021,722801
28022,722802
28023,722801
28024,722801
28025,722803
28026,722803
28027,722801
28028,722801
28029,722801
28030,722801
28031,722803
28032,722802
28033,722802
28034,722801
28035,722803
28036,722803
28037,722803
28038,722801
28039,722801
28040,722803
28041,722802
28042,722803
28043,722803
28044,722801
28045,722801
28046,722801
28047,722801
28048,722802
28049,722802
28050,722803
28051,722803
28052,722803
28053,722802
28054,722801
28055,722803
28056,722801
28057,722802
28058,722802
28059,722802
28060,722803
28061,722801
28062,722801
28063,722801
28064,722801
28065,722802
28066,722803
28067,722801
28068,722801
28069,722801
28070,722801
28071,722801
28072,722801
28073,722803
28074,722802
28075,722802
28076,722801
28078,722801
28079,722802
28080,722802
28082,722801
28083,722802
28084,722802
28085,722801
28086,722801
28087,722801
28088,722801
28089,722803
28090,722801
28091,722803
28092,722802
28093,722801
28094,722801
28095,722803
28096,722803
28097,722801
28099,722803
28100,722803
28101,722803
28102,722803
28104,722802
28106,722803
28107,722801
28108,722801
28109,722803
28110,722803
28111,722803
28112,722801
28113,722803
28114,722801
28115,722802
28116,722802
28117,722801
28118,722801
28119,722803
28120,722801
28121,722801
28122,722802
28123,722802
28124,722801
28125,722801
28126,722801
28127,722802
28128,722803
28129,722801
28130,722802
28131,722801
28132,722803
28133,722803
28134,722802
28135,722801
28136,722802
28137,722802
28138,722801
28140,722803
28141,722803
28143,722801
28144,722801
28145,722801
28146,722803
28147,722803
28148,722802
28149,722803
28150,722803
28151,722801
28152,722801
28153,722801
28154,722802
28155,722803
28156,722802
28157,722803
28158,722801
28159,722801
28160,722801
28161,722803
28162,722802
28163,722801
28164,722801
28165,722803
28166,722802
28167,722802
28168,722801
28169,722801
28170,722803
28171,722803
28172,722802
28173,722803
28174,722803
28175,722803
28176,722803
28177,722803
28178,722803
28179,722803
28180,722803
28181,722802
28182,722801
28183,722801
28901,722801
28902,722801
28903,722802
29001,612901
29002,612904
29003,612904
29004,612904
29005,612904
29006,612902
29007,612903
29008,612903
29009,612904
29010,612901
29011,612903
29012,612903
29013,612903
29014,612902
29015,612901
29016,612904
29017,612901
29018,612902
29019,612904
29020,612902
29021,612902
29022,612902
29023,612903
29024,612902
29025,612903
29026,612904
29027,612904
29028,612902
29029,612902
29030,612904
29031,612902
29032,612901
29033,612904
29034,612904
29035,612901
29036,612903
29037,612902
29038,612903
29039,612904
29040,612903
29041,612903
29042,612903
29043,612904
29044,612904
29045,612904
29046,612902
29047,612901
29048,612902
29049,612901
29050,612904
29051,612903
29052,612902
29053,612904
29054,612903
29055,612901
29056,612902
29057,612902
29058,612903
29059,612901
29060,612902
29061,612903
29062,612904
29063,612902
29064,612902
29065,612902
29066,612904
29067,612903
29068,612903
29069,612903
29070,612903
29071,612904
29072,612901
29073,612903
29074,612902
29075,612904
29076,612903
29077,612902
29079,612904
29080,612903
29081,612902
29082,612904
29083,612904
29084,612902
29085,612904
29086,612904
29087,612904
29088,612901
29089,612901
29090,612903
29091,612904
29092,612904
29093,612903
29094,612904
29095,612901
29096,612901
29097,612901
29098,612901
29099,612904
29100,612903
29901,612903
29902,612901
29903,612902
29904,612902
30001,733003
30002,733003
30003,733004
30004,733003
30005,733003
30006,733004
30007,733003
30008,733004
30009,733003
30010,733003
30011,733003
30012,733002
30013,733002
30014,733003
30015,733002
30016,733005
30017,733002
30018,733003
30019,733003
30020,733003
30021,733005
30022,733001
30023,733003
30024,733004
30025,733003
30026,733005
30027,733003
30028,733002
30029,733003
30030,733003
30031,733003
30032,733003
30033,733004
30034,733003
30035,733005
30036,733005
30037,733005
30038,733003
30039,733004
30040,733003
30041,733005
30042,733003
30043,733001
30901,733003
30902,733005
31001,743102
31002,743102
31003,743103
31004,743103
31005,743102
31006,743104
31007,743102
31008,743102
31009,743102
31010,743102
31011,743102
31012,743104
31013,743102
31014,743102
31015,743104
31016,743102
31017,743102
31018,743102
31019,743102
31020,743102
31021,743102
31022,743101
31023,743102
31024,743101
31025,743102
31026,743104
31027,743102
31028,743103
31029,743104
31030,743102
31031,743102
31032,743104
31033,743103
31034,743103
31035,743104
31036,743104
31037,743102
31038,743102
31039,743102
31040,743102
31041,743102
31042,743104
31043,743102
31044,743102
31045,743102
31046,743102
31047,743104
31048,743104
31049,743102
31050,743101
31051,743102
31052,743102
31053,743104
31054,743101
31055,743102
31056,743102
31057,743104
31058,743103
31059,743103
31060,743102
31061,743104
31062,743104
31063,743102
31064,743104
31065,743104
31066,743104
31067,743102
31068,743104
31069,743102
31070,743104
31071,743102
31072,743104
31073,743102
31074,743102
31075,743102
31076,743102
31077,743104
31078,743104
31079,743104
31080,743102
31081,743101
31082,743101
31083,743102
31084,743102
31085,743102
31086,743102
31087,743101
31088,743102
31089,743102
31090,743101
31091,743102
31092,743103
31093,743103
31094,743102
31095,743103
31096,743102
31097,743102
31098,743103
31099,743102
31100,743102
31101,743102
31102,743101
31103,743102
31104,743104
31105,743104
31106,743104
31107,743104
31108,743104
31109,743102
31110,743102
31111,743103
31112,743103
31113,743103
31114,743102
31115,743103
31116,743102
31117,743101
31118,743102
31119,743103
31120,743102
31121,743102
31122,743102
31123,743102
31124,743102
31125,743102
31126,743102
31127,743102
31128,743103
31129,743101
31130,743102
31131,743102
31132,743102
31133,743103
31134,743103
31135,743102
31136,743102
31137,743101
31138,743102
31139,743102
31140,743102
31141,743102
31142,743102
31143,743102
31144,743102
31145,743104
31146,743102
31147,743102
31148,743102
31149,743101
31150,743102
31151,743102
31152,743104
31153,743101
31154,743102
31155,743102
31156,743102
31157,743104
31158,743102
31159,743102
31160,743102
31161,743102
31162,743102
31163,743104
31164,743102
31165,743104
31166,743102
31167,743102
31168,743102
31169,743104
31170,743102
31171,743104
31172,743102
31173,743104
31174,743102
31175,743102
31176,743104
31177,743102
31178,743104
31179,743102
31180,743102
31181,743102
31182,743102
31183,743102
31184,743102
31185,743103
31186,743102
31187,743101
31188,743102
31189,743102
31190,743102
31191,743102
31192,743102
31193,743102
31194,743102
31195,743103
31196,743103
31197,743102
31198,743103
31199,743103
31200,743102
31201,743102
31202,743104
31203,743102
31204,743102
31205,743102
31206,743102
31207,743102
31208,743104
31209,743102
31210,743103
31211,743103
31212,743102
31213,743101
31214,743102
31215,743104
31216,743102
31217,743102
31219,743104
31220,743102
31221,743101
31222,743103
31223,743104
31224,743104
31225,743102
31226,743101
31227,743102
31228,743102
31229,743102
31230,743102
31231,743104
31232,743104
31233,743104
31234,743102
31235,743102
31236,743102
31237,743102
31238,743102
31239,743101
31240,743102
31241,743102
31242,743102
31243,743102
31244,743101
31245,743103
31246,743102
31247,743103
31248,743103
31249,743104
31250,743101
31251,743104
31252,743103
31253,743102
31254,743104
31255,743102
31256,743103
31257,743102
31258,743102
31259,743101
31260,743102
31261,743102
31262,743102
31263,743101
31264,743101
31265,743102
31901,743102
31902,743102
31903,743102
31904,743102
31905,743102
31906,743102
31907,743102
31908,743102
32001,713203
32002,713201
32003,713202
32004,713201
32005,713203
32006,713203
32007,713203
32008,713202
32009,713205
32010,713202
32011,713201
32012,713203
32013,713201
32014,713203
32015,713204
32016,713203
32017,713204
32018,713202
32019,713201
32020,713202
32021,713203
32022,713202
32023,713204
32024,713203
32025,713202
32026,713201
32027,713202
32028,713203
32029,713204
32030,713203
32031,713204
32032,713203
32033,713203
32034,713204
32035,713201
32036,713203
32037,713204
32038,713205
32039,713203
32040,713202
32041,713203
32042,713203
32043,713204
32044,713204
32045,713201
32046,713202
32047,713203
32048,713204
32049,713204
32050,713203
32051,713203
32052,713202
32053,713203
32054,713202
32055,713203
32056,713202
32057,713204
32058,713202
32059,713201
32060,713205
32061,713201
32062,713203
32063,713204
32064,713202
32065,713202
32066,713203
32067,713203
32068,713203
32069,713202
32070,713204
32071,713204
32072,713205
32073,713205
32074,713202
32075,713202
32076,713201
32077,713203
32078,713203
32079,713202
32080,713204
32081,713202
32082,713203
32083,713204
32084,713203
32085,713203
32086,713204
32087,713201
32088,713205
32089,713203
32090,713203
32091,713203
32092,713204
33001,633303
33002,633305
33003,633305
33004,633301
33005,633304
33006,633304
33007,633303
33008,633305
33009,633304
33010,633304
33011,633303
33012,633305
33013,633302
33014,633302
33015,633305
33016,633301
33017,633301
33018,633301
33019,633302
33020,633301
33021,633301
33022,633303
33023,633301
33024,633302
33025,633302
33026,633304
33027,633303
33028,633303
33029,633303
33030,633301
33031,633304
33032,633304
33033,633305
33034,633301
33035,633304
33036,633302
33037,633304
33038,633304
33039,633301
33040,633304
33041,633301
33042,633304
33043,633305
33044,633304
33045,633305
33046,633305
33047,633305
33048,633303
33049,633305
33050,633305
33051,633301
33052,633304
33053,633305
33054,633304
33055,633302
33056,633302
33057,633304
33058,633304
33059,633304
33060,633304
33061,633303
33062,633303
33063,633303
33064,633304
33065,633304
33066,633304
33067,633305
33068,633305
33069,633301
33070,633301
33071,633303
33072,633305
33073,633303
33074,633303
33075,633303
33076,633302
33077,633303
33078,633304
34001,673402
34003,673402
34004,673402
34005,673402
34006,673402
34009,673402
34010,673402
34011,673402
34012,673402
34015,673402
34017,673402
34018,673402
34019,673402
34020,673401
34022,673402
34023,673402
34024,673402
34025,673402
34027,673401
34028,673401
34029,673402
34031,673402
34032,673402
34033,673402
34034,673402
34035,673402
34036,673401
34037,673402
34038,673402
34039,673402
34041,673402
34042,673402
34045,673402
34046,673402
34047,673402
34048,673402
34049,673401
34050,673402
34051,673402
34052,673402
34053,673402
34055,673402
34056,673401
34057,673402
34058,673402
34059,673402
34060,673402
34061,673402
34062,673401
34063,673402
34066,673402
34067,673401
34068,673402
34069,673402
34070,673402
34071,673402
34072,673402
34073,673401
34074,673402
34076,673402
34077,673402
34079,673402
34080,673401
34081,673402
34082,673402
34083,673402
34084,673402
34086,673402
34087,673402
34088,673402
34089,673402
34091,673402
34092,673402
34093,673402
34094,673402
34096,673402
34098,673402
34099,673402
34100,673401
34101,673402
34102,673402
34103,673402
34104,673402
34106,673402
34107,673402
34108,673402
34109,673402
34110,673401
34112,673402
34113,673402
34114,673402
34116,673402
34120,673402
34121,673402
34122,673402
34123,673402
34124,673401
34125,673402
34126,673402
34127,673402
34129,673401
34130,673402
34131,673402
34132,673402
34133,673402
34134,673401
34135,673402
34136,673402
34137,673402
34139,673402
34140,673401
34141,673402
34143,673402
34146,673402
34147,673402
34149,673402
34151,673401
34152,673402
34154,673402
34155,673402
34156,673402
34157,673402
34158,673401
34159,673402
34160,673401
34161,673402
34163,673402
34165,673402
34167,673402
34168,673402
34169,673402
34170,673402
34171,673401
34174,673402
34175,673402
34176,673402
34177,673402
34178,673402
34179,673401
34180,673402
34181,673402
34182,673402
34184,673402
34185,673401
34186,673402
34189,673402
34190,673402
34192,673402
34196,673402
34199,673401
34201,673402
34202,673402
34204,673402
34205,673402
34206,673402
34208,673402
34210,673402
34211,673402
34213,673402
34214,673401
34215,673402
34216,673402
34217,673402
34218,673402
34220,673402
34221,673402
34222,673402
34223,673402
34224,673402
34225,673402
34227,673402
34228,673402
34229,673402
34230,673402
34231,673402
34232,673402
34233,673402
34234,673402
34236,673402
34237,673402
34238,673402
34240,673402
34241,673402
34242,673402
34243,673402
34245,673402
34246,673402
34901,673402
34902,673402
34903,673402
34904,673401
35001,659001
35002,659004
35003,659201
35004,659101
35005,659004
35006,659001
35007,659201
35008,659001
35009,659001
35010,659101
35011,659004
35012,659004
35013,659001
35014,659201
35015,659201
35016,659001
35017,659201
35018,659101
35019,659004
35020,659004
35021,659001
35022,659004
35023,659001
35024,659101
35025,659003
35026,659004
35027,659001
35028,659101
35029,659101
35030,659201
35031,659004
35032,659001
35033,659003
35034,659101
36001,713603
36002,713601
36003,713601
36004,713601
36005,713601
36006,713601
36007,713602
36008,713601
36009,713602
36010,713601
36013,713602
36014,713603
36015,713602
36016,713602
36017,713602
36018,713602
36019,713602
36020,713602
36021,713601
36022,713601
36023,713603
36024,713602
36025,713602
36026,713601
36027,713601
36028,713601
36029,713601
36030,713603
36031,713603
36032,713602
36033,713601
36034,713603
36035,713601
36036,713601
36037,713601
36038,713601
36039,713603
36040,713601
36041,713601
36042,713603
36043,713601
36044,713601
36045,713601
36046,713601
36047,713602
36048,713603
36049,713603
36050,713603
36051,713601
36052,713602
36053,713601
36054,713603
36055,713603
36056,713601
36057,713601
36058,713601
36059,713602
36060,713601
36061,713601
36901,713601
36902,713602
37001,673701
37002,673702
37003,673701
37004,673701
37005,673701
37006,673701
37007,673701
37008,673701
37009,673701
37010,673702
37011,673701
37012,673701
37013,673703
37014,673701
37015,673701
37016,673701
37017,673701
37018,673702
37019,673701
37020,673701
37021,673701
37022,673701
37023,673701
37024,673701
37025,673701
37026,673701
37027,673701
37028,673701
37029,673701
37030,673701
37031,673701
37032,673701
37033,673701
37034,673701
37035,673701
37036,673702
37037,673701
37038,673701
37039,673701
37040,673701
37041,673702
37042,673701
37044,673701
37045,673702
37046,673702
37047,673701
37049,673701
37050,673701
37051,673701
37052,673701
37054,673701
37055,673701
37056,673701
37057,673701
37058,673701
37059,673701
37060,673701
37061,673702
37062,673701
37063,673702
37065,673701
37067,673701
37068,673701
37069,673701
37070,673701
37071,673703
37072,673701
37073,673701
37074,673701
37077,673701
37078,673702
37079,673701
37080,673702
37081,673701
37082,673701
37083,673701
37085,673701
37086,673701
37087,673701
37088,673701
37089,673702
37090,673703
37091,673701
37092,673701
37096,673701
37097,673701
37098,673703
37099,673702
37100,673701
37101,673701
37102,673703
37103,673701
37104,673702
37106,673701
37107,673701
37108,673701
37109,673703
37110,673701
37112,673703
37113,673701
37114,673701
37115,673701
37116,673701
37117,673701
37118,673701
37119,673701
37120,673701
37121,673701
37122,673701
37123,673701
37124,673703
37125,673702
37126,673701
37127,673701
37128,673701
37129,673701
37130,673701
37131,673702
37132,673701
37133,673702
37134,673701
37135,673701
37136,673701
37137,673701
37138,673702
37139,673702
37140,673701
37141,673701
37142,673701
37143,673701
37144,673701
37145,673701
37146,673701
37147,673703
37148,673701
37149,673701
37150,673701
37151,673701
37152,673701
37154,673701
37155,673702
37156,673701
37157,673701
37158,673703
37159,673703
37160,673701
37161,673703
37162,673701
37163,673702
37164,673701
37165,673701
37166,673701
37167,673701
37168,673703
37169,673701
37170,673701
37171,673702
37172,673702
37173,673701
37174,673701
37175,673701
37176,673703
37177,673702
37178,673701
37179,673701
37180,673701
37181,673701
37182,673701
37183,673701
37184,673701
37185,673701
37186,673701
37187,673701
37188,673701
37189,673702
37190,673701
37191,673701
37192,673701
37193,673703
37194,673703
37195,673703
37196,673703
37197,673703
37198,673701
37199,673702
37200,673701
37201,673703
37202,673701
37203,673701
37204,673701
37205,673701
37206,673701
37207,673701
37208,673701
37209,673701
37211,673702
37212,673702
37213,673702
37214,673702
37215,673701
37216,673701
37217,673702
37218,673701
37219,673702
37221,673701
37222,673701
37223,673701
37224,673701
37225,673701
37226,673701
37228,673701
37229,673701
37230,673701
37231,673701
37232,673701
37233,673701
37234,673701
37235,673701
37236,673701
37237,673701
37238,673701
37239,673701
37240,673701
37241,673701
37242,673701
37243,673701
37244,673702
37245,673701
37246,673701
37247,673701
37248,673701
37249,673701
37250,673701
37251,673703
37252,673703
37253,673701
37254,673701
37255,673701
37256,673701
37257,673701
37258,673701
37259,673703
37260,673701
37261,673701
37262,673701
37263,673702
37264,673701
37265,673701
37266,673701
37267,673701
37268,673702
37269,673701
37270,673701
37271,673701
37272,673701
37273,673701
37274,673701
37275,673701
37276,673701
37277,673701
37278,673701
37279,673701
37280,673701
37281,673701
37282,673702
37283,673701
37284,673703
37285,673701
37286,673703
37287,673703
37288,673701
37289,673701
37290,673701
37291,673701
37292,673701
37293,673701
37294,673701
37296,673701
37297,673701
37298,673703
37299,673701
37300,673703
37301,673701
37302,673701
37303,673701
37304,673701
37305,673703
37306,673702
37307,673702
37309,673703
37310,673701
37311,673701
37312,673702
37313,673703
37314,673701
37315,673701
37316,673701
37317,673701
37318,673701
37319,673701
37320,673701
37321,673701
37322,673701
37323,673701
37324,673701
37325,673703
37327,673701
37328,673701
37329,673701
37330,673701
37331,673703
37332,673703
37333,673703
37334,673703
37335,673701
37336,673701
37337,673701
37338,673701
37339,673703
37340,673701
37341,673703
37342,673701
37343,673702
37344,673701
37345,673701
37346,673702
37347,673701
37348,673701
37349,673701
37350,673701
37351,673701
37352,673701
37353,673701
37354,673701
37355,673703
37356,673701
37357,673701
37358,673701
37359,673701
37360,673701
37361,673701
37362,673701
37363,673701
37364,673701
37365,673701
37366,673701
37367,673701
37368,673701
37369,673701
37370,673701
37371,673701
37372,673701
37373,673701
37374,673701
37375,673701
37376,673701
37377,673701
37378,673701
37379,673701
37380,673701
37381,673701
37382,673701
38001,659603
38002,659401
38003,659401
38004,659603
38005,659603
38006,659603
38007,659303
38008,659303
38009,659303
38010,659601
38011,659602
38012,659603
38013,659501
38014,659304
38015,659601
38016,659304
38017,659603
38018,659601
38019,659603
38020,659603
38021,659401
38022,659601
38023,659602
38024,659304
38025,659601
38026,659601
38027,659302
38028,659601
38029,659304
38030,659303
38031,659601
38032,659602
38033,659303
38034,659601
38035,659603
38036,659401
38037,659303
38038,659602
38039,659601
38040,659603
38041,659601
38042,659601
38043,659602
38044,659601
38045,659304
38046,659602
38047,659304
38048,659501
38049,659401
38050,659401
38051,659601
38052,659603
38053,659303
38901,659501
39001,663901
39002,663903
39003,663903
39004,663903
39005,663901
39006,663901
39007,663903
39008,663901
39009,663901
39010,663903
39011,663901
39012,663901
39013,663902
39014,663903
39015,663902
39016,663901
39017,663903
39018,663901
39019,663901
39020,663901
39021,663903
39022,663902
39023,663901
39024,663901
39025,663903
39026,663903
39027,663904
39028,663901
39029,663901
39030,663903
39031,663901
39032,663903
39033,663901
39034,663903
39035,663901
39036,663901
39037,663901
39038,663901
39039,663903
39040,663901
39041,663903
39042,663901
39043,663901
39044,663901
39045,663903
39046,663903
39047,663901
39048,663901
39049,663902
39050,663902
39051,663903
39052,663901
39053,663903
39054,663901
39055,663902
39056,663903
39057,663903
39058,663903
39059,663904
39060,663901
39061,663901
39062,663901
39063,663903
39064,663901
39065,663904
39066,663903
39067,663903
39068,663901
39069,663903
39070,663903
39071,663903
39072,663903
39073,663901
39074,663903
39075,663901
39076,663901
39077,663903
39078,663903
39079,663901
39080,663901
39081,663903
39082,663903
39083,663903
39084,663901
39085,663901
39086,663903
39087,663901
39088,663902
39089,663903
39090,663901
39091,663901
39092,663904
39093,663904
39094,663904
39095,663901
39096,663902
39097,663903
39098,663903
39099,663901
39100,663903
39101,663903
39102,663901
40001,674001
40002,674002
40003,674001
40004,674001
40005,674001
40006,674001
40007,674002
40008,674001
40009,674001
40010,674001
40012,674001
40013,674001
40014,674001
40015,674001
40016,674001
40017,674001
40018,674001
40019,674002
40020,674002
40021,674001
40022,674001
40024,674002
40025,674001
40026,674002
40028,674001
40029,674001
40030,674001
40031,674002
40032,674002
40033,674002
40034,674002
40035,674001
40036,674001
40037,674001
40039,674001
40040,674001
40041,674001
40043,674001
40044,674001
40045,674002
40046,674002
40047,674001
40048,674001
40049,674002
40051,674001
40052,674001
40053,674002
40054,674002
40055,674001
40056,674001
40057,674001
40058,674001
40059,674002
40060,674001
40061,674001
40062,674002
40063,674001
40065,674001
40068,674001
40069,674001
40070,674002
40071,674001
40072,674001
40073,674001
40074,674001
40075,674001
40076,674002
40077,674002
40078,674001
40079,674002
40080,674001
40081,674001
40082,674001
40083,674001
40084,674001
40086,674001
40087,674001
40088,674001
40089,674001
40091,674001
40092,674001
40093,674002
40094,674001
40095,674001
40097,674001
40099,674001
40100,674001
40101,674001
40103,674001
40104,674002
40105,674001
40106,674001
40107,674001
40108,674001
40109,674001
40110,674001
40111,674001
40112,674002
40113,674002
40115,674001
40118,674001
40119,674001
40120,674001
40121,674001
40122,674001
40123,674002
40124,674001
40125,674002
40126,674001
40127,674001
40128,674001
40129,674001
40130,674001
40131,674001
40132,674001
40134,674001
40135,674001
40136,674001
40138,674001
40139,674002
40140,674001
40141,674001
40142,674001
40143,674001
40144,674001
40145,674001
40146,674002
40148,674001
40149,674001
40150,674002
40151,674001
40152,674002
40154,674001
40155,674002
40156,674002
40157,674002
40158,674001
40159,674001
40160,674001
40161,674001
40162,674002
40163,674001
40164,674001
40165,674001
40166,674001
40168,674001
40170,674002
40171,674002
40172,674002
40173,674001
40174,674001
40176,674001
40177,674001
40178,674001
40179,674001
40180,674001
40181,674002
40182,674001
40183,674001
40184,674002
40185,674001
40186,674002
40188,674002
40189,674001
40190,674002
40191,674002
40192,674001
40193,674001
40194,674002
40195,674001
40196,674001
40198,674001
40199,674002
40200,674001
40201,674001
40202,674001
40203,674002
40204,674001
40205,674001
40206,674002
40207,674002
40208,674001
40210,674001
40211,674002
40212,674001
40213,674002
40214,674001
40215,674001
40216,674001
40218,674001
40219,674001
40220,674002
40221,674002
40222,674001
40223,674002
40224,674002
40225,674002
40228,674001
40229,674001
40230,674001
40231,674001
40233,674002
40234,674001
40901,674002
40902,674001
40903,674001
40904,674002
40905,674001
40906,674002
41001,614103
41002,614101
41003,614102
41004,614102
41005,614102
41006,614102
41007,614102
41008,614103
41009,614101
41010,614102
41011,614102
41012,614102
41013,614102
41014,614103
41015,614102
41016,614102
41017,614102
41018,614102
41019,614102
41020,614102
41021,614102
41022,614102
41023,614102
41024,614102
41025,614102
41026,614103
41027,614101
41028,614102
41029,614102
41030,614102
41031,614101
41032,614101
41033,614101
41034,614102
41035,614103
41036,614102
41037,614103
41038,614102
41039,614102
41040,614102
41041,614103
41042,614102
41043,614102
41044,614102
41045,614102
41046,614103
41047,614102
41048,614101
41049,614102
41050,614103
41051,614102
41052,614102
41053,614102
41054,614103
41055,614102
41056,614102
41057,614101
41058,614102
41059,614102
41060,614102
41061,614102
41062,614103
41063,614102
41064,614102
41065,614102
41066,614101
41067,614102
41068,614102
41069,614102
41070,614102
41071,614102
41072,614103
41073,614101
41074,614102
41075,614102
41076,614103
41077,614102
41078,614101
41079,614102
41080,614101
41081,614102
41082,614103
41083,614101
41084,614102
41085,614102
41086,614102
41087,614102
41088,614101
41089,614102
41090,614103
41091,614102
41092,614102
41093,614102
41094,614102
41095,614102
41096,614102
41097,614102
41098,614102
41099,614102
41100,614103
41101,614102
41102,614102
41901,614102
41902,614102
41903,614102
41904,614102
42001,674201
42003,674203
42004,674201
42006,674202
42007,674202
42008,674203
42009,674202
42010,674201
42011,674201
42012,674201
42013,674201
42014,674201
42015,674202
42016,674202
42017,674201
42018,674202
42019,674201
42020,674202
42021,674202
42022,674201
42023,674203
42024,674201
42025,674203
42026,674203
42027,674201
42028,674201
42029,674203
42030,674202
42031,674203
42032,674202
42033,674202
42034,674201
42035,674203
42036,674202
42037,674202
42038,674202
42039,674201
42041,674202
42042,674201
42043,674202
42044,674202
42045,674201
42046,674201
42048,674203
42049,674202
42050,674202
42051,674201
42052,674203
42053,674203
42054,674201
42055,674201
42056,674201
42057,674201
42058,674202
42059,674202
42060,674201
42061,674201
42062,674201
42063,674202
42064,674201
42065,674201
42068,674202
42069,674201
42070,674201
42071,674202
42073,674201
42075,674201
42076,674202
42078,674201
42079,674202
42080,674201
42081,674201
42082,674201
42083,674202
42084,674202
42085,674202
42086,674202
42087,674201
42088,674202
42089,674201
42090,674202
42092,674201
42093,674201
42094,674201
42095,674201
42096,674202
42097,674202
42098,674201
42100,674201
42103,674202
42105,674203
42106,674201
42107,674201
42108,674202
42110,674201
42111,674202
42113,674203
42115,674203
42116,674202
42117,674201
42118,674202
42119,674202
42120,674203
42121,674201
42123,674202
42124,674201
42125,674201
42127,674202
42128,674201
42129,674201
42130,674202
42131,674202
42132,674201
42134,674201
42135,674201
42139,674201
42140,674201
42141,674201
42142,674201
42144,674202
42145,674202
42148,674201
42149,674202
42151,674201
42152,674203
42153,674203
42154,674201
42155,674203
42156,674201
42157,674203
42158,674202
42159,674201
42160,674201
42161,674201
42162,674202
42163,674201
42164,674201
42165,674201
42166,674201
42167,674202
42168,674201
42171,674202
42172,674202
42173,674201
42174,674201
42175,674201
42176,674201
42177,674202
42178,674201
42181,674202
42182,674203
42183,674202
42184,674202
42185,674202
42187,674201
42188,674201
42189,674202
42190,674201
42191,674201
42192,674201
42193,674201
42194,674202
42195,674202
42196,674201
42197,674202
42198,674201
42200,674202
42201,674201
42202,674202
42204,674202
42205,674201
42206,674202
42207,674201
42208,674201
42209,674201
42211,674201
42212,674203
42213,674202
42215,674201
42216,674201
42217,674201
42218,674201
42219,674203
43001,694302
43002,694303
43003,694305
43004,694304
43005,694302
43006,694305
43007,694302
43008,694305
43009,694305
43010,694302
43011,694302
43012,694303
43013,694304
43014,694304
43015,694305
43016,694303
43017,694305
43018,694301
43019,694301
43020,694303
43021,694302
43022,694301
43023,694305
43024,694303
43025,694305
43026,694305
43027,694305
43028,694303
43029,694302
43030,694303
43031,694305
43032,694301
43033,694305
43034,694302
43035,694305
43036,694302
43037,694303
43038,694304
43039,694305
43040,694305
43041,694301
43042,694302
43043,694303
43044,694305
43045,694305
43046,694302
43047,694303
43048,694301
43049,694305
43050,694303
43051,694303
43052,694305
43053,694305
43054,694302
43055,694305
43056,694301
43057,694305
43058,694305
43059,694302
43060,694301
43061,694302
43062,694304
43063,694304
43064,694301
43065,694305
43066,694303
43067,694305
43068,694304
43069,694305
43070,694305
43071,694301
43072,694305
43073,694302
43074,694303
43075,694305
43076,694305
43077,694305
43078,694304
43079,694303
43080,694302
43081,694302
43082,694305
43083,694302
43084,694305
43085,694305
43086,694302
43088,694304
43089,694303
43090,694302
43091,694305
43092,694304
43093,694305
43094,694305
43095,694303
43096,694305
43097,694303
43098,694302
43099,694301
43100,694303
43101,694302
43102,694305
43103,694303
43104,694304
43105,694302
43106,694305
43107,694302
43108,694302
43109,694303
43110,694301
43111,694303
43112,694305
43113,694302
43114,694305
43115,694305
43116,694305
43117,694301
43118,694305
43119,694302
43120,694302
43121,694305
43122,694302
43123,694303
43124,694305
43125,694301
43126,694303
43127,694305
43128,694305
43129,694304
43130,694302
43131,694303
43132,694303
43133,694305
43134,694303
43135,694303
43136,694304
43137,694303
43138,694304
43139,694302
43140,694303
43141,694302
43142,694302
43143,694302
43144,694302
43145,694302
43146,694302
43147,694302
43148,694303
43149,694305
43150,694305
43151,694305
43152,694301
43153,694303
43154,694305
43155,694305
43156,694304
43157,694305
43158,694302
43159,694302
43160,694302
43161,694302
43162,694304
43163,694303
43164,694303
43165,694302
43166,694302
43167,694304
43168,694305
43169,694305
43170,694302
43171,694303
43172,694302
43173,694305
43174,694305
43175,694301
43176,694302
43177,694301
43178,694304
43901,694304
43902,694304
43903,694304
43904,694304
43905,694303
43906,694304
43907,694303
44001,624401
44002,624402
44003,624401
44004,624403
44005,624401
44006,624403
44007,624401
44008,624403
44009,624401
44010,624402
44011,624402
44012,624402
44013,624403
44014,624403
44016,624401
44017,624402
44018,624401
44019,624401
44020,624401
44021,624402
44022,624403
44023,624401
44024,624402
44025,624403
44026,624402
44027,624403
44028,624401
44029,624403
44031,624403
44032,624401
44033,624401
44034,624401
44035,624401
44036,624401
44037,624403
44038,624403
44039,624401
44040,624403
44041,624401
44042,624401
44043,624402
44044,624402
44045,624401
44046,624401
44047,624401
44048,624402
44049,624403
44050,624401
44051,624403
44052,624401
44053,624401
44054,624402
44055,624401
44056,624401
44059,624402
44060,624402
44061,624403
44062,624401
44063,624402
44064,624401
44065,624401
44066,624402
44067,624403
44068,624403
44070,624402
44071,624402
44074,624401
44075,624401
44076,624401
44077,624403
44080,624403
44082,624401
44084,624402
44085,624401
44086,624403
44087,624403
44088,624402
44089,624401
44090,624401
44092,624401
44093,624402
44094,624401
44096,624403
44097,624401
44099,624402
44100,624403
44101,624401
44102,624401
44103,624402
44105,624403
44106,624402
44107,624403
44108,624403
44109,624401
44110,624402
44111,624401
44112,624401
44113,624402
44114,624403
44115,624401
44116,624403
44117,624401
44118,624403
44119,624401
44120,624401
44121,624402
44122,624403
44123,624402
44124,624402
44125,624402
44126,624402
44127,624401
44128,624402
44129,624403
44130,624401
44131,624402
44132,624401
44133,624401
44135,624401
44136,624401
44137,624402
44138,624401
44141,624403
44142,624402
44143,624402
44144,624402
44145,624403
44146,624403
44147,624403
44148,624402
44149,624402
44150,624402
44151,624402
44152,624401
44153,624401
44154,624403
44155,624402
44156,624401
44157,624401
44158,624402
44159,624401
44160,624402
44161,624402
44163,624401
44164,624401
44165,624402
44167,624402
44168,624401
44169,624401
44171,624402
44172,624403
44173,624403
44174,624401
44175,624401
44176,624402
44177,624401
44178,624403
44179,624403
44180,624401
44181,624401
44182,624401
44183,624402
44184,624402
44185,624401
44187,624403
44189,624401
44190,624401
44191,624403
44192,624402
44193,624402
44194,624403
44195,624401
44196,624401
44197,624401
44198,624401
44199,624401
44200,624401
44201,624402
44203,624402
44204,624401
44205,624403
44206,624402
44207,624401
44208,624401
44209,624401
44210,624402
44211,624402
44212,624403
44213,624401
44215,624401
44216,624401
44217,624401
44218,624401
44219,624401
44220,624401
44221,624403
44222,624401
44223,624403
44224,624402
44225,624403
44226,624401
44227,624401
44228,624401
44229,624401
44230,624403
44231,624402
44232,624401
44234,624401
44235,624401
44236,624402
44237,624403
44238,624402
44239,624401
44240,624402
44241,624403
44243,624401
44244,624402
44245,624403
44246,624403
44247,624403
44249,624401
44250,624401
44251,624401
44252,624401
44256,624402
44257,624401
44258,624401
44260,624402
44261,624401
44262,624402
44263,624401
44264,624401
44265,624403
44266,624401
44267,624402
44268,624402
45001,684503
45002,684502
45003,684502
45004,684502
45005,684502
45006,684502
45007,684502
45008,684501
45009,684502
45010,684502
45011,684501
45012,684503
45013,684501
45014,684502
45015,684502
45016,684503
45017,684502
45018,684502
45019,684502
45020,684502
45021,684502
45022,684501
45023,684503
45024,684502
45025,684502
45026,684504
45027,684504
45028,684502
45029,684502
45030,684502
45031,684502
45032,684502
45033,684503
45034,684504
45035,684502
45036,684502
45037,684502
45038,684502
45039,684502
45040,684502
45041,684502
45042,684503
45043,684502
45045,684502
45046,684502
45047,684502
45048,684502
45049,684502
45050,684504
45051,684502
45052,684503
45053,684504
45054,684504
45055,684503
45056,684502
45057,684503
45058,684502
45059,684504
45060,684502
45061,684502
45062,684502
45063,684503
45064,684502
45065,684502
45066,684502
45067,684503
45068,684501
45069,684502
45070,684502
45071,684504
45072,684502
45073,684502
45074,684501
45075,684503
45076,684502
45077,684502
45078,684504
45079,684501
45080,684502
45081,684502
45082,684502
45083,684503
45084,684504
45085,684502
45086,684502
45087,684504
45088,684502
45089,684502
45090,684504
45091,684502
45092,684503
45093,684501
45094,684504
45095,684502
45096,684503
45097,684502
45098,684503
45099,684502
45100,684502
45101,684504
45102,684502
45103,684503
45104,684502
45105,684501
45106,684504
45107,684503
45108,684503
45109,684503
45110,684502
45111,684502
45112,684503
45113,684503
45114,684501
45115,684504
45116,684503
45117,684501
45118,684502
45119,684502
45120,684501
45121,684504
45122,684502
45123,684504
45124,684504
45125,684502
45126,684502
45127,684502
45128,684502
45129,684501
45130,684502
45131,684501
45132,684502
45133,684502
45134,684502
45135,684504
45136,684502
45137,684502
45138,684502
45139,684503
45140,684503
45141,684504
45142,684504
45143,684502
45144,684501
45145,684502
45146,684503
45147,684502
45148,684503
45149,684504
45150,684502
45151,684503
45152,684502
45153,684503
45154,684502
45155,684502
45156,684504
45157,684502
45158,684502
45159,684501
45160,684502
45161,684502
45162,684503
45163,684503
45164,684501
45165,684502
45166,684504
45167,684504
45168,684502
45169,684502
45170,684503
45171,684502
45172,684502
45173,684502
45174,684503
45175,684504
45176,684502
45177,684504
45179,684502
45180,684502
45181,684502
45182,684503
45183,684502
45184,684502
45185,684504
45186,684504
45187,684504
45188,684502
45189,684502
45190,684504
45191,684504
45192,684504
45193,684504
45194,684502
45195,684504
45196,684502
45197,684504
45198,684504
45199,684502
45200,684503
45201,684502
45202,684504
45203,684502
45204,684502
45205,684502
45901,684502
46001,774601
46002,774604
46003,774603
46004,774603
46005,774602
46006,774603
46007,774602
46008,774604
46009,774602
46010,774602
46011,774604
46012,774602
46013,774602
46014,774602
46015,774602
46016,774604
46017,774604
46018,774602
46019,774604
46020,774603
46021,774602
46022,774602
46023,774604
46024,774602
46025,774602
46026,774604
46027,774603
46028,774602
46029,774604
46030,774602
46031,774604
46032,774602
46033,774604
46034,774604
46035,774604
46036,774601
46037,774604
46038,774601
46039,774603
46040,774604
46041,774601
46042,774603
46043,774603
46044,774603
46045,774603
46046,774604
46047,774603
46048,774604
46049,774603
46050,774601
46051,774602
46052,774602
46053,774604
46054,774602
46055,774604
46056,774603
46057,774603
46058,774602
46059,774604
46060,774604
46061,774604
46062,774603
46063,774604
46064,774604
46065,774602
46066,774604
46067,774602
46068,774603
46069,774603
46070,774602
46071,774603
46072,774603
46073,774603
46074,774602
46075,774603
46076,774601
46077,774602
46078,774602
46079,774601
46080,774601
46081,774603
46082,774602
46083,774604
46084,774604
46085,774604
46086,774603
46087,774601
46088,774601
46089,774601
46090,774603
46091,774604
46092,774601
46093,774604
46094,774602
46095,774601
46096,774603
46097,774603
46098,774604
46099,774603
46100,774604
46101,774602
46102,774602
46103,774602
46104,774603
46105,774604
46106,774601
46107,774603
46108,774601
46109,774602
46110,774602
46111,774602
46112,774601
46113,774604
46114,774601
46115,774604
46116,774602
46117,774602
46118,774603
46119,774604
46120,774602
46121,774603
46122,774602
46123,774604
46124,774603
46125,774604
46126,774602
46127,774604
46128,774603
46129,774601
46130,774604
46131,774604
46132,774603
46133,774601
46134,774602
46135,774602
46136,774602
46137,774603
46138,774603
46139,774604
46140,774604
46141,774601
46142,774603
46143,774604
46144,774603
46145,774603
46146,774604
46147,774602
46148,774601
46149,774601
46150,774603
46151,774603
46152,774602
46153,774604
46154,774603
46155,774604
46156,774604
46157,774603
46158,774604
46159,774602
46160,774604
46161,774602
46162,774604
46163,774602
46164,774602
46165,774602
46166,774602
46167,774603
46168,774604
46169,774602
46170,774603
46171,774602
46172,774602
46173,774603
46174,774603
46175,774603
46176,774604
46177,774602
46178,774602
46179,774603
46180,774603
46181,774604
46182,774602
46183,774603
46184,774603
46185,774603
46186,774602
46187,774604
46188,774604
46189,774603
46190,774602
46191,774602
46192,774602
46193,774602
46194,774602
46195,774604
46196,774604
46197,774604
46198,774604
46199,774602
46200,774603
46201,774601
46202,774602
46203,774604
46204,774602
46205,774602
46206,774603
46207,774602
46208,774604
46209,774604
46210,774603
46211,774604
46212,774604
46213,774601
46214,774602
46215,774604
46216,774602
46217,774603
46218,774604
46219,774603
46220,774602
46221,774603
46222,774604
46223,774602
46224,774602
46225,774603
46226,774603
46227,774604
46228,774602
46229,774601
46230,774602
46231,774604
46232,774601
46233,774604
46234,774601
46235,774604
46236,774604
46237,774602
46238,774604
46239,774603
46240,774603
46241,774601
46242,774601
46243,774603
46244,774602
46245,774602
46246,774604
46247,774601
46248,774602
46249,774601
46250,774602
46251,774603
46252,774601
46253,774603
46254,774601
46255,774604
46256,774602
46257,774604
46258,774601
46259,774601
46260,774602
46261,774602
46262,774601
46263,774603
46902,774602
46903,774602
46904,774604
47001,674701
47002,674701
47003,674701
47004,674701
47005,674701
47006,674701
47007,674701
47008,674701
47009,674701
47010,674701
47011,674701
47012,674701
47013,674701
47014,674701
47015,674701
47016,674701
47017,674701
47018,674701
47019,674701
47020,674701
47021,674701
47022,674701
47023,674701
47024,674701
47025,674701
47026,674701
47027,674701
47028,674701
47029,674701
47030,674701
47031,674701
47032,674701
47033,674701
47034,674701
47035,674701
47036,674701
47037,674701
47038,674701
47039,674701
47040,674701
47041,674701
47042,674701
47043,674701
47044,674701
47045,674701
47046,674701
47047,674701
47048,674701
47049,674701
47050,674701
47051,674701
47052,674701
47053,674701
47054,674701
47055,674701
47056,674701
47057,674701
47058,674701
47059,674701
47060,674701
47061,674701
47062,674701
47063,674701
47064,674701
47065,674701
47066,674701
47067,674701
47068,674701
47069,674701
47070,674701
47071,674701
47073,674701
47074,674701
47075,674701
47076,674701
47077,674701
47078,674701
47079,674701
47080,674701
47081,674701
47082,674701
47083,674701
47084,674701
47085,674701
47086,674701
47087,674701
47088,674701
47089,674701
47090,674701
47091,674701
47092,674701
47093,674701
47094,674701
47095,674701
47096,674701
47097,674701
47098,674701
47099,674701
47100,674701
47101,674701
47102,674701
47103,674701
47104,674701
47105,674701
47106,674701
47109,674701
47110,674701
47111,674701
47112,674701
47113,674701
47114,674701
47115,674701
47116,674701
47117,674701
47118,674701
47119,674701
47121,674701
47122,674701
47123,674701
47124,674701
47125,674701
47126,674701
47127,674701
47128,674701
47129,674701
47130,674701
47131,674701
47132,674701
47133,674701
47134,674701
47135,674701
47137,674701
47138,674701
47139,674701
47140,674701
47141,674701
47142,674701
47143,674701
47144,674701
47145,674701
47146,674701
47147,674701
47148,674701
47149,674701
47150,674701
47151,674701
47152,674701
47153,674701
47154,674701
47155,674701
47156,674701
47157,674701
47158,674701
47159,674701
47160,674701
47161,674701
47162,674701
47163,674701
47164,674701
47165,674701
47166,674701
47167,674701
47168,674701
47169,674701
47170,674701
47171,674701
47172,674701
47173,674701
47174,674701
47175,674701
47176,674701
47177,674701
47178,674701
47179,674701
47180,674701
47181,674701
47182,674701
47183,674701
47184,674701
47185,674701
47186,674701
47187,674701
47188,674701
47189,674701
47190,674701
47191,674701
47192,674701
47193,674701
47194,674701
47195,674701
47196,674701
47197,674701
47198,674701
47199,674701
47200,674701
47203,674701
47204,674701
47205,674701
47206,674701
47207,674701
47208,674701
47209,674701
47210,674701
47211,674701
47212,674701
47213,674701
47214,674701
47215,674701
47216,674701
47217,674701
47218,674701
47219,674701
47220,674701
47221,674701
47222,674701
47223,674701
47224,674701
47225,674701
47226,674701
47227,674701
47228,674701
47229,674701
47230,674701
47231,674701
47232,674701
48001,754802
48002,754802
48003,754802
48004,754801
48005,754802
48006,754802
48007,754801
48008,754802
48009,754802
48010,754801
48011,754802
48012,754801
48013,754802
48014,754801
48015,754802
48016,754801
48017,754801
48018,754801
48019,754802
48020,754802
48021,754801
48022,754802
48023,754802
48024,754802
48025,754802
48026,754802
48027,754802
48028,754801
48029,754802
48030,754801
48031,754801
48032,754802
48033,754801
48034,754802
48035,754801
48036,754802
48037,754802
48038,754801
48039,754802
48040,754801
48041,754801
48042,754802
48043,754801
48044,754801
48045,754802
48046,754801
48047,754801
48048,754801
48049,754801
48050,754802
48051,754802
48052,754801
48053,754801
48054,754801
48055,754802
48056,754801
48057,754801
48058,754802
48059,754802
48060,754801
48061,754801
48062,754801
48063,754801
48064,754801
48065,754802
48066,754801
48067,754801
48068,754801
48069,754801
48070,754801
48071,754801
48072,754802
48073,754801
48074,754802
48075,754802
48076,754801
48077,754801
48078,754801
48079,754801
48080,754802
48081,754801
48082,754801
48083,754802
48084,754801
48085,754801
48086,754802
48087,754802
48088,754802
48089,754801
48090,754802
48091,754802
48092,754802
48093,754802
48094,754802
48095,754802
48096,754802
48097,754802
48901,754801
48902,754801
48903,754801
48904,754801
48905,754801
48906,754801
48907,754801
48908,754801
48909,754801
48910,754802
48911,754801
48912,754802
48913,754801
48914,754801
48915,754801
48916,754802
49002,674902
49003,674902
49004,674902
49005,674902
49006,674902
49007,674902
49008,674902
49009,674902
49010,674902
49011,674902
49012,674902
49013,674902
49014,674902
49015,674902
49016,674902
49017,674902
49018,674902
49019,674902
49020,674902
49021,674902
49022,674902
49023,674902
49024,674902
49025,674902
49026,674902
49027,674902
49028,674902
49029,674902
49030,674902
49031,674902
49032,674902
49033,674902
49034,674902
49035,674902
49036,674902
49037,674902
49038,674902
49039,674902
49040,674902
49041,674902
49042,674902
49043,674902
49044,674902
49046,674902
49047,674902
49048,674902
49050,674902
49052,674902
49053,674902
49054,674902
49055,674902
49056,674902
49057,674902
49058,674902
49059,674902
49061,674902
49062,674901
49063,674902
49064,674902
49065,674902
49066,674902
49067,674902
49068,674902
49069,674902
49071,674902
49075,674902
49076,674902
49077,674902
49078,674902
49079,674902
49080,674902
49081,674902
49082,674902
49083,674902
49084,674902
49085,674901
49086,674902
49087,674902
49088,674902
49090,674902
49091,674902
49092,674902
49093,674902
49094,674901
49095,674902
49096,674902
49097,674902
49098,674902
49099,674902
49100,674901
49101,674902
49102,674902
49103,674902
49104,674902
49105,674902
49107,674902
49108,674902
49109,674902
49110,674902
49111,674902
49112,674902
49113,674902
49114,674902
49115,674902
49116,674902
49117,674902
49118,674902
49119,674902
49120,674902
49121,674902
49122,674902
49123,674902
49124,674902
49125,674902
49126,674902
49127,674902
49128,674902
49129,674902
49130,674902
49131,674902
49132,674902
49133,674902
49134,674901
49135,674902
49136,674902
49137,674902
49138,674902
49139,674902
49141,674902
49142,674902
49143,674902
49145,674902
49146,674902
49147,674902
49148,674902
49149,674902
49150,674902
49151,674902
49152,674902
49153,674902
49154,674901
49155,674902
49156,674902
49157,674902
49158,674902
49159,674902
49160,674902
49162,674901
49163,674902
49164,674902
49165,674902
49166,674902
49167,674902
49168,674902
49169,674902
49170,674902
49171,674902
49172,674902
49173,674902
49174,674901
49175,674902
49176,674902
49177,674902
49178,674902
49179,674901
49180,674902
49181,674901
49183,674902
49184,674902
49185,674902
49186,674902
49187,674902
49188,674902
49189,674901
49190,674902
49191,674902
49192,674902
49193,674902
49194,674902
49197,674902
49199,674902
49200,674902
49201,674902
49202,674902
49203,674902
49204,674902
49205,674902
49206,674902
49207,674902
49208,674902
49209,674902
49210,674902
49214,674902
49216,674902
49219,674902
49220,674902
49221,674902
49222,674902
49223,674902
49224,674901
49225,674902
49226,674902
49227,674902
49228,674902
49229,674902
49230,674902
49231,674902
49232,674902
49233,674902
49234,674902
49235,674902
49236,674902
49237,674902
49238,674902
49239,674902
49240,674902
49241,674902
49242,674902
49243,674902
49244,674902
49245,674902
49246,674902
49247,674902
49248,674902
49249,674902
49250,674902
49251,674902
49252,674902
49255,674902
49256,674902
49257,674902
49258,674902
49259,674902
49260,674902
49261,674902
49262,674902
49263,674902
49264,674902
49265,674902
49266,674902
49267,674902
49268,674902
49269,674902
49270,674902
49271,674902
49272,674902
49273,674902
49275,674902
50001,625002
50002,625002
50003,625002
50004,625002
50005,625002
50006,625002
50007,625002
50008,625003
50009,625002
50010,625002
50011,625002
50012,625003
50013,625003
50014,625002
50015,625002
50016,625002
50017,625003
50018,625002
50019,625003
50020,625002
50021,625002
50022,625003
50023,625002
50024,625002
50025,625002
50026,625002
50027,625002
50028,625002
50029,625002
50030,625002
50031,625002
50032,625002
50033,625001
50034,625002
50035,625001
50036,625001
50037,625002
50038,625002
50039,625002
50040,625002
50041,625001
50042,625002
50043,625003
50044,625002
50045,625002
50046,625002
50047,625002
50048,625002
50050,625002
50051,625001
50052,625002
50053,625003
50054,625002
50055,625002
50056,625003
50057,625002
50058,625002
50059,625003
50060,625002
50061,625002
50062,625003
50063,625002
50064,625003
50065,625002
50066,625003
50067,625002
50068,625002
50069,625002
50070,625002
50071,625002
50072,625002
50073,625002
50074,625003
50075,625002
50076,625002
50077,625001
50078,625001
50079,625002
50080,625002
50081,625002
50082,625002
50083,625003
50084,625002
50085,625002
50086,625002
50087,625002
50088,625002
50089,625003
50090,625002
50091,625002
50092,625003
50093,625002
50094,625002
50095,625001
50096,625002
50098,625002
50099,625002
50100,625001
50101,625003
50102,625003
50104,625003
50105,625003
50106,625002
50107,625003
50108,625002
50109,625001
50110,625002
50111,625002
50113,625002
50114,625002
50115,625003
50116,625002
50117,625002
50118,625003
50119,625003
50120,625002
50121,625002
50122,625002
50123,625003
50124,625002
50125,625002
50126,625002
50128,625001
50129,625002
50130,625002
50131,625003
50132,625003
50133,625002
50134,625002
50135,625001
50136,625002
50137,625003
50138,625002
50139,625002
50140,625002
50141,625002
50142,625001
50143,625002
50144,625001
50146,625002
50147,625003
50148,625001
50149,625002
50150,625002
50151,625001
50152,625003
50153,625002
50154,625002
50155,625002
50156,625002
50157,625002
50159,625002
50160,625002
50161,625002
50162,625002
50163,625003
50164,625003
50165,625003
50166,625002
50167,625002
50168,625001
50169,625002
50170,625003
50171,625002
50172,625002
50173,625002
50174,625002
50175,625002
50176,625002
50177,625002
50178,625002
50179,625002
50180,625003
50181,625002
50182,625002
50183,625002
50184,625002
50185,625001
50186,625001
50187,625002
50188,625002
50189,625003
50190,625002
50191,625002
50192,625002
50193,625003
50194,625002
50195,625002
50196,625002
50197,625001
50198,625002
50199,625003
50200,625002
50201,625002
50202,625002
50203,625003
50204,625003
50205,625001
50206,625003
50207,625001
50208,625003
50209,625003
50210,625001
50211,625002
50212,625003
50213,625002
50214,625002
50215,625002
50216,625002
50217,625003
50218,625002
50219,625003
50220,625001
50221,625002
50222,625003
50223,625003
50224,625002
50225,625002
50227,625002
50228,625002
50229,625002
50230,625001
50231,625002
50232,625001
50233,625002
50234,625002
50235,625003
50236,625002
50237,625002
50238,625001
50239,625002
50240,625003
50241,625002
50242,625002
50243,625002
50244,625001
50245,625001
50246,625002
50247,625003
50248,625001
50249,625002
50250,625002
50251,625002
50252,625001
50253,625002
50254,625002
50255,625002
50256,625002
50257,625002
50258,625002
50259,625002
50260,625002
50261,625002
50262,625003
50263,625002
50264,625002
50265,625002
50266,625002
50267,625001
50268,625001
50269,625002
50270,625001
50271,625002
50272,625003
50273,625002
50274,625002
50275,625002
50276,625001
50277,625002
50278,625003
50279,625002
50280,625002
50281,625002
50282,625002
50283,625002
50284,625002
50285,625003
50286,625002
50287,625002
50288,625003
50289,625002
50290,625002
50291,625002
50292,625002
50293,625002
50294,625002
50295,625002
50296,625003
50297,625003
50298,625003
50901,625001
50902,625001
50903,625003
51001,785101
52001,795201
