{"type":"FeatureCollection","features":[{"type":"Feature","properties":{"code":"610401"},"geometry":{"type":"Polygon","coordinates":[[[-2.65221,37.33283],[-2.64962,37.31279],[-2.66178,37.2966],[-2.66626,37.24998],[-2.65638,37.22939],[-2.61803,37.24267],[-2.56885,37.24559],[-2.56376,37.25195],[-2.55035,37.24225],[-2.54749,37.22199],[-2.49911,37.20946],[-2.41897,37.22554],[-2.40171,37.26502],[-2.39272,37.25592],[-2.36722,37.25039],[-2.36495,37.25972],[-2.34161,37.25366],[-2.33148,37.2663],[-2.293,37.27685],[-2.29638,37.26596],[-2.27439,37.24834],[-2.2735,37.21282],[-2.2635,37.20522],[-2.23896,37.22369],[-2.20611,37.22784],[-2.1996,37.23816],[-2.15404,37.21604],[-2.13304,37.2142],[-2.12484,37.20004],[-2.09884,37.18953],[-2.10586,37.17632],[-2.05996,37.16026],[-2.03333,37.16143],[-2.00733,37.20855],[-1.98716,37.21553],[-1.98317,37.22598],[-1.94695,37.20157],[-1.91726,37.19221],[-1.88632,37.2204],[-1.89036,37.27149],[-1.93075,37.28682],[-1.94709,37.30092],[-1.89868,37.36304],[-1.84366,37.38724],[-1.84283,37.40508],[-1.80772,37.43392],[-1.84404,37.45528],[-2.01069,37.67298],[-2.00642,37.72023],[-1.9946,37.72849],[-2.0076,37.77539],[-1.99404,37.84183],[-1.97327,37.86891],[-1.99346,37.88092],[-2.02053,37.86895],[-2.06918,37.88493],[-2.08333,37.87277],[-2.10658,37.88171],[-2.12196,37.90089],[-2.17076,37.88913],[-2.20642,37.91701],[-2.24952,37.89762],[-2.26413,37.88139],[-2.28726,37.88558],[-2.29505,37.86113],[-2.28813,37.83192],[-2.30055,37.81067],[-2.27553,37.77666],[-2.30627,37.72371],[-2.30535,37.71066],[-2.31203,37.71182],[-2.32182,37.69531],[-2.32479,37.67618],[-2.3075,37.63561],[-2.31457,37.62264],[-2.34419,37.62967],[-2.36252,37.62192],[-2.39003,37.63293],[-2.36665,37.59202],[-2.37369,37.57828],[-2.36622,37.56349],[-2.37306,37.5578],[-2.35449,37.54744],[-2.35727,37.52274],[-2.37991,37.52337],[-2.39598,37.51383],[-2.41046,37.52539],[-2.41479,37.51643],[-2.43304,37.50993],[-2.45508,37.50988],[-2.45628,37.49128],[-2.51291,37.47998],[-2.56721,37.44684],[-2.57602,37.42949],[-2.64039,37.38825],[-2.63605,37.34379],[-2.65305,37.34133],[-2.65221,37.33283]]]}},{"type":"Feature","properties":{"code":"610402"},"geometry":{"type":"Polygon","coordinates":[[[-2.94771,37.09702],[-2.91065,37.08853],[-2.87781,37.09185],[-2.83393,37.0799],[-2.80284,37.08203],[-2.79,37.09601],[-2.71164,37.07864],[-2.69954,37.0972],[-2.6885,37.0826],[-2.65712,37.08365],[-2.64266,37.07153],[-2.63149,37.07319],[-2.62817,37.0926],[-2.60393,37.11183],[-2.58976,37.09515],[-2.54559,37.06882],[-2.53086,37.04464],[-2.50411,37.04111],[-2.48251,37.05234],[-2.48772,37.06099],[-2.45706,37.03346],[-2.44416,37.01025],[-2.39931,36.98604],[-2.30943,37.00048],[-2.27797,36.9895],[-2.20979,37.01902],[-2.19941,37.0102],[-2.14313,37.00066],[-2.09985,36.99561],[-2.07357,37.00029],[-2.0463,36.9818],[-2.01786,36.97719],[-2.00256,36.98477],[-1.98791,37.02464],[-2.00238,37.06559],[-1.99445,37.08175],[-2.00427,37.12825],[-2.0175,37.13959],[-1.99799,37.15164],[-1.95894,37.15721],[-1.94943,37.19834],[-1.98317,37.22598],[-1.98716,37.21553],[-2.00733,37.20855],[-2.03333,37.16143],[-2.05996,37.16026],[-2.10586,37.17632],[-2.09884,37.18953],[-2.12484,37.20004],[-2.13304,37.2142],[-2.15404,37.21604],[-2.1996,37.23816],[-2.20611,37.22784],[-2.23896,37.22369],[-2.2635,37.20522],[-2.2735,37.21282],[-2.27439,37.24834],[-2.29638,37.26596],[-2.293,37.27685],[-2.33148,37.2663],[-2.34161,37.25366],[-2.36495,37.25972],[-2.36722,37.25039],[-2.39272,37.25592],[-2.40171,37.26502],[-2.41897,37.22554],[-2.47462,37.21321],[-2.49911,37.20946],[-2.54749,37.22199],[-2.55035,37.24225],[-2.56376,37.25195],[-2.56885,37.24559],[-2.64945,37.23559],[-2.66337,37.21229],[-2.69148,37.21769],[-2.73177,37.23778],[-2.73874,37.22922],[-2.75778,37.22718],[-2.77083,37.23957],[-2.77775,37.26312],[-2.81363,37.27135],[-2.81811,37.27879],[-2.84332,37.27988],[-2.85786,37.25094],[-2.86817,37.24602],[-2.87973,37.18757],[-2.89405,37.16751],[-2.92789,37.15703],[-2.92933,37.14027],[-2.94573,37.12267],[-2.94771,37.09702]]]}},{"type":"Feature","properties":{"code":"610403"},"geometry":{"type":"MultiPolygon","coordinates":[[[[-3.12744,36.75136],[-3.03027,36.74772],[-3.0185,36.74124],[-3.02067,36.74787],[-2.97583,36.73861],[-2.92603,36.75224],[-2.89464,36.73679],[-2.84774,36.69567],[-2.81796,36.70656],[-2.78777,36.69875],[-2.79624,36.69596],[-2.77122,36.68157],[-2.69936,36.68321],[-2.64496,36.70306],[-2.61802,36.72822],[-2.59815,36.77594],[-2.56081,36.81708],[-2.50098,36.82523],[-2.48014,36.83636],[-2.46285,36.82618],[-2.47219,36.83738],[-2.42735,36.81089],[-2.40246,36.827],[-2.35548,36.84185],[-2.31861,36.83466],[-2.29005,36.8199],[-2.20106,36.73093],[-2.21321,36.77205],[-2.2315,36.79786],[-2.20097,36.86378],[-2.28682,36.94903],[-2.30231,36.99809],[-2.39931,36.98604],[-2.44416,37.01025],[-2.45706,37.03346],[-2.48772,37.06099],[-2.48251,37.05234],[-2.50411,37.04111],[-2.53086,37.04464],[-2.54559,37.06882],[-2.58976,37.09515],[-2.60393,37.11183],[-2.62817,37.0926],[-2.63149,37.07319],[-2.64266,37.07153],[-2.65712,37.08365],[-2.6885,37.0826],[-2.69954,37.0972],[-2.71164,37.07864],[-2.79,37.09601],[-2.80284,37.08203],[-2.83393,37.0799],[-2.87781,37.09185],[-2.999,37.09544],[-3.02513,37.11704],[-3.01497,37.05268],[-2.99768,37.01268],[-2.98125,37.00644],[-2.97496,36.97859],[-2.98924,36.95865],[-3.02808,36.948],[-3.03006,36.92505],[-3.05593,36.91201],[-3.06769,36.91612],[-3.06925,36.90165],[-3.04201,36.87959],[-3.02775,36.84491],[-3.04155,36.83235],[-3.07269,36.82515],[-3.13893,36.78826],[-3.12744,36.75136]]],[[[-3.03405,35.93819],[-3.02974,35.94201],[-3.03577,35.94022],[-3.03405,35.93819]]]]}},{"type":"Feature","properties":{"code":"610403C"},"geometry":{"type":"Polygon","coordinates":[[[-3.113,36.4201],[-3.00389,36.41908],[-2.84591,36.37094],[-2.76357,36.35334],[-2.67853,36.34971],[-2.59437,36.36022],[-2.51463,36.38442],[-2.4161,36.44213],[-2.33269,36.40758],[-2.26081,36.39233],[-2.14659,36.39102],[-2.20106,36.73093],[-2.29005,36.8199],[-2.31861,36.83466],[-2.35548,36.84185],[-2.40246,36.827],[-2.42735,36.81089],[-2.47219,36.83738],[-2.46285,36.82618],[-2.48014,36.83636],[-2.50098,36.82523],[-2.56081,36.81708],[-2.59815,36.77594],[-2.61802,36.72822],[-2.64496,36.70306],[-2.69936,36.68321],[-2.77122,36.68157],[-2.79624,36.69596],[-2.78777,36.69875],[-2.81796,36.70656],[-2.84774,36.69567],[-2.89464,36.73679],[-2.92603,36.75224],[-2.97583,36.73861],[-3.02067,36.74787],[-3.0185,36.74124],[-3.03027,36.74772],[-3.12744,36.75136],[-3.113,36.4201]]]}},{"type":"Feature","properties":{"code":"610404"},"geometry":{"type":"Polygon","coordinates":[[[-2.20106,36.73093],[-2.18282,36.71979],[-2.11373,36.73785],[-2.11993,36.74685],[-2.10542,36.75252],[-2.10491,36.76314],[-2.07992,36.76621],[-2.05902,36.77835],[-2.05869,36.81031],[-2.02379,36.83552],[-1.99923,36.84019],[-1.99436,36.85081],[-2.00483,36.86123],[-2.00242,36.88202],[-1.99097,36.89411],[-1.9808,36.90294],[-1.9659,36.89943],[-1.94505,36.93305],[-1.93401,36.93896],[-1.90554,36.93648],[-1.89448,36.94894],[-1.89903,36.98886],[-1.87592,37.01468],[-1.87578,37.03472],[-1.84838,37.06879],[-1.84876,37.09181],[-1.83189,37.11941],[-1.80537,37.21447],[-1.70638,37.30466],[-1.67182,37.35643],[-1.65207,37.3548],[-1.64336,37.37186],[-1.62886,37.37564],[-1.73585,37.44308],[-1.81053,37.452],[-1.80772,37.43392],[-1.84283,37.40508],[-1.84366,37.38724],[-1.89868,37.36304],[-1.94709,37.30092],[-1.93075,37.28682],[-1.89036,37.27149],[-1.88632,37.2204],[-1.9241,37.19057],[-1.95511,37.2073],[-1.95036,37.17681],[-1.95894,37.15721],[-1.99799,37.15164],[-2.0175,37.13959],[-2.00427,37.12825],[-1.99445,37.08175],[-2.00238,37.06559],[-1.98791,37.02464],[-2.00256,36.98477],[-2.01786,36.97719],[-2.0463,36.9818],[-2.07357,37.00029],[-2.09985,36.99561],[-2.14313,37.00066],[-2.19941,37.0102],[-2.20979,37.01902],[-2.27797,36.9895],[-2.29833,36.99346],[-2.29744,36.96704],[-2.28682,36.94903],[-2.20097,36.86378],[-2.2315,36.79786],[-2.21321,36.77205],[-2.20106,36.73093]]]}},{"type":"Feature","properties":{"code":"610404C"},"geometry":{"type":"Polygon","coordinates":[[[-2.20106,36.73093],[-2.14659,36.39102],[-2.04437,36.40454],[-1.9568,36.42658],[-1.87734,36.46364],[-1.80987,36.5139],[-1.58896,36.71863],[-1.53691,36.77891],[-1.50243,36.84687],[-1.42547,37.06337],[-1.40337,37.08677],[-1.34867,37.10629],[-1.62886,37.37564],[-1.64336,37.37186],[-1.65207,37.3548],[-1.67182,37.35643],[-1.70638,37.30466],[-1.80537,37.21447],[-1.83189,37.11941],[-1.84876,37.09181],[-1.84838,37.06879],[-1.87578,37.03472],[-1.87592,37.01468],[-1.89903,36.98886],[-1.89253,36.97412],[-1.89986,36.97884],[-1.89448,36.94894],[-1.90241,36.93764],[-1.93401,36.93896],[-1.95301,36.92413],[-1.9659,36.89943],[-1.9808,36.90294],[-1.99097,36.89411],[-2.00242,36.88202],[-2.00483,36.86123],[-1.99436,36.85081],[-1.99923,36.84019],[-2.02379,36.83552],[-2.05869,36.81031],[-2.05902,36.77835],[-2.07992,36.76621],[-2.10491,36.76314],[-2.10542,36.75252],[-2.11993,36.74685],[-2.11373,36.73785],[-2.18282,36.71979],[-2.20106,36.73093]]]}},{"type":"Feature","properties":{"code":"611101"},"geometry":{"type":"MultiPolygon","coordinates":[[[[-5.59865,36.76309],[-5.55656,36.73461],[-5.54299,36.73358],[-5.53048,36.71853],[-5.54244,36.70877],[-5.529,36.70144],[-5.53849,36.67087],[-5.52966,36.65987],[-5.51082,36.65721],[-5.46295,36.62199],[-5.43717,36.61466],[-5.37776,36.63309],[-5.3325,36.67288],[-5.3227,36.67383],[-5.32907,36.67981],[-5.31739,36.69097],[-5.3263,36.69538],[-5.3233,36.72449],[-5.28961,36.77565],[-5.31849,36.78721],[-5.33939,36.8199],[-5.33118,36.83908],[-5.30497,36.85807],[-5.30026,36.87012],[-5.26845,36.88469],[-5.26498,36.87581],[-5.22405,36.85705],[-5.22069,36.8432],[-5.18534,36.82845],[-5.16908,36.82403],[-5.13275,36.83904],[-5.10376,36.89841],[-5.08545,36.90557],[-5.10879,36.95981],[-5.09426,36.96877],[-5.14106,37.00434],[-5.16131,36.9819],[-5.23369,36.94166],[-5.2989,37.01422],[-5.30078,37.03784],[-5.35965,36.98548],[-5.39106,36.97376],[-5.41091,36.95586],[-5.41152,36.94114],[-5.43762,36.93576],[-5.45871,36.97846],[-5.43391,36.9916],[-5.41975,37.01162],[-5.42641,37.04505],[-5.43203,37.05286],[-5.46136,37.0417],[-5.49555,37.04017],[-5.50966,37.03408],[-5.4684,36.98442],[-5.54952,36.9236],[-5.52757,36.87878],[-5.52187,36.83638],[-5.55683,36.821],[-5.55327,36.79485],[-5.58122,36.78768],[-5.59865,36.76309]]],[[[-5.57744,36.36533],[-5.46381,36.37195],[-5.42577,36.36163],[-5.41892,36.34681],[-5.38863,36.33004],[-5.36573,36.33158],[-5.35446,36.32266],[-5.33176,36.33115],[-5.31876,36.32556],[-5.31383,36.34383],[-5.33379,36.37101],[-5.33364,36.39537],[-5.35595,36.42433],[-5.35412,36.43429],[-5.39422,36.47007],[-5.41216,36.52115],[-5.42799,36.53365],[-5.45073,36.53826],[-5.46029,36.53762],[-5.46395,36.52837],[-5.47239,36.537],[-5.49067,36.5371],[-5.52292,36.49821],[-5.55868,36.50398],[-5.58672,36.38917],[-5.57744,36.36533]]]]}},{"type":"Feature","properties":{"code":"611102"},"geometry":{"type":"Polygon","coordinates":[[[-5.97878,36.51904],[-6.06187,36.47472],[-6.07082,36.4619],[-5.99236,36.37334],[-5.97446,36.37453],[-5.88592,36.34254],[-5.79008,36.25252],[-5.76483,36.26549],[-5.69376,36.2156],[-5.70605,36.248],[-5.69796,36.25508],[-5.68316,36.24689],[-5.6483,36.25524],[-5.6489,36.2751],[-5.61492,36.31798],[-5.57241,36.34251],[-5.58672,36.38917],[-5.55868,36.50398],[-5.57069,36.51307],[-5.60696,36.51278],[-5.61044,36.54209],[-5.59837,36.55117],[-5.57323,36.5489],[-5.54257,36.53904],[-5.53573,36.52765],[-5.52083,36.53228],[-5.50073,36.54811],[-5.48822,36.57095],[-5.45949,36.58928],[-5.45585,36.60258],[-5.45458,36.62007],[-5.51082,36.65721],[-5.52966,36.65987],[-5.53849,36.67087],[-5.52761,36.69442],[-5.54244,36.70877],[-5.52935,36.71516],[-5.54299,36.73358],[-5.55656,36.73461],[-5.59865,36.76309],[-5.58122,36.78768],[-5.55327,36.79485],[-5.55683,36.821],[-5.52187,36.83638],[-5.53249,36.89393],[-5.58207,36.91557],[-5.58682,36.94737],[-5.60495,36.95127],[-5.61675,36.94064],[-5.62481,36.95491],[-5.64833,36.9548],[-5.66661,36.97643],[-5.69328,36.95726],[-5.69484,36.93575],[-5.71568,36.92],[-5.8026,36.926],[-5.84417,36.91569],[-5.87518,36.89519],[-5.88971,36.84267],[-5.92401,36.85355],[-5.95151,36.85361],[-5.97178,36.84467],[-6.12065,36.86427],[-6.1323,36.85271],[-6.15356,36.85288],[-6.22431,36.82081],[-6.24269,36.78865],[-6.26991,36.79165],[-6.30201,36.71941],[-6.25411,36.70658],[-6.2273,36.67408],[-6.17136,36.64148],[-6.15605,36.63951],[-6.13826,36.61562],[-6.1383,36.60532],[-6.15176,36.59988],[-6.13096,36.59409],[-6.11515,36.57398],[-6.05957,36.55854],[-6.04121,36.56357],[-6.02101,36.54999],[-6.00811,36.56244],[-6.00123,36.55981],[-5.9871,36.54704],[-5.99711,36.54248],[-5.99578,36.52906],[-5.97878,36.51904]]]}},{"type":"Feature","properties":{"code":"611103"},"geometry":{"type":"MultiPolygon","coordinates":[[[[-6.42097,36.69156],[-6.38625,36.62908],[-6.35222,36.61469],[-6.35335,36.62252],[-6.33495,36.62539],[-6.32481,36.61086],[-6.33376,36.62154],[-6.328,36.62506],[-6.31389,36.62313],[-6.3183,36.61246],[-6.29763,36.618],[-6.27877,36.60423],[-6.2664,36.58197],[-6.25299,36.57761],[-6.25638,36.58176],[-6.23621,36.5842],[-6.24803,36.57277],[-6.23166,36.58551],[-6.23795,36.57472],[-6.23007,36.58204],[-6.2227,36.56642],[-6.22776,36.52556],[-6.25647,36.52972],[-6.25431,36.52045],[-6.24226,36.51894],[-6.24866,36.51452],[-6.24035,36.50674],[-6.20651,36.51007],[-6.19501,36.52259],[-6.19918,36.52922],[-6.17189,36.5219],[-6.17126,36.51106],[-6.19126,36.49883],[-6.19232,36.48724],[-6.21144,36.48176],[-6.2112,36.47053],[-6.22759,36.46313],[-6.25592,36.47315],[-6.26494,36.48889],[-6.253,36.50107],[-6.28058,36.52797],[-6.26728,36.53249],[-6.27548,36.54123],[-6.28105,36.52987],[-6.29069,36.53357],[-6.28593,36.54333],[-6.30824,36.52909],[-6.28808,36.52455],[-6.24608,36.44266],[-6.24623,36.44928],[-6.23304,36.43677],[-6.2174,36.39305],[-6.18334,36.37119],[-6.14974,36.30703],[-6.13541,36.29321],[-6.11458,36.29498],[-6.10264,36.2856],[-6.03282,36.18146],[-6.02163,36.18664],[-5.97945,36.17708],[-5.94337,36.18709],[-5.92415,36.17982],[-5.93088,36.18706],[-5.91506,36.18572],[-5.84046,36.12731],[-5.82142,36.16789],[-5.78094,36.22091],[-5.79008,36.25252],[-5.88592,36.34254],[-5.97446,36.37453],[-5.99236,36.37334],[-6.07082,36.4619],[-6.06187,36.47472],[-5.97878,36.51904],[-5.99578,36.52906],[-5.99711,36.54248],[-5.9871,36.54704],[-6.00811,36.56244],[-6.02101,36.54999],[-6.04121,36.56357],[-6.05957,36.55854],[-6.11515,36.57398],[-6.13096,36.59409],[-6.15176,36.59988],[-6.1383,36.60532],[-6.13826,36.61562],[-6.15605,36.63951],[-6.17136,36.64148],[-6.2273,36.67408],[-6.25411,36.70658],[-6.30477,36.72208],[-6.26991,36.79165],[-6.24269,36.78865],[-6.22431,36.82081],[-6.15356,36.85288],[-6.1323,36.85271],[-6.12065,36.86427],[-6.15481,36.88612],[-6.22964,36.89858],[-6.25244,36.89438],[-6.27694,36.91132],[-6.33847,36.89572],[-6.35256,36.8388],[-6.341,36.79489],[-6.44144,36.73826],[-6.42097,36.69156]]],[[[-6.22012,36.38148],[-6.22012,36.38148],[-6.22012,36.38148],[-6.22012,36.38148],[-6.22012,36.38148],[-6.22012,36.38148],[-6.22012,36.38148],[-6.22012,36.38148],[-6.22012,36.38148],[-6.22012,36.38148],[-6.22012,36.38148],[-6.22012,36.38148],[-6.22012,36.38148],[-6.22012,36.38148],[-6.22012,36.38148],[-6.22012,36.38148],[-6.21912,36.37936],[-6.21768,36.38138],[-6.21953,36.38181],[-6.22357,36.3953],[-6.22318,36.39227],[-6.22235,36.38939],[-6.22157,36.38669],[-6.22012,36.38148]]],[[[-6.31621,36.52942],[-6.31621,36.52942],[-6.31621,36.52942],[-6.31621,36.52942],[-6.31621,36.52942],[-6.31621,36.52942],[-6.31621,36.52942],[-6.31621,36.52942],[-6.31621,36.52942],[-6.31621,36.52942],[-6.31621,36.52942],[-6.31621,36.52942],[-6.31621,36.52942],[-6.31621,36.52942],[-6.31621,36.52942],[-6.31621,36.52942],[-6.31592,36.52759],[-6.31521,36.52794],[-6.31277,36.5281],[-6.31111,36.52851],[-6.31621,36.52942]]],[[[-6.4686,36.73265],[-6.46871,36.73703],[-6.47172,36.73847],[-6.47248,36.73591],[-6.4686,36.73265]]]]}},{"type":"Feature","properties":{"code":"611103C"},"geometry":{"type":"Polygon","coordinates":[[[-6.85957,36.61815],[-6.82179,36.55709],[-6.77586,36.51004],[-6.74038,36.4534],[-6.70545,36.41863],[-6.67843,36.36801],[-6.61827,36.29703],[-6.56677,36.20035],[-6.35987,35.97943],[-6.30595,35.93223],[-6.24193,35.89431],[-6.17021,35.86705],[-6.09341,35.85148],[-6.04648,35.84951],[-6.02195,35.83471],[-5.84046,36.12731],[-5.91506,36.18572],[-5.93088,36.18706],[-5.92415,36.17982],[-5.94337,36.18709],[-5.97945,36.17708],[-6.02163,36.18664],[-6.03282,36.18146],[-6.09868,36.28121],[-6.11458,36.29498],[-6.14005,36.29584],[-6.18334,36.37119],[-6.2174,36.39305],[-6.23304,36.43677],[-6.24623,36.44928],[-6.24608,36.44266],[-6.28744,36.52361],[-6.30714,36.53343],[-6.28134,36.54342],[-6.29069,36.53357],[-6.28105,36.52987],[-6.27548,36.54123],[-6.26728,36.53249],[-6.28058,36.52797],[-6.253,36.50107],[-6.26494,36.48889],[-6.25592,36.47315],[-6.22759,36.46313],[-6.2112,36.47053],[-6.21144,36.48176],[-6.19232,36.48724],[-6.19126,36.49883],[-6.17126,36.51106],[-6.17189,36.5219],[-6.19918,36.52922],[-6.19501,36.52259],[-6.20651,36.51007],[-6.22915,36.50456],[-6.24427,36.50946],[-6.24226,36.51894],[-6.25431,36.52045],[-6.25647,36.52972],[-6.22776,36.52556],[-6.2227,36.56642],[-6.23007,36.58204],[-6.23795,36.57472],[-6.23166,36.58551],[-6.24803,36.57277],[-6.23621,36.5842],[-6.25638,36.58176],[-6.25299,36.57761],[-6.2664,36.58197],[-6.27877,36.60423],[-6.29763,36.618],[-6.3183,36.61246],[-6.31389,36.62313],[-6.328,36.62506],[-6.33376,36.62154],[-6.32481,36.61086],[-6.33495,36.62539],[-6.35335,36.62252],[-6.35222,36.61469],[-6.38625,36.62908],[-6.43869,36.72132],[-6.4382,36.74143],[-6.42782,36.74919],[-6.41937,36.74603],[-6.40793,36.76163],[-6.38526,36.76835],[-6.341,36.79489],[-6.34415,36.79921],[-6.48443,36.75725],[-6.85957,36.61815]],[[-6.21912,36.37936],[-6.21912,36.37936],[-6.21912,36.37936],[-6.21912,36.37936],[-6.21912,36.37936],[-6.21912,36.37936],[-6.21912,36.37936],[-6.21912,36.37936],[-6.21912,36.37936],[-6.21912,36.37936],[-6.21912,36.37936],[-6.21912,36.37936],[-6.21912,36.37936],[-6.21912,36.37936],[-6.21912,36.37936],[-6.21912,36.37936],[-6.22012,36.38148],[-6.22157,36.38669],[-6.22235,36.38939],[-6.22318,36.39227],[-6.22357,36.3953],[-6.22357,36.3953],[-6.22357,36.3953],[-6.21953,36.38181],[-6.21768,36.38138],[-6.21912,36.37936],[-6.21912,36.37936]],[[-6.31111,36.52851],[-6.31111,36.52851],[-6.31111,36.52851],[-6.31111,36.52851],[-6.31111,36.52851],[-6.31111,36.52851],[-6.31111,36.52851],[-6.31111,36.52851],[-6.31111,36.52851],[-6.31111,36.52851],[-6.31111,36.52851],[-6.31111,36.52851],[-6.31111,36.52851],[-6.31111,36.52851],[-6.31111,36.52851],[-6.31111,36.52851],[-6.31111,36.52851],[-6.31277,36.5281],[-6.31521,36.52794],[-6.31592,36.52759],[-6.31621,36.52942],[-6.31621,36.52942],[-6.31621,36.52942],[-6.31111,36.52851]],[[-6.4686,36.73265],[-6.4686,36.73265],[-6.47248,36.73591],[-6.47172,36.73847],[-6.47172,36.73847],[-6.47172,36.73847],[-6.46871,36.73703],[-6.4686,36.73265],[-6.4686,36.73265]]]}},{"type":"Feature","properties":{"code":"611104"},"geometry":{"type":"Polygon","coordinates":[[[-5.69376,36.2156],[-5.76483,36.26549],[-5.79008,36.25252],[-5.78094,36.22091],[-5.82142,36.16789],[-5.84046,36.12731],[-5.79492,36.07842],[-5.78096,36.08851],[-5.77091,36.08727],[-5.72248,36.06057],[-5.6874,36.06777],[-5.65071,36.05341],[-5.60862,36.01169],[-5.60892,36.00062],[-5.6041,36.01043],[-5.57286,36.01556],[-5.48268,36.05501],[-5.46363,36.05071],[-5.42833,36.07138],[-5.42574,36.08365],[-5.44219,36.09198],[-5.4308,36.1056],[-5.44032,36.12175],[-5.43046,36.12851],[-5.44062,36.12521],[-5.43458,36.14122],[-5.44064,36.1297],[-5.44583,36.1392],[-5.43475,36.16805],[-5.40839,36.18196],[-5.38285,36.18035],[-5.38043,36.16985],[-5.35441,36.16105],[-5.36298,36.15771],[-5.35431,36.16102],[-5.35118,36.15561],[-5.36371,36.15552],[-5.33786,36.15252],[-5.3146,36.23135],[-5.29457,36.24661],[-5.26772,36.29974],[-5.25104,36.31175],[-5.28288,36.338],[-5.31876,36.32556],[-5.33176,36.33115],[-5.35446,36.32266],[-5.36573,36.33158],[-5.38863,36.33004],[-5.41892,36.34681],[-5.42577,36.36163],[-5.46381,36.37195],[-5.57744,36.36533],[-5.57241,36.34251],[-5.61492,36.31798],[-5.6489,36.2751],[-5.6483,36.25524],[-5.68316,36.24689],[-5.69796,36.25508],[-5.70605,36.248],[-5.69376,36.2156]]]}},{"type":"Feature","properties":{"code":"611104C"},"geometry":{"type":"Polygon","coordinates":[[[-6.02195,35.83471],[-5.92682,35.77722],[-5.91874,35.79065],[-5.59583,35.82194],[-5.54375,35.84249],[-5.48833,35.89722],[-5.45577,35.91433],[-5.46413,35.97789],[-4.91987,36.05868],[-4.92862,36.07086],[-4.89631,36.12346],[-5.25322,36.31157],[-5.26772,36.29974],[-5.29457,36.24661],[-5.3146,36.23135],[-5.33786,36.15252],[-5.36371,36.15552],[-5.35118,36.15561],[-5.35431,36.16102],[-5.36298,36.15771],[-5.35441,36.16105],[-5.38043,36.16985],[-5.38285,36.18035],[-5.40839,36.18196],[-5.42879,36.17376],[-5.44364,36.15589],[-5.44321,36.13142],[-5.43458,36.14122],[-5.44227,36.12795],[-5.43046,36.12851],[-5.44032,36.12175],[-5.4308,36.1056],[-5.44219,36.09198],[-5.42574,36.08365],[-5.42833,36.07138],[-5.46363,36.05071],[-5.48268,36.05501],[-5.57286,36.01556],[-5.6041,36.01043],[-5.60892,36.00062],[-5.60862,36.01169],[-5.65071,36.05341],[-5.6874,36.06777],[-5.72248,36.06057],[-5.77091,36.08727],[-5.78096,36.08851],[-5.79492,36.07842],[-5.84046,36.12731],[-6.02195,35.83471]]]}},{"type":"Feature","properties":{"code":"611401"},"geometry":{"type":"Polygon","coordinates":[[[-5.53757,38.1621],[-5.58431,38.1408],[-5.58035,38.11592],[-5.53745,38.09426],[-5.53824,38.0826],[-5.4938,38.04229],[-5.49218,37.99668],[-5.47332,37.97617],[-5.41428,37.94412],[-5.42294,37.9277],[-5.41518,37.92881],[-5.42075,37.91888],[-5.41238,37.90189],[-5.42074,37.88933],[-5.41361,37.87029],[-5.34319,37.84032],[-5.33779,37.83243],[-5.34872,37.79517],[-5.3274,37.77837],[-5.30871,37.77468],[-5.31735,37.75869],[-5.30639,37.73734],[-5.28379,37.73677],[-5.27124,37.74478],[-5.25861,37.72643],[-5.23424,37.72529],[-5.20444,37.73926],[-5.18952,37.72404],[-5.13301,37.69759],[-5.1115,37.70837],[-5.14277,37.72612],[-5.13194,37.76771],[-5.14692,37.77694],[-5.16401,37.77408],[-5.18716,37.79609],[-5.18866,37.80678],[-5.17003,37.8335],[-5.17825,37.87526],[-5.17205,37.89302],[-5.08685,37.93321],[-5.02355,37.92757],[-4.99728,37.91029],[-4.97703,37.94676],[-4.92353,37.96837],[-4.88403,37.97061],[-4.85025,37.98895],[-4.82074,37.98613],[-4.8139,37.98962],[-4.81644,38.00148],[-4.79723,38.00503],[-4.79926,38.02169],[-4.79317,38.02282],[-4.7671,38.00359],[-4.66653,37.97491],[-4.65067,37.98792],[-4.65573,37.9936],[-4.67798,37.98807],[-4.6699,37.99531],[-4.67525,38.0138],[-4.66602,38.02379],[-4.67319,38.0417],[-4.66713,38.04763],[-4.68063,38.04938],[-4.68755,38.07444],[-4.65221,38.11498],[-4.63421,38.12137],[-4.63632,38.1753],[-4.62412,38.18475],[-4.64077,38.19869],[-4.61777,38.21201],[-4.60597,38.20782],[-4.56581,38.22036],[-4.55248,38.24054],[-4.54251,38.22942],[-4.5109,38.25394],[-4.4804,38.2373],[-4.46615,38.24215],[-4.44129,38.21981],[-4.42786,38.21787],[-4.42221,38.19637],[-4.40161,38.1812],[-4.41228,38.16084],[-4.40054,38.1606],[-4.38176,38.17737],[-4.37914,38.16423],[-4.35925,38.15807],[-4.34618,38.18433],[-4.29615,38.16644],[-4.30839,38.19208],[-4.30233,38.19819],[-4.26536,38.17676],[-4.22993,38.18443],[-4.19943,38.21351],[-4.19263,38.23204],[-4.20225,38.24654],[-4.21538,38.24739],[-4.20693,38.26695],[-4.21352,38.27009],[-4.20871,38.3013],[-4.22705,38.30183],[-4.23745,38.3159],[-4.23613,38.34198],[-4.25449,38.34063],[-4.27508,38.35133],[-4.28602,38.3432],[-4.31922,38.36281],[-4.33069,38.3611],[-4.3874,38.38631],[-4.40514,38.38356],[-4.43386,38.40267],[-4.45168,38.40131],[-4.51138,38.46429],[-4.534,38.47043],[-4.54017,38.48233],[-4.55707,38.47699],[-4.56446,38.49121],[-4.5831,38.49365],[-4.5928,38.48706],[-4.6177,38.50867],[-4.62028,38.52334],[-4.66592,38.5482],[-4.7006,38.5524],[-4.70481,38.57168],[-4.73209,38.57508],[-4.78623,38.59748],[-4.81989,38.59692],[-4.85885,38.61441],[-4.86756,38.68136],[-4.87565,38.68652],[-4.93955,38.68196],[-5.00328,38.69552],[-5.0067,38.71566],[-5.02337,38.72687],[-5.04563,38.72952],[-5.09786,38.70808],[-5.11768,38.71657],[-5.16528,38.7121],[-5.18318,38.72013],[-5.16604,38.68121],[-5.18444,38.6746],[-5.17774,38.66616],[-5.18364,38.65985],[-5.19555,38.66773],[-5.19865,38.657],[-5.20715,38.66813],[-5.21342,38.649],[-5.22245,38.65714],[-5.22106,38.64936],[-5.23675,38.63764],[-5.24613,38.64028],[-5.24367,38.63252],[-5.25218,38.63389],[-5.2531,38.62616],[-5.29194,38.60951],[-5.3089,38.59401],[-5.30718,38.57805],[-5.37041,38.58401],[-5.37435,38.5687],[-5.38468,38.56725],[-5.38206,38.55781],[-5.39148,38.55321],[-5.38334,38.53965],[-5.39631,38.54699],[-5.4056,38.54413],[-5.40209,38.53671],[-5.41491,38.52998],[-5.40867,38.52066],[-5.41762,38.51297],[-5.42648,38.51507],[-5.43331,38.50482],[-5.4569,38.49992],[-5.46756,38.48545],[-5.47886,38.4844],[-5.48312,38.46383],[-5.48981,38.4669],[-5.5026,38.4571],[-5.51788,38.4639],[-5.56759,38.43303],[-5.58373,38.38628],[-5.55791,38.36732],[-5.57431,38.32955],[-5.5542,38.31818],[-5.52245,38.24965],[-5.51965,38.20767],[-5.53738,38.20105],[-5.53757,38.1621]]]}},{"type":"Feature","properties":{"code":"611402"},"geometry":{"type":"MultiPolygon","coordinates":[[[[-5.15357,37.77534],[-5.13194,37.76771],[-5.14152,37.72359],[-5.1115,37.70837],[-5.09213,37.67545],[-5.09656,37.67075],[-5.08034,37.66107],[-5.06812,37.65987],[-5.08944,37.67773],[-5.08773,37.69512],[-5.07068,37.7085],[-5.04643,37.71864],[-4.9985,37.70705],[-4.98137,37.67675],[-4.95245,37.6529],[-4.95684,37.6221],[-4.97296,37.60062],[-4.93883,37.6217],[-4.93039,37.61779],[-4.9289,37.57631],[-4.93634,37.5723],[-4.93071,37.54637],[-4.94762,37.52241],[-4.93263,37.52031],[-4.92329,37.50084],[-4.9047,37.5003],[-4.91388,37.48462],[-4.90315,37.48995],[-4.90886,37.48024],[-4.90277,37.46787],[-4.87403,37.45092],[-4.88342,37.43845],[-4.84101,37.43737],[-4.83633,37.42371],[-4.82965,37.45168],[-4.80354,37.47801],[-4.78213,37.48513],[-4.78039,37.49996],[-4.7727,37.49433],[-4.76241,37.50486],[-4.7445,37.50246],[-4.72013,37.51917],[-4.74569,37.56168],[-4.73081,37.56676],[-4.72495,37.58444],[-4.73358,37.60199],[-4.69277,37.61501],[-4.7227,37.65617],[-4.69221,37.67502],[-4.70085,37.68158],[-4.68988,37.69485],[-4.66817,37.70033],[-4.65325,37.66628],[-4.64455,37.67619],[-4.6264,37.67656],[-4.61957,37.6905],[-4.60293,37.67922],[-4.58777,37.68262],[-4.5859,37.6952],[-4.5713,37.68829],[-4.56317,37.7079],[-4.54448,37.71561],[-4.55663,37.73176],[-4.54032,37.75196],[-4.51556,37.76095],[-4.43682,37.76929],[-4.42152,37.78488],[-4.40171,37.76426],[-4.37284,37.76638],[-4.35788,37.78582],[-4.32193,37.80882],[-4.29994,37.82056],[-4.28323,37.81891],[-4.2735,37.90324],[-4.26109,37.91552],[-4.25757,37.93523],[-4.26301,37.97389],[-4.28314,38.00428],[-4.28094,38.02326],[-4.25865,38.02268],[-4.26763,38.04021],[-4.2493,38.03934],[-4.23878,38.04747],[-4.23976,38.05384],[-4.24975,38.04891],[-4.25064,38.06397],[-4.24516,38.07018],[-4.23497,38.06298],[-4.22554,38.08036],[-4.23118,38.08377],[-4.22059,38.08338],[-4.22739,38.09122],[-4.21278,38.08992],[-4.21664,38.11121],[-4.2024,38.10842],[-4.19294,38.12744],[-4.17337,38.13232],[-4.16006,38.14505],[-4.16742,38.18245],[-4.19943,38.21351],[-4.22993,38.18443],[-4.2487,38.17729],[-4.27248,38.17907],[-4.2771,38.18672],[-4.28473,38.18306],[-4.30233,38.19819],[-4.30839,38.19208],[-4.29615,38.16644],[-4.34618,38.18433],[-4.35925,38.15807],[-4.37914,38.16423],[-4.38176,38.17737],[-4.40054,38.1606],[-4.41228,38.16084],[-4.40161,38.1812],[-4.42221,38.19637],[-4.42786,38.21787],[-4.44129,38.21981],[-4.46615,38.24215],[-4.4804,38.2373],[-4.5109,38.25394],[-4.54251,38.22942],[-4.55248,38.24054],[-4.56581,38.22036],[-4.60597,38.20782],[-4.61777,38.21201],[-4.64077,38.19869],[-4.62412,38.18475],[-4.63632,38.1753],[-4.63421,38.12137],[-4.65221,38.11498],[-4.68755,38.07444],[-4.68063,38.04938],[-4.66713,38.04763],[-4.67319,38.0417],[-4.66602,38.02379],[-4.67525,38.0138],[-4.6699,37.99531],[-4.67798,37.98807],[-4.65573,37.9936],[-4.6542,37.98266],[-4.66653,37.97491],[-4.7058,37.98488],[-4.72634,37.99614],[-4.7671,38.00359],[-4.79317,38.02282],[-4.79926,38.02169],[-4.79723,38.00503],[-4.81644,38.00148],[-4.8139,37.98962],[-4.82074,37.98613],[-4.85025,37.98895],[-4.88403,37.97061],[-4.92353,37.96837],[-4.97703,37.94676],[-4.99728,37.91029],[-5.02355,37.92757],[-5.08685,37.93321],[-5.17205,37.89302],[-5.17825,37.87526],[-5.17003,37.8335],[-5.18866,37.80678],[-5.18716,37.79609],[-5.16401,37.77408],[-5.15357,37.77534]]],[[[-5.01683,37.59257],[-5.03254,37.6221],[-5.02987,37.64198],[-5.04548,37.6324],[-5.05247,37.64283],[-5.083,37.64854],[-5.03909,37.62665],[-5.04659,37.6086],[-5.02969,37.61106],[-5.01683,37.59257]]],[[[-5.39045,37.62432],[-5.37987,37.61137],[-5.35861,37.60591],[-5.35697,37.58607],[-5.34625,37.58564],[-5.32198,37.61471],[-5.2732,37.62574],[-5.17545,37.68103],[-5.14873,37.66137],[-5.13443,37.66902],[-5.1066,37.66304],[-5.11217,37.68919],[-5.18952,37.72404],[-5.20444,37.73926],[-5.23424,37.72529],[-5.25861,37.72643],[-5.27124,37.74478],[-5.28379,37.73677],[-5.30639,37.73734],[-5.30806,37.69852],[-5.31768,37.70197],[-5.32578,37.69208],[-5.34214,37.70613],[-5.36144,37.69762],[-5.3738,37.67838],[-5.38282,37.68177],[-5.38692,37.69825],[-5.41058,37.68397],[-5.40968,37.66201],[-5.39589,37.66286],[-5.39227,37.65648],[-5.41307,37.64653],[-5.39045,37.62432]]]]}},{"type":"Feature","properties":{"code":"611403"},"geometry":{"type":"Polygon","coordinates":[[[-4.81595,37.35515],[-4.78091,37.32897],[-4.77877,37.33588],[-4.76274,37.3383],[-4.74736,37.33215],[-4.72878,37.33578],[-4.72462,37.34202],[-4.73163,37.34325],[-4.71589,37.35886],[-4.68543,37.34161],[-4.68434,37.33073],[-4.66986,37.33496],[-4.67826,37.33046],[-4.66823,37.31946],[-4.68065,37.32369],[-4.68275,37.31582],[-4.65769,37.30554],[-4.66446,37.29973],[-4.6593,37.29491],[-4.67393,37.30225],[-4.67977,37.29051],[-4.6608,37.28421],[-4.64329,37.24717],[-4.61245,37.25555],[-4.61304,37.24368],[-4.59494,37.22193],[-4.60098,37.20971],[-4.57412,37.20973],[-4.55986,37.21978],[-4.53243,37.21259],[-4.49804,37.23082],[-4.49677,37.2238],[-4.48986,37.23905],[-4.47625,37.2452],[-4.48387,37.25295],[-4.47574,37.25783],[-4.46393,37.25198],[-4.46651,37.25832],[-4.45566,37.25891],[-4.44369,37.27805],[-4.43171,37.27438],[-4.41666,37.28287],[-4.40527,37.27459],[-4.38211,37.27788],[-4.37476,37.25769],[-4.3837,37.23873],[-4.37188,37.21711],[-4.32133,37.20499],[-4.33096,37.19193],[-4.32632,37.1848],[-4.25401,37.23003],[-4.26195,37.26084],[-4.24683,37.26958],[-4.23521,37.29768],[-4.23512,37.33631],[-4.20803,37.35293],[-4.15654,37.34271],[-4.12592,37.37872],[-4.08465,37.40421],[-3.99953,37.40255],[-4.04684,37.46843],[-4.06886,37.47258],[-4.08605,37.48639],[-4.05848,37.50593],[-4.08412,37.51406],[-4.09387,37.51039],[-4.0978,37.53112],[-4.12138,37.54785],[-4.11879,37.5535],[-4.15872,37.57497],[-4.16042,37.58977],[-4.16911,37.58919],[-4.16146,37.59888],[-4.17254,37.61054],[-4.18635,37.61701],[-4.20671,37.61087],[-4.21883,37.62069],[-4.22657,37.64024],[-4.16307,37.68196],[-4.18221,37.70749],[-4.23718,37.72025],[-4.22398,37.76141],[-4.20614,37.77049],[-4.20527,37.77918],[-4.28543,37.79699],[-4.28323,37.81891],[-4.29994,37.82056],[-4.35788,37.78582],[-4.37284,37.76638],[-4.40171,37.76426],[-4.42152,37.78488],[-4.43682,37.76929],[-4.51556,37.76095],[-4.54032,37.75196],[-4.55663,37.73176],[-4.54448,37.71561],[-4.56317,37.7079],[-4.5713,37.68829],[-4.5859,37.6952],[-4.58777,37.68262],[-4.60293,37.67922],[-4.61957,37.6905],[-4.6264,37.67656],[-4.64455,37.67619],[-4.65325,37.66628],[-4.66817,37.70033],[-4.68988,37.69485],[-4.70085,37.68158],[-4.69221,37.67502],[-4.7227,37.65617],[-4.69277,37.61501],[-4.73358,37.60199],[-4.72495,37.58444],[-4.73081,37.56676],[-4.74569,37.56168],[-4.72013,37.51917],[-4.7445,37.50246],[-4.76241,37.50486],[-4.7727,37.49433],[-4.78039,37.49996],[-4.78213,37.48513],[-4.80354,37.47801],[-4.82965,37.45168],[-4.83324,37.42598],[-4.84849,37.41112],[-4.8247,37.37955],[-4.81337,37.378],[-4.8223,37.36923],[-4.81595,37.35515]]]}},{"type":"Feature","properties":{"code":"611801"},"geometry":{"type":"Polygon","coordinates":[[[-4.27121,37.01538],[-4.25063,37.02345],[-4.23004,37.01741],[-4.21413,36.99224],[-4.16535,36.95755],[-4.0986,36.95318],[-4.09071,36.93372],[-4.05248,36.91545],[-4.04612,36.90406],[-3.99792,36.89031],[-3.96949,36.89253],[-3.92824,36.88336],[-3.91731,36.86856],[-3.88928,36.86802],[-3.86633,36.85116],[-3.84105,36.85868],[-3.81404,36.84733],[-3.80827,36.85877],[-3.77868,36.86751],[-3.75477,36.9071],[-3.74255,36.97525],[-3.76022,36.98443],[-3.74507,37.02503],[-3.71835,37.02774],[-3.66584,37.0527],[-3.64781,37.05405],[-3.60853,37.08921],[-3.54378,37.07647],[-3.53571,37.08239],[-3.48558,37.0798],[-3.47034,37.07168],[-3.45413,37.07946],[-3.41751,37.07696],[-3.36441,37.0565],[-3.31029,37.05385],[-3.27527,37.10973],[-3.25647,37.11516],[-3.24866,37.14222],[-3.28446,37.17261],[-3.2818,37.19842],[-3.3099,37.21548],[-3.32073,37.21487],[-3.34099,37.23853],[-3.35703,37.23729],[-3.36958,37.25054],[-3.37376,37.28509],[-3.38254,37.28168],[-3.39462,37.31709],[-3.3757,37.35767],[-3.34865,37.36239],[-3.3316,37.39473],[-3.34912,37.43289],[-3.34758,37.45501],[-3.33087,37.45778],[-3.33854,37.45857],[-3.34154,37.47728],[-3.38374,37.49292],[-3.39884,37.49069],[-3.39608,37.50529],[-3.37362,37.50371],[-3.3738,37.5114],[-3.35267,37.51611],[-3.34256,37.51125],[-3.3209,37.51996],[-3.33033,37.51346],[-3.32221,37.5076],[-3.31339,37.51326],[-3.29673,37.53807],[-3.30956,37.54919],[-3.31066,37.57144],[-3.29567,37.5884],[-3.39803,37.5645],[-3.4356,37.57434],[-3.45988,37.59887],[-3.50527,37.61767],[-3.53488,37.59778],[-3.53393,37.58217],[-3.62579,37.52899],[-3.68316,37.5181],[-3.72882,37.48797],[-3.77495,37.47694],[-3.77441,37.48833],[-3.78429,37.49135],[-3.79043,37.46664],[-3.80699,37.46034],[-3.80092,37.45381],[-3.82524,37.41397],[-3.82413,37.40289],[-3.84096,37.38621],[-3.87994,37.38809],[-3.91098,37.37886],[-3.94959,37.37881],[-3.98013,37.38791],[-3.99953,37.40255],[-4.08465,37.40421],[-4.12592,37.37872],[-4.15654,37.34271],[-4.20803,37.35293],[-4.23512,37.33631],[-4.23521,37.29768],[-4.24683,37.26958],[-4.26195,37.26084],[-4.25401,37.23003],[-4.32632,37.1848],[-4.28577,37.11999],[-4.27121,37.01538]]]}},{"type":"Feature","properties":{"code":"611802"},"geometry":{"type":"Polygon","coordinates":[[[-3.39884,37.49069],[-3.38374,37.49292],[-3.34154,37.47728],[-3.33854,37.45857],[-3.33087,37.45778],[-3.34758,37.45501],[-3.34912,37.43289],[-3.3316,37.39473],[-3.34865,37.36239],[-3.3757,37.35767],[-3.39462,37.31709],[-3.38254,37.28168],[-3.37376,37.28509],[-3.36613,37.24463],[-3.35703,37.23729],[-3.34099,37.23853],[-3.32073,37.21487],[-3.3099,37.21548],[-3.2818,37.19842],[-3.28446,37.17261],[-3.24866,37.14222],[-3.25647,37.11516],[-3.19913,37.09097],[-3.13407,37.09707],[-3.11904,37.09238],[-3.09984,37.10151],[-3.07367,37.09142],[-3.05222,37.09321],[-3.02513,37.11704],[-2.999,37.09544],[-2.94771,37.09702],[-2.94573,37.12267],[-2.92933,37.14027],[-2.92789,37.15703],[-2.89405,37.16751],[-2.87973,37.18757],[-2.87371,37.23192],[-2.84989,37.27658],[-2.81811,37.27879],[-2.81363,37.27135],[-2.77775,37.26312],[-2.75778,37.22718],[-2.73874,37.22922],[-2.73177,37.23778],[-2.69148,37.21769],[-2.65887,37.21246],[-2.6644,37.28579],[-2.64962,37.31279],[-2.65305,37.34133],[-2.63605,37.34379],[-2.63384,37.36518],[-2.64194,37.3764],[-2.63438,37.39466],[-2.57602,37.42949],[-2.56721,37.44684],[-2.51291,37.47998],[-2.45628,37.49128],[-2.45508,37.50988],[-2.43304,37.50993],[-2.41479,37.51643],[-2.41046,37.52539],[-2.39598,37.51383],[-2.37991,37.52337],[-2.35727,37.52274],[-2.35449,37.54744],[-2.37306,37.5578],[-2.36622,37.56349],[-2.37369,37.57828],[-2.36665,37.59202],[-2.39003,37.63293],[-2.36252,37.62192],[-2.34419,37.62967],[-2.31457,37.62264],[-2.3075,37.63561],[-2.31871,37.64854],[-2.32182,37.69531],[-2.31203,37.71182],[-2.30535,37.71066],[-2.30627,37.72371],[-2.27553,37.77666],[-2.30055,37.81067],[-2.28813,37.83192],[-2.29369,37.87676],[-2.28726,37.88558],[-2.26413,37.88139],[-2.24952,37.89762],[-2.20642,37.91701],[-2.25217,37.94],[-2.27656,37.96139],[-2.29721,38.00256],[-2.34037,38.02644],[-2.37182,38.02372],[-2.42085,38.0338],[-2.43085,38.04377],[-2.47038,38.05682],[-2.47944,38.05355],[-2.50314,38.06876],[-2.56412,38.08398],[-2.60506,38.0623],[-2.59459,38.05363],[-2.60386,37.99859],[-2.66923,37.96181],[-2.68847,37.97426],[-2.70141,37.97197],[-2.7216,37.9629],[-2.76159,37.92225],[-2.77305,37.92602],[-2.78335,37.91809],[-2.80498,37.88138],[-2.81835,37.87658],[-2.82764,37.83762],[-2.87146,37.79247],[-2.87904,37.76039],[-2.8888,37.76191],[-2.90253,37.75162],[-2.89976,37.68825],[-2.88278,37.68177],[-2.90095,37.66616],[-2.97666,37.63443],[-2.97274,37.62335],[-2.98315,37.6147],[-2.97692,37.6032],[-3.05006,37.61878],[-3.05667,37.60708],[-3.08483,37.59621],[-3.12791,37.61291],[-3.17079,37.64332],[-3.26122,37.63965],[-3.31066,37.57144],[-3.30956,37.54919],[-3.29673,37.53807],[-3.3012,37.52632],[-3.32221,37.5076],[-3.33033,37.51346],[-3.3209,37.51996],[-3.34256,37.51125],[-3.35267,37.51611],[-3.3738,37.5114],[-3.37362,37.50371],[-3.39608,37.50529],[-3.39884,37.49069]]]}},{"type":"Feature","properties":{"code":"611803"},"geometry":{"type":"Polygon","coordinates":[[[-3.74274,36.97357],[-3.75477,36.9071],[-3.76876,36.8905],[-3.76336,36.87357],[-3.6873,36.86465],[-3.67552,36.88],[-3.68005,36.88633],[-3.65875,36.89823],[-3.61054,36.89221],[-3.56708,36.87408],[-3.56779,36.86759],[-3.54855,36.8773],[-3.52269,36.87048],[-3.48336,36.87455],[-3.48831,36.86242],[-3.45362,36.84271],[-3.43174,36.81517],[-3.39938,36.82256],[-3.35424,36.80656],[-3.34893,36.82166],[-3.31643,36.82271],[-3.3098,36.84783],[-3.31675,36.86552],[-3.34704,36.88921],[-3.30036,36.89415],[-3.27968,36.87988],[-3.25313,36.87522],[-3.24257,36.87988],[-3.21864,36.86908],[-3.1788,36.87851],[-3.14132,36.89336],[-3.14477,36.90766],[-3.10138,36.91481],[-3.07877,36.93203],[-3.06503,36.91289],[-3.05593,36.91201],[-3.03006,36.92505],[-3.03095,36.94276],[-3.02093,36.95455],[-2.98924,36.95865],[-2.97496,36.97859],[-2.98125,37.00644],[-3.00445,37.02381],[-3.02832,37.11372],[-3.05222,37.09321],[-3.07367,37.09142],[-3.09984,37.10151],[-3.11904,37.09238],[-3.13407,37.09707],[-3.19913,37.09097],[-3.25647,37.11516],[-3.27527,37.10973],[-3.31029,37.05385],[-3.36441,37.0565],[-3.41751,37.07696],[-3.45413,37.07946],[-3.47034,37.07168],[-3.48558,37.0798],[-3.53571,37.08239],[-3.54378,37.07647],[-3.60853,37.08921],[-3.64781,37.05405],[-3.66584,37.0527],[-3.71835,37.02774],[-3.74507,37.02503],[-3.76024,36.98129],[-3.74274,36.97357]]]}},{"type":"Feature","properties":{"code":"611804"},"geometry":{"type":"Polygon","coordinates":[[[-3.78933,36.82117],[-3.76687,36.80243],[-3.76571,36.78518],[-3.781,36.76493],[-3.76699,36.72961],[-3.74913,36.7385],[-3.72622,36.71989],[-3.71773,36.73288],[-3.67675,36.73041],[-3.6566,36.74694],[-3.60081,36.74497],[-3.56579,36.71951],[-3.54929,36.71505],[-3.53402,36.72291],[-3.52085,36.71796],[-3.52585,36.72525],[-3.46685,36.69372],[-3.41909,36.69457],[-3.40155,36.70772],[-3.36091,36.71649],[-3.33713,36.73887],[-3.30362,36.73838],[-3.24859,36.75516],[-3.21087,36.74569],[-3.1855,36.75073],[-3.14393,36.74523],[-3.12744,36.75136],[-3.13893,36.78826],[-3.07269,36.82515],[-3.04155,36.83235],[-3.02775,36.84491],[-3.04201,36.87959],[-3.06925,36.90165],[-3.06769,36.91612],[-3.07877,36.93203],[-3.10138,36.91481],[-3.14477,36.90766],[-3.14132,36.89336],[-3.14912,36.88733],[-3.21864,36.86908],[-3.24257,36.87988],[-3.25313,36.87522],[-3.27968,36.87988],[-3.30036,36.89415],[-3.34704,36.88921],[-3.31675,36.86552],[-3.3098,36.84783],[-3.31643,36.82271],[-3.34893,36.82166],[-3.35424,36.80656],[-3.39938,36.82256],[-3.43174,36.81517],[-3.45362,36.84271],[-3.48831,36.86242],[-3.48336,36.87455],[-3.52269,36.87048],[-3.54855,36.8773],[-3.56779,36.86759],[-3.56708,36.87408],[-3.63345,36.89802],[-3.65875,36.89823],[-3.68005,36.88633],[-3.67915,36.87139],[-3.69989,36.86172],[-3.72202,36.87209],[-3.76336,36.87357],[-3.76612,36.88375],[-3.7938,36.85844],[-3.80827,36.85877],[-3.81404,36.84733],[-3.78933,36.82117]]]}},{"type":"Feature","properties":{"code":"611804C"},"geometry":{"type":"Polygon","coordinates":[[[-3.12547,36.72484],[-3.12744,36.75136],[-3.14393,36.74523],[-3.1855,36.75073],[-3.21087,36.74569],[-3.24859,36.75516],[-3.30362,36.73838],[-3.33713,36.73887],[-3.36091,36.71649],[-3.40155,36.70772],[-3.41909,36.69457],[-3.46685,36.69372],[-3.5142,36.72217],[-3.52585,36.72525],[-3.52085,36.71796],[-3.53402,36.72291],[-3.54929,36.71505],[-3.57889,36.72398],[-3.60081,36.74497],[-3.6566,36.74694],[-3.67675,36.73041],[-3.71773,36.73288],[-3.72622,36.71989],[-3.74913,36.7385],[-3.76285,36.72954],[-3.77617,36.7384],[-3.76261,36.40497],[-3.49256,36.36596],[-3.411,36.36072],[-3.32976,36.36853],[-3.16354,36.42054],[-3.113,36.4201],[-3.12547,36.72484]]]}},{"type":"Feature","properties":{"code":"612101"},"geometry":{"type":"Polygon","coordinates":[[[-7.28517,37.86596],[-7.2744,37.85999],[-7.24716,37.8613],[-7.23243,37.85204],[-7.15491,37.84852],[-7.13605,37.84245],[-7.12402,37.82732],[-7.06518,37.83802],[-7.04468,37.81287],[-7.04856,37.7922],[-7.01375,37.77634],[-6.97324,37.78317],[-6.93298,37.80196],[-6.92059,37.81764],[-6.91987,37.78533],[-6.90124,37.77092],[-6.89239,37.76564],[-6.86114,37.76994],[-6.8621,37.78045],[-6.853,37.71714],[-6.80775,37.70727],[-6.81861,37.69108],[-6.8118,37.68967],[-6.81762,37.66985],[-6.82495,37.6694],[-6.81543,37.6649],[-6.81421,37.64507],[-6.82314,37.62881],[-6.71058,37.61337],[-6.6823,37.5856],[-6.63587,37.57652],[-6.57086,37.52933],[-6.52261,37.516],[-6.52309,37.50606],[-6.51189,37.5035],[-6.45522,37.51648],[-6.45743,37.57079],[-6.42648,37.62169],[-6.47215,37.62291],[-6.48376,37.61648],[-6.50266,37.62488],[-6.52598,37.61652],[-6.53563,37.62142],[-6.52825,37.63696],[-6.53525,37.64099],[-6.5319,37.65749],[-6.50099,37.66721],[-6.50007,37.68916],[-6.49222,37.68892],[-6.47732,37.71223],[-6.47202,37.70981],[-6.48169,37.72128],[-6.47243,37.72579],[-6.44865,37.71936],[-6.38868,37.74815],[-6.30968,37.76533],[-6.27715,37.75887],[-6.25097,37.7636],[-6.24332,37.74821],[-6.25366,37.74564],[-6.22089,37.74011],[-6.21855,37.75493],[-6.20435,37.76648],[-6.21418,37.79169],[-6.20105,37.80599],[-6.18289,37.80991],[-6.16608,37.79324],[-6.13267,37.78829],[-6.13686,37.79592],[-6.12509,37.79763],[-6.12032,37.81705],[-6.14082,37.85613],[-6.15769,37.85456],[-6.16295,37.86246],[-6.12375,37.90379],[-6.14387,37.92095],[-6.1624,37.91842],[-6.16863,37.91027],[-6.18259,37.92806],[-6.1789,37.94148],[-6.19465,37.9492],[-6.20017,37.96251],[-6.23834,37.95951],[-6.25061,37.97183],[-6.30203,37.9787],[-6.3457,38.00327],[-6.3659,38.04937],[-6.38711,38.04859],[-6.41256,38.05901],[-6.45109,38.05641],[-6.44297,38.04657],[-6.46451,38.03577],[-6.47251,38.02488],[-6.4641,38.01146],[-6.47731,38.00855],[-6.49039,38.00992],[-6.49369,38.01958],[-6.54434,38.02857],[-6.58098,38.0213],[-6.57918,38.05322],[-6.6211,38.09761],[-6.64136,38.09767],[-6.64795,38.09047],[-6.65168,38.09693],[-6.65902,38.09282],[-6.68732,38.10068],[-6.71411,38.09307],[-6.7184,38.10107],[-6.72804,38.09995],[-6.73064,38.0905],[-6.75686,38.09316],[-6.76873,38.0999],[-6.76358,38.10645],[-6.77229,38.10511],[-6.7687,38.11256],[-6.80647,38.11156],[-6.81446,38.12059],[-6.79819,38.14425],[-6.79374,38.17899],[-6.84708,38.17768],[-6.9303,38.20876],[-6.96752,38.16663],[-6.95086,38.15279],[-6.9695,38.11104],[-6.98601,38.10434],[-6.98876,38.05588],[-7.00121,38.04431],[-7.00104,38.02311],[-7.02288,38.02551],[-7.04326,38.01468],[-7.06201,38.02015],[-7.06573,38.03391],[-7.09799,38.04419],[-7.12678,38.03031],[-7.12771,38.01123],[-7.11935,38.00566],[-7.13149,38.0004],[-7.14406,38.0032],[-7.15466,37.99432],[-7.17172,37.99364],[-7.20086,38.00392],[-7.22492,37.98904],[-7.24555,37.99123],[-7.26228,37.97909],[-7.24715,37.95493],[-7.25377,37.92362],[-7.26071,37.92475],[-7.27233,37.8996],[-7.28083,37.8979],[-7.28517,37.86596]]]}},{"type":"Feature","properties":{"code":"612102"},"geometry":{"type":"Polygon","coordinates":[[[-7.50004,37.57884],[-7.51421,37.57028],[-7.50554,37.55765],[-7.51797,37.55989],[-7.51848,37.5477],[-7.51123,37.52666],[-7.49178,37.52304],[-7.48314,37.49871],[-7.46213,37.48586],[-7.46822,37.47178],[-7.45517,37.45229],[-7.45699,37.43157],[-7.4442,37.41972],[-7.46144,37.41025],[-7.44008,37.39332],[-7.43747,37.37991],[-7.36785,37.35935],[-7.31048,37.36183],[-7.31315,37.38655],[-7.30065,37.38782],[-7.2887,37.41001],[-7.27979,37.41098],[-7.19585,37.39533],[-7.14613,37.37255],[-7.11535,37.36712],[-7.10073,37.37225],[-7.07409,37.32268],[-7.06959,37.30394],[-7.07748,37.27937],[-7.0526,37.2537],[-7.00422,37.23294],[-6.99883,37.25878],[-7.01791,37.25391],[-7.04614,37.27099],[-7.06802,37.27321],[-7.0763,37.27992],[-7.06808,37.29144],[-6.97815,37.30836],[-6.9061,37.36775],[-6.85126,37.30525],[-6.85667,37.29962],[-6.84952,37.28387],[-6.8769,37.26316],[-6.84878,37.28326],[-6.85253,37.30301],[-6.83999,37.29687],[-6.81562,37.31191],[-6.80119,37.30488],[-6.78447,37.31099],[-6.77264,37.30329],[-6.72154,37.32931],[-6.6963,37.29164],[-6.71379,37.25106],[-6.70425,37.24286],[-6.74159,37.21167],[-6.72438,37.19663],[-6.66672,37.23422],[-6.61162,37.25316],[-6.55801,37.2915],[-6.53636,37.28858],[-6.53126,37.30204],[-6.51579,37.30297],[-6.47071,37.33104],[-6.46462,37.31435],[-6.42284,37.27725],[-6.41738,37.26302],[-6.4309,37.22295],[-6.45898,37.199],[-6.46373,37.11742],[-6.43262,37.10108],[-6.43888,37.08043],[-6.42176,37.04301],[-6.43104,37.01372],[-6.4223,36.98961],[-6.37754,36.93518],[-6.36246,36.94628],[-6.35259,36.98897],[-6.38457,37.08255],[-6.35496,37.11112],[-6.35874,37.11776],[-6.34194,37.12161],[-6.35833,37.1389],[-6.33477,37.17009],[-6.34921,37.18103],[-6.3439,37.21875],[-6.3585,37.23857],[-6.34838,37.26564],[-6.33573,37.27521],[-6.34147,37.28162],[-6.33165,37.29957],[-6.38322,37.33796],[-6.34469,37.3662],[-6.36073,37.37635],[-6.35491,37.41263],[-6.31129,37.41919],[-6.30427,37.42629],[-6.33701,37.4858],[-6.35484,37.49664],[-6.36513,37.53622],[-6.39105,37.55451],[-6.40108,37.58041],[-6.39174,37.58815],[-6.40074,37.59954],[-6.39378,37.61147],[-6.42648,37.62169],[-6.45334,37.58467],[-6.45522,37.51648],[-6.49356,37.50382],[-6.52309,37.50606],[-6.52261,37.516],[-6.57086,37.52933],[-6.63587,37.57652],[-6.6823,37.5856],[-6.71058,37.61337],[-6.82314,37.62881],[-6.81421,37.64507],[-6.81543,37.6649],[-6.82495,37.6694],[-6.81762,37.66985],[-6.8118,37.68967],[-6.81861,37.69108],[-6.80775,37.70727],[-6.853,37.71714],[-6.8621,37.78045],[-6.86114,37.76994],[-6.89239,37.76564],[-6.90124,37.77092],[-6.91987,37.78533],[-6.92059,37.81764],[-6.93298,37.80196],[-6.97324,37.78317],[-7.01375,37.77634],[-7.04856,37.7922],[-7.04468,37.81287],[-7.06518,37.83802],[-7.12402,37.82732],[-7.13605,37.84245],[-7.15491,37.84852],[-7.23243,37.85204],[-7.24716,37.8613],[-7.2744,37.85999],[-7.28517,37.86596],[-7.32277,37.81622],[-7.36459,37.79322],[-7.39429,37.76545],[-7.40691,37.76785],[-7.41975,37.75957],[-7.41699,37.74539],[-7.42713,37.74103],[-7.45119,37.67825],[-7.44279,37.66519],[-7.45452,37.66231],[-7.45318,37.64671],[-7.46597,37.64972],[-7.46922,37.62508],[-7.48107,37.62418],[-7.48768,37.6041],[-7.50249,37.60492],[-7.49511,37.59447],[-7.50004,37.57884]]]}},{"type":"Feature","properties":{"code":"612103"},"geometry":{"type":"MultiPolygon","coordinates":[[[[-7.43747,37.37991],[-7.44078,37.31131],[-7.42052,37.27374],[-7.43241,37.25016],[-7.41193,37.22501],[-7.40046,37.17525],[-7.36393,37.17205],[-7.32375,37.19403],[-7.28347,37.20111],[-7.07307,37.20545],[-7.06936,37.21038],[-7.02545,37.20368],[-6.90914,37.15353],[-6.89225,37.16189],[-6.72837,37.09045],[-6.59104,37.02098],[-6.51311,36.97225],[-6.4469,36.90671],[-6.3916,36.8046],[-6.37304,36.79643],[-6.34415,36.79921],[-6.35155,36.85786],[-6.34452,36.88848],[-6.32965,36.89928],[-6.36852,36.92633],[-6.4223,36.98961],[-6.43104,37.01372],[-6.42176,37.04301],[-6.43888,37.08043],[-6.43262,37.10108],[-6.46373,37.11742],[-6.45898,37.199],[-6.4309,37.22295],[-6.41738,37.26302],[-6.42284,37.27725],[-6.46462,37.31435],[-6.47071,37.33104],[-6.51579,37.30297],[-6.53126,37.30204],[-6.53636,37.28858],[-6.55801,37.2915],[-6.61162,37.25316],[-6.66672,37.23422],[-6.72438,37.19663],[-6.74159,37.21167],[-6.70425,37.24286],[-6.71379,37.25106],[-6.6963,37.29164],[-6.72154,37.32931],[-6.77264,37.30329],[-6.78447,37.31099],[-6.80119,37.30488],[-6.81562,37.31191],[-6.83999,37.29687],[-6.85253,37.30301],[-6.84878,37.28326],[-6.8769,37.26316],[-6.84952,37.28387],[-6.85667,37.29962],[-6.85126,37.30525],[-6.89094,37.3551],[-6.91082,37.36667],[-6.93334,37.33974],[-6.94564,37.34071],[-6.97815,37.30836],[-7.05599,37.29688],[-7.0763,37.27992],[-7.01791,37.25391],[-6.99883,37.25878],[-7.00422,37.23294],[-7.0526,37.2537],[-7.07748,37.27937],[-7.06959,37.30394],[-7.07409,37.32268],[-7.10073,37.37225],[-7.11535,37.36712],[-7.14613,37.37255],[-7.19585,37.39533],[-7.27979,37.41098],[-7.2887,37.41001],[-7.30065,37.38782],[-7.31315,37.38655],[-7.31048,37.36183],[-7.36785,37.35935],[-7.43747,37.37991]]],[[[-7.04825,37.20315],[-7.04939,37.20682],[-7.05112,37.20647],[-7.04825,37.20315]]]]}},{"type":"Feature","properties":{"code":"612103C"},"geometry":{"type":"Polygon","coordinates":[[[-6.48443,36.75725],[-6.34415,36.79921],[-6.37304,36.79643],[-6.3916,36.8046],[-6.46151,36.92496],[-6.51311,36.97225],[-6.59104,37.02098],[-6.79412,37.12158],[-6.89225,37.16189],[-6.90914,37.15353],[-6.93176,37.16589],[-6.94077,37.16262],[-6.94709,37.17149],[-7.02545,37.20368],[-7.06936,37.21038],[-7.07307,37.20545],[-7.28347,37.20111],[-7.32375,37.19403],[-7.35492,37.17482],[-7.37994,37.17211],[-7.40046,37.17525],[-7.40546,37.18245],[-7.41193,37.22501],[-7.42957,37.2457],[-7.40734,37.15649],[-7.38524,36.95707],[-7.35867,36.84312],[-7.11569,36.86215],[-6.88478,36.75799],[-6.88088,36.68049],[-6.85957,36.61815],[-6.48443,36.75725]],[[-7.05112,37.20647],[-7.04939,37.20682],[-7.04825,37.20315],[-7.04825,37.20315],[-7.04825,37.20315],[-7.05112,37.20647],[-7.05112,37.20647],[-7.05112,37.20647]]]}},{"type":"Feature","properties":{"code":"612301"},"geometry":{"type":"Polygon","coordinates":[[[-4.06444,38.00056],[-4.03389,37.9658],[-4.02731,37.98768],[-3.96382,38.00088],[-3.94828,37.95933],[-3.90585,37.94864],[-3.90153,38.0123],[-3.88687,38.01938],[-3.89814,38.04232],[-3.89245,38.04866],[-3.88083,38.03919],[-3.86656,38.04476],[-3.79136,38.03195],[-3.76076,38.03816],[-3.72741,38.061],[-3.68419,38.04124],[-3.68716,38.00261],[-3.66119,38.00911],[-3.65222,38.01871],[-3.63222,38.01948],[-3.61154,38.0388],[-3.58608,38.04281],[-3.58168,38.07805],[-3.56846,38.08232],[-3.56359,38.09344],[-3.54828,38.09691],[-3.53336,38.08592],[-3.51885,38.09767],[-3.50212,38.08727],[-3.49789,38.09375],[-3.48223,38.09273],[-3.43989,38.12748],[-3.41827,38.11886],[-3.40434,38.12478],[-3.39822,38.1496],[-3.37245,38.16679],[-3.35139,38.15515],[-3.33834,38.12506],[-3.31071,38.12721],[-3.29876,38.14575],[-3.27022,38.15832],[-3.26448,38.1339],[-3.27544,38.12688],[-3.26628,38.11925],[-3.25743,38.13268],[-3.24762,38.13318],[-3.24693,38.14312],[-3.21038,38.14086],[-3.20005,38.14664],[-3.19737,38.1333],[-3.18213,38.15205],[-3.15924,38.1542],[-3.15627,38.16564],[-3.15077,38.15688],[-3.13054,38.17625],[-3.11574,38.17138],[-3.07221,38.19084],[-3.06878,38.19849],[-3.05283,38.19807],[-3.04838,38.20699],[-3.05997,38.21983],[-3.05486,38.22255],[-3.06232,38.22152],[-3.07287,38.25448],[-3.04937,38.2483],[-3.03542,38.2569],[-3.00914,38.25663],[-3.00667,38.24632],[-2.99679,38.24354],[-2.99321,38.2531],[-2.97931,38.25301],[-2.98188,38.26686],[-2.9628,38.27691],[-2.94738,38.29933],[-2.95012,38.30763],[-2.93511,38.30881],[-2.94361,38.32274],[-2.93361,38.34404],[-2.94163,38.34808],[-2.91354,38.35718],[-2.90227,38.37598],[-2.90936,38.38784],[-2.8984,38.40033],[-2.90544,38.40341],[-2.8861,38.42124],[-2.8917,38.43788],[-2.88022,38.45307],[-2.90451,38.47033],[-2.96231,38.47188],[-2.97566,38.45532],[-2.99223,38.45055],[-2.99095,38.42902],[-3.00124,38.40869],[-3.06368,38.47867],[-3.12892,38.43919],[-3.27872,38.46083],[-3.30397,38.4797],[-3.3252,38.48255],[-3.37372,38.47566],[-3.3754,38.44002],[-3.40911,38.42399],[-3.42353,38.40723],[-3.47131,38.39838],[-3.52715,38.40907],[-3.53387,38.43984],[-3.56607,38.45246],[-3.58178,38.4519],[-3.58455,38.40603],[-3.59695,38.3989],[-3.61918,38.39442],[-3.72872,38.4248],[-3.73837,38.41442],[-3.78432,38.4257],[-3.82876,38.41323],[-3.82927,38.39333],[-3.85299,38.37557],[-3.91125,38.36953],[-4.00515,38.36851],[-4.04535,38.37786],[-4.12724,38.37989],[-4.14362,38.38687],[-4.15525,38.38176],[-4.22187,38.39786],[-4.26626,38.39885],[-4.27735,38.37793],[-4.26756,38.34761],[-4.25449,38.34063],[-4.23613,38.34198],[-4.23745,38.3159],[-4.22705,38.30183],[-4.20871,38.3013],[-4.21352,38.27009],[-4.20693,38.26695],[-4.21538,38.24739],[-4.19487,38.23857],[-4.19943,38.21351],[-4.1653,38.17426],[-4.10941,38.14366],[-4.11157,38.13436],[-4.08465,38.11785],[-4.10386,38.08812],[-4.09876,38.08161],[-4.11223,38.07537],[-4.09781,38.0712],[-4.12681,38.02374],[-4.10855,38.00998],[-4.09456,38.0129],[-4.06444,38.00056]]]}},{"type":"Feature","properties":{"code":"612302"},"geometry":{"type":"Polygon","coordinates":[[[-3.22161,37.81085],[-3.23214,37.74901],[-3.18103,37.7175],[-3.15909,37.68153],[-3.16443,37.66227],[-3.14657,37.62637],[-3.09043,37.597],[-3.05667,37.60708],[-3.05006,37.61878],[-2.97692,37.6032],[-2.98315,37.6147],[-2.97274,37.62335],[-2.97666,37.63443],[-2.90095,37.66616],[-2.88278,37.68177],[-2.89976,37.68825],[-2.90253,37.75162],[-2.8888,37.76191],[-2.87904,37.76039],[-2.87146,37.79247],[-2.82764,37.83762],[-2.81835,37.87658],[-2.80498,37.88138],[-2.78335,37.91809],[-2.77305,37.92602],[-2.76159,37.92225],[-2.7216,37.9629],[-2.70141,37.97197],[-2.68847,37.97426],[-2.66923,37.96181],[-2.60386,37.99859],[-2.59459,38.05363],[-2.60506,38.0623],[-2.53841,38.09305],[-2.51901,38.1082],[-2.51167,38.12692],[-2.47286,38.15621],[-2.4672,38.17323],[-2.44501,38.18562],[-2.45244,38.21868],[-2.43934,38.23307],[-2.44507,38.24501],[-2.43535,38.27255],[-2.44064,38.28633],[-2.48399,38.30081],[-2.4777,38.34923],[-2.49113,38.37172],[-2.48214,38.39828],[-2.54879,38.40353],[-2.57063,38.41455],[-2.57572,38.43471],[-2.56614,38.46108],[-2.57554,38.47774],[-2.56537,38.49089],[-2.59246,38.51171],[-2.61734,38.51299],[-2.67146,38.49705],[-2.72684,38.51233],[-2.76643,38.53333],[-2.77762,38.51109],[-2.78614,38.51596],[-2.79036,38.50368],[-2.80533,38.50347],[-2.8117,38.49172],[-2.8307,38.48699],[-2.82979,38.47688],[-2.83695,38.48481],[-2.83832,38.47785],[-2.8486,38.48087],[-2.88353,38.45805],[-2.8917,38.43788],[-2.8861,38.42124],[-2.90544,38.40341],[-2.8984,38.40033],[-2.90631,38.39553],[-2.90128,38.38919],[-2.90936,38.38784],[-2.90227,38.37598],[-2.91354,38.35718],[-2.94163,38.34808],[-2.93361,38.34404],[-2.94361,38.32274],[-2.93511,38.30881],[-2.95012,38.30763],[-2.94738,38.29933],[-2.9628,38.27691],[-2.98188,38.26686],[-2.97931,38.25301],[-2.99321,38.2531],[-2.99679,38.24354],[-3.00667,38.24632],[-3.00914,38.25663],[-3.03542,38.2569],[-3.04937,38.2483],[-3.07287,38.25448],[-3.06232,38.22152],[-3.05486,38.22255],[-3.05997,38.21983],[-3.04838,38.20699],[-3.05283,38.19807],[-3.06878,38.19849],[-3.07221,38.19084],[-3.11574,38.17138],[-3.13054,38.17625],[-3.15077,38.15688],[-3.15627,38.16564],[-3.15924,38.1542],[-3.18213,38.15205],[-3.1905,38.14457],[-3.19904,38.13079],[-3.15796,38.09144],[-3.13235,38.02536],[-3.14696,38.01995],[-3.14243,38.01309],[-3.15701,38.00974],[-3.15037,38.00094],[-3.15798,37.9963],[-3.1574,37.98063],[-3.19206,37.95612],[-3.21166,37.95112],[-3.21681,37.9572],[-3.21722,37.94565],[-3.23483,37.94543],[-3.23055,37.93605],[-3.24189,37.94345],[-3.25659,37.9317],[-3.25211,37.92521],[-3.24461,37.93317],[-3.24131,37.9261],[-3.22973,37.9283],[-3.23316,37.91898],[-3.22101,37.91621],[-3.22425,37.9044],[-3.21178,37.90343],[-3.20716,37.86809],[-3.21815,37.86098],[-3.2027,37.8465],[-3.22442,37.83208],[-3.22161,37.81085]]]}},{"type":"Feature","properties":{"code":"612303"},"geometry":{"type":"Polygon","coordinates":[[[-4.27801,37.79451],[-4.20527,37.77918],[-4.20614,37.77049],[-4.22398,37.76141],[-4.23718,37.72025],[-4.18221,37.70749],[-4.16307,37.68196],[-4.22657,37.64024],[-4.21883,37.62069],[-4.20671,37.61087],[-4.18635,37.61701],[-4.17254,37.61054],[-4.16146,37.59888],[-4.16911,37.58919],[-4.16042,37.58977],[-4.15872,37.57497],[-4.11879,37.5535],[-4.12138,37.54785],[-4.0978,37.53112],[-4.09387,37.51039],[-4.03682,37.50915],[-4.0146,37.51611],[-4.00275,37.5849],[-3.9883,37.59924],[-3.87756,37.5775],[-3.87189,37.59148],[-3.91154,37.58317],[-3.91662,37.59596],[-3.93338,37.60019],[-3.95404,37.63955],[-3.95051,37.65997],[-3.8854,37.67898],[-3.89189,37.7347],[-3.83846,37.73764],[-3.78965,37.71042],[-3.774,37.66073],[-3.78028,37.63422],[-3.76319,37.62856],[-3.70666,37.63836],[-3.69234,37.66727],[-3.67744,37.67458],[-3.70374,37.69751],[-3.69982,37.71792],[-3.67913,37.72685],[-3.65279,37.75834],[-3.63512,37.75633],[-3.61842,37.76411],[-3.56725,37.75472],[-3.58967,37.77823],[-3.58433,37.80184],[-3.51518,37.84295],[-3.48223,37.80542],[-3.45855,37.81819],[-3.45276,37.85025],[-3.50952,37.86894],[-3.49264,37.88978],[-3.45127,37.8913],[-3.45202,37.92747],[-3.43391,37.93208],[-3.42821,37.91718],[-3.41872,37.91963],[-3.40367,37.88989],[-3.37639,37.86512],[-3.3758,37.84569],[-3.38655,37.83966],[-3.39216,37.82157],[-3.35732,37.8069],[-3.35952,37.78696],[-3.38165,37.7802],[-3.3746,37.7674],[-3.33689,37.76292],[-3.31509,37.75017],[-3.26982,37.76186],[-3.27228,37.82009],[-3.23129,37.82605],[-3.2027,37.8465],[-3.21815,37.86098],[-3.20716,37.86809],[-3.21178,37.90343],[-3.22425,37.9044],[-3.22101,37.91621],[-3.23316,37.91898],[-3.22973,37.9283],[-3.24131,37.9261],[-3.24461,37.93317],[-3.25211,37.92521],[-3.25659,37.9317],[-3.24189,37.94345],[-3.23055,37.93605],[-3.23483,37.94543],[-3.21722,37.94565],[-3.21681,37.9572],[-3.21166,37.95112],[-3.19206,37.95612],[-3.1574,37.98063],[-3.15798,37.9963],[-3.15037,38.00094],[-3.15701,38.00974],[-3.14243,38.01309],[-3.14696,38.01995],[-3.13235,38.02536],[-3.14508,38.06756],[-3.16246,38.09708],[-3.19121,38.11692],[-3.20005,38.14664],[-3.21038,38.14086],[-3.24693,38.14312],[-3.24762,38.13318],[-3.25743,38.13268],[-3.26628,38.11925],[-3.27544,38.12688],[-3.26448,38.1339],[-3.27022,38.15832],[-3.29876,38.14575],[-3.31071,38.12721],[-3.33834,38.12506],[-3.35139,38.15515],[-3.37245,38.16679],[-3.39822,38.1496],[-3.40434,38.12478],[-3.41827,38.11886],[-3.43989,38.12748],[-3.48223,38.09273],[-3.49789,38.09375],[-3.50212,38.08727],[-3.51885,38.09767],[-3.53336,38.08592],[-3.54828,38.09691],[-3.56359,38.09344],[-3.56846,38.08232],[-3.58168,38.07805],[-3.58608,38.04281],[-3.61154,38.0388],[-3.63222,38.01948],[-3.65222,38.01871],[-3.66119,38.00911],[-3.68716,38.00261],[-3.68419,38.04124],[-3.72741,38.061],[-3.76076,38.03816],[-3.79136,38.03195],[-3.86656,38.04476],[-3.88083,38.03919],[-3.89245,38.04866],[-3.89814,38.04232],[-3.88687,38.01938],[-3.90153,38.0123],[-3.90585,37.94864],[-3.94828,37.95933],[-3.96382,38.00088],[-4.02731,37.98768],[-4.03389,37.9658],[-4.05666,37.99863],[-4.11923,38.01549],[-4.12681,38.02374],[-4.12106,38.04033],[-4.09781,38.0712],[-4.11223,38.07537],[-4.09876,38.08161],[-4.10386,38.08812],[-4.08465,38.11785],[-4.11157,38.13436],[-4.10941,38.14366],[-4.1653,38.17426],[-4.16006,38.14505],[-4.17337,38.13232],[-4.19294,38.12744],[-4.2024,38.10842],[-4.21664,38.11121],[-4.21278,38.08992],[-4.22739,38.09122],[-4.22059,38.08338],[-4.23118,38.08377],[-4.22554,38.08036],[-4.23497,38.06298],[-4.24516,38.07018],[-4.25064,38.06397],[-4.24975,38.04891],[-4.23976,38.05384],[-4.23878,38.04747],[-4.2493,38.03934],[-4.26763,38.04021],[-4.25865,38.02268],[-4.28094,38.02326],[-4.28314,38.00428],[-4.26301,37.97389],[-4.25757,37.93523],[-4.27861,37.87696],[-4.28633,37.80196],[-4.27801,37.79451]]]}},{"type":"Feature","properties":{"code":"612304"},"geometry":{"type":"Polygon","coordinates":[[[-4.0146,37.51611],[-4.05848,37.50593],[-4.08605,37.48639],[-4.06886,37.47258],[-4.04684,37.46843],[-4.01758,37.42019],[-3.98013,37.38791],[-3.94959,37.37881],[-3.91098,37.37886],[-3.87994,37.38809],[-3.84096,37.38621],[-3.82413,37.40289],[-3.82524,37.41397],[-3.80092,37.45381],[-3.80699,37.46034],[-3.79043,37.46664],[-3.78429,37.49135],[-3.77441,37.48833],[-3.77495,37.47694],[-3.72882,37.48797],[-3.68316,37.5181],[-3.62579,37.52899],[-3.53393,37.58217],[-3.53488,37.59778],[-3.50527,37.61767],[-3.45988,37.59887],[-3.4356,37.57434],[-3.37756,37.56461],[-3.35605,37.57682],[-3.29567,37.5884],[-3.26122,37.63965],[-3.18266,37.64486],[-3.14657,37.62637],[-3.16443,37.66227],[-3.15909,37.68153],[-3.18103,37.7175],[-3.23214,37.74901],[-3.21914,37.80241],[-3.22442,37.83208],[-3.27228,37.82009],[-3.26982,37.76186],[-3.31509,37.75017],[-3.33689,37.76292],[-3.36582,37.76297],[-3.38165,37.7802],[-3.35952,37.78696],[-3.35732,37.8069],[-3.39216,37.82157],[-3.38655,37.83966],[-3.3758,37.84569],[-3.37639,37.86512],[-3.40367,37.88989],[-3.41872,37.91963],[-3.42821,37.91718],[-3.43391,37.93208],[-3.45202,37.92747],[-3.45127,37.8913],[-3.49264,37.88978],[-3.50952,37.86894],[-3.45276,37.85025],[-3.45855,37.81819],[-3.48223,37.80542],[-3.51518,37.84295],[-3.58433,37.80184],[-3.58967,37.77823],[-3.56725,37.75472],[-3.61842,37.76411],[-3.63512,37.75633],[-3.65279,37.75834],[-3.67913,37.72685],[-3.69982,37.71792],[-3.70374,37.69751],[-3.67744,37.67458],[-3.69234,37.66727],[-3.70666,37.63836],[-3.76319,37.62856],[-3.78028,37.63422],[-3.774,37.66073],[-3.78965,37.71042],[-3.83846,37.73764],[-3.89189,37.7347],[-3.8854,37.67898],[-3.95051,37.65997],[-3.95404,37.63955],[-3.93338,37.60019],[-3.91662,37.59596],[-3.91154,37.58317],[-3.87189,37.59148],[-3.87756,37.5775],[-3.9883,37.59924],[-4.00275,37.5849],[-4.0146,37.51611]]]}},{"type":"Feature","properties":{"code":"612901"},"geometry":{"type":"Polygon","coordinates":[[[-4.92836,36.90672],[-4.90761,36.90779],[-4.87915,36.92545],[-4.85251,36.92391],[-4.81353,36.94018],[-4.78488,36.93753],[-4.77013,36.91545],[-4.71513,36.92837],[-4.68169,36.91567],[-4.71071,36.93296],[-4.71212,36.94305],[-4.66706,36.96063],[-4.63812,36.95925],[-4.6567,36.91768],[-4.66701,36.91915],[-4.67029,36.91189],[-4.60514,36.89463],[-4.57545,36.89299],[-4.46282,36.91152],[-4.37656,36.91715],[-4.35162,36.96677],[-4.33024,36.96849],[-4.30581,36.98508],[-4.29817,36.99863],[-4.27121,37.01538],[-4.26874,37.02751],[-4.28577,37.11999],[-4.33096,37.19193],[-4.32133,37.20499],[-4.37188,37.21711],[-4.3837,37.23873],[-4.37476,37.25769],[-4.38211,37.27788],[-4.40527,37.27459],[-4.41666,37.28287],[-4.43171,37.27438],[-4.44369,37.27805],[-4.45566,37.25891],[-4.46651,37.25832],[-4.46393,37.25198],[-4.47574,37.25783],[-4.48387,37.25295],[-4.47625,37.2452],[-4.48986,37.23905],[-4.49677,37.2238],[-4.49804,37.23082],[-4.53816,37.21177],[-4.55986,37.21978],[-4.57412,37.20973],[-4.60098,37.20971],[-4.59494,37.22193],[-4.61304,37.24368],[-4.61245,37.25555],[-4.64329,37.24717],[-4.66073,37.25815],[-4.68972,37.25232],[-4.69752,37.25727],[-4.71272,37.25331],[-4.71837,37.26016],[-4.73443,37.2453],[-4.71663,37.24036],[-4.73099,37.22661],[-4.72589,37.21157],[-4.70995,37.20734],[-4.70729,37.19816],[-4.7587,37.17773],[-4.79059,37.1548],[-4.7998,37.16043],[-4.7979,37.17278],[-4.82134,37.18068],[-4.82611,37.18741],[-4.8181,37.19818],[-4.82459,37.20117],[-4.85255,37.19905],[-4.85538,37.17404],[-4.87418,37.15866],[-4.87913,37.16374],[-4.8963,37.1565],[-4.90379,37.18233],[-4.90625,37.17534],[-4.92384,37.17113],[-4.93828,37.17617],[-4.94135,37.15806],[-4.90199,37.13926],[-4.90705,37.11512],[-4.98697,37.06505],[-5.02459,37.05231],[-5.02664,37.04454],[-5.03226,37.0494],[-5.05177,37.03108],[-5.08199,37.03194],[-5.1109,37.01959],[-5.12152,37.02817],[-5.14106,37.00434],[-5.09626,36.97175],[-5.10879,36.95981],[-5.09671,36.92912],[-5.05916,36.90045],[-5.05338,36.88686],[-5.02022,36.88138],[-5.00507,36.89696],[-4.97846,36.88897],[-4.97669,36.88269],[-4.92945,36.8767],[-4.93772,36.89393],[-4.92836,36.90672]]]}},{"type":"Feature","properties":{"code":"612902"},"geometry":{"type":"Polygon","coordinates":[[[-5.55868,36.50398],[-5.51497,36.50138],[-5.49067,36.5371],[-5.47239,36.537],[-5.46395,36.52837],[-5.46029,36.53762],[-5.43098,36.53478],[-5.41216,36.52115],[-5.39422,36.47007],[-5.35412,36.43429],[-5.29192,36.48511],[-5.27689,36.52032],[-5.23468,36.51599],[-5.20695,36.4848],[-5.18122,36.50839],[-5.18116,36.51913],[-5.16045,36.53563],[-5.13877,36.53048],[-5.10507,36.55938],[-5.10488,36.57163],[-5.05907,36.60284],[-5.05437,36.63089],[-5.01563,36.66097],[-5.02939,36.6699],[-5.00382,36.70542],[-4.99881,36.7343],[-4.97525,36.73577],[-4.9732,36.74901],[-4.93285,36.77005],[-4.88665,36.77252],[-4.88979,36.80028],[-4.8792,36.81286],[-4.88892,36.82259],[-4.90108,36.82248],[-4.89488,36.83038],[-4.90099,36.83475],[-4.89051,36.84026],[-4.89571,36.84275],[-4.88673,36.85054],[-4.88262,36.84544],[-4.83984,36.85604],[-4.83527,36.86476],[-4.82059,36.86781],[-4.79654,36.8641],[-4.78914,36.85346],[-4.76198,36.9105],[-4.78488,36.93753],[-4.82512,36.93953],[-4.85251,36.92391],[-4.87915,36.92545],[-4.90761,36.90779],[-4.92836,36.90672],[-4.93772,36.89393],[-4.92945,36.8767],[-4.97669,36.88269],[-4.97846,36.88897],[-5.00507,36.89696],[-5.02022,36.88138],[-5.03337,36.87997],[-5.05338,36.88686],[-5.05916,36.90045],[-5.09046,36.92151],[-5.08545,36.90557],[-5.10376,36.89841],[-5.12931,36.84274],[-5.16908,36.82403],[-5.22069,36.8432],[-5.22405,36.85705],[-5.26498,36.87581],[-5.26845,36.88469],[-5.30026,36.87012],[-5.30497,36.85807],[-5.33118,36.83908],[-5.33939,36.8199],[-5.31849,36.78721],[-5.28961,36.77565],[-5.3233,36.72449],[-5.3263,36.69538],[-5.31739,36.69097],[-5.32907,36.67981],[-5.3227,36.67383],[-5.3325,36.67288],[-5.37776,36.63309],[-5.43717,36.61466],[-5.45458,36.62007],[-5.45949,36.58928],[-5.48822,36.57095],[-5.52083,36.53228],[-5.53573,36.52765],[-5.54257,36.53904],[-5.57323,36.5489],[-5.60672,36.54672],[-5.60696,36.51278],[-5.57069,36.51307],[-5.55868,36.50398]]]}},{"type":"Feature","properties":{"code":"612903"},"geometry":{"type":"MultiPolygon","coordinates":[[[[-5.35412,36.43429],[-5.35595,36.42433],[-5.33364,36.39537],[-5.33379,36.37101],[-5.31383,36.34383],[-5.31876,36.32556],[-5.27486,36.33672],[-5.24568,36.31147],[-5.21972,36.374],[-5.17934,36.41238],[-5.1644,36.41702],[-5.15428,36.41683],[-5.15707,36.41217],[-5.07994,36.45095],[-5.05134,36.45262],[-5.03206,36.46168],[-5.00424,36.46004],[-4.95108,36.48382],[-4.93313,36.50037],[-4.86579,36.50822],[-4.74202,36.48321],[-4.69348,36.49071],[-4.67578,36.50368],[-4.63778,36.50728],[-4.60208,36.56304],[-4.55687,36.58094],[-4.53918,36.57891],[-4.51643,36.5964],[-4.51093,36.59371],[-4.41688,36.71768],[-4.41296,36.70798],[-4.39315,36.72274],[-4.31335,36.71327],[-4.31748,36.73195],[-4.30286,36.73844],[-4.31655,36.73961],[-4.31563,36.74595],[-4.30385,36.75464],[-4.30182,36.77509],[-4.2892,36.78224],[-4.29625,36.79374],[-4.2735,36.79544],[-4.284,36.80433],[-4.27268,36.82138],[-4.26065,36.82177],[-4.26001,36.83182],[-4.26482,36.83926],[-4.28223,36.83457],[-4.29044,36.84636],[-4.28568,36.85892],[-4.31901,36.86155],[-4.32846,36.87538],[-4.36302,36.89435],[-4.37947,36.87983],[-4.38142,36.85856],[-4.39483,36.84589],[-4.42442,36.85156],[-4.447,36.84076],[-4.48785,36.87547],[-4.49095,36.908],[-4.57545,36.89299],[-4.65779,36.90687],[-4.67029,36.91189],[-4.66701,36.91915],[-4.6567,36.91768],[-4.63812,36.95925],[-4.68722,36.95524],[-4.71212,36.94305],[-4.71071,36.93296],[-4.68169,36.91567],[-4.71513,36.92837],[-4.76714,36.91993],[-4.76307,36.89835],[-4.78914,36.85346],[-4.79654,36.8641],[-4.82059,36.86781],[-4.83527,36.86476],[-4.83984,36.85604],[-4.88262,36.84544],[-4.88673,36.85054],[-4.89571,36.84275],[-4.89051,36.84026],[-4.90099,36.83475],[-4.89488,36.83038],[-4.90108,36.82248],[-4.88892,36.82259],[-4.8792,36.81286],[-4.88979,36.80028],[-4.88665,36.77252],[-4.93285,36.77005],[-4.9732,36.74901],[-4.97525,36.73577],[-4.99881,36.7343],[-5.00382,36.70542],[-5.02939,36.6699],[-5.01563,36.66097],[-5.04201,36.64622],[-5.05437,36.63089],[-5.05907,36.60284],[-5.10488,36.57163],[-5.10507,36.55938],[-5.11937,36.54386],[-5.13877,36.53048],[-5.16045,36.53563],[-5.20695,36.4848],[-5.23468,36.51599],[-5.27689,36.52032],[-5.29192,36.48511],[-5.35412,36.43429]]],[[[-4.29208,36.77765],[-4.2827,36.77296],[-4.27214,36.7846],[-4.28592,36.78488],[-4.29208,36.77765]]]]}},{"type":"Feature","properties":{"code":"612903C"},"geometry":{"type":"Polygon","coordinates":[[[-4.25966,36.47529],[-4.31335,36.71327],[-4.39315,36.72274],[-4.41296,36.70798],[-4.41688,36.71768],[-4.43187,36.70249],[-4.43969,36.68236],[-4.51093,36.59371],[-4.51643,36.5964],[-4.53918,36.57891],[-4.55687,36.58094],[-4.60208,36.56304],[-4.63778,36.50728],[-4.67578,36.50368],[-4.69348,36.49071],[-4.74202,36.48321],[-4.86579,36.50822],[-4.93313,36.50037],[-4.95108,36.48382],[-5.00424,36.46004],[-5.03206,36.46168],[-5.05134,36.45262],[-5.07994,36.45095],[-5.15707,36.41217],[-5.15428,36.41683],[-5.1644,36.41702],[-5.17934,36.41238],[-5.21972,36.374],[-5.25104,36.31175],[-4.89631,36.12346],[-4.87724,36.15447],[-4.82537,36.17256],[-4.63578,36.17345],[-4.54819,36.1814],[-4.46466,36.20422],[-4.38895,36.24088],[-4.32454,36.28972],[-4.23834,36.37056],[-4.25966,36.47529]]]}},{"type":"Feature","properties":{"code":"612904"},"geometry":{"type":"Polygon","coordinates":[[[-4.4644,36.85015],[-4.447,36.84076],[-4.42442,36.85156],[-4.39483,36.84589],[-4.38142,36.85856],[-4.37947,36.87983],[-4.36302,36.89435],[-4.32846,36.87538],[-4.31901,36.86155],[-4.28568,36.85892],[-4.28677,36.84029],[-4.27826,36.83247],[-4.26482,36.83926],[-4.26065,36.82177],[-4.27268,36.82138],[-4.284,36.80433],[-4.2735,36.79544],[-4.29625,36.79374],[-4.2892,36.78224],[-4.30182,36.77509],[-4.30385,36.75464],[-4.31563,36.74595],[-4.31655,36.73961],[-4.30286,36.73844],[-4.31748,36.73195],[-4.31335,36.71327],[-4.17922,36.71522],[-4.10558,36.72638],[-4.08286,36.74505],[-4.06553,36.74914],[-3.9574,36.72726],[-3.91999,36.741],[-3.88343,36.74125],[-3.84344,36.75403],[-3.80825,36.75054],[-3.77682,36.73813],[-3.781,36.76493],[-3.76479,36.78947],[-3.76687,36.80243],[-3.82589,36.85601],[-3.86633,36.85116],[-3.88928,36.86802],[-3.91731,36.86856],[-3.92824,36.88336],[-3.96949,36.89253],[-3.99792,36.89031],[-4.04612,36.90406],[-4.05248,36.91545],[-4.09071,36.93372],[-4.0986,36.95318],[-4.16535,36.95755],[-4.21413,36.99224],[-4.22205,37.01281],[-4.25063,37.02345],[-4.29817,36.99863],[-4.33024,36.96849],[-4.35162,36.96677],[-4.37656,36.91715],[-4.49095,36.908],[-4.48785,36.87547],[-4.4644,36.85015]],[[-4.29208,36.77765],[-4.28592,36.78488],[-4.27214,36.7846],[-4.2827,36.77296],[-4.29208,36.77765]]]}},{"type":"Feature","properties":{"code":"612904C"},"geometry":{"type":"Polygon","coordinates":[[[-4.29697,36.71315],[-4.31335,36.71327],[-4.23834,36.37056],[-4.21052,36.3966],[-3.85379,36.41799],[-3.76261,36.40497],[-3.77617,36.7384],[-3.80825,36.75054],[-3.84344,36.75403],[-3.88343,36.74125],[-3.91999,36.741],[-3.9574,36.72726],[-4.06553,36.74914],[-4.11649,36.72468],[-4.24512,36.71088],[-4.29697,36.71315]]]}},{"type":"Feature","properties":{"code":"614101"},"geometry":{"type":"Polygon","coordinates":[[[-6.48357,37.69815],[-6.50007,37.68916],[-6.50099,37.66721],[-6.5319,37.65749],[-6.53525,37.64099],[-6.52825,37.63696],[-6.53717,37.62712],[-6.52769,37.61648],[-6.51364,37.62573],[-6.48376,37.61648],[-6.47215,37.62291],[-6.42106,37.62182],[-6.39616,37.61096],[-6.35752,37.61908],[-6.2866,37.61696],[-6.23139,37.6368],[-6.18997,37.6698],[-6.17757,37.67186],[-6.18462,37.70976],[-6.14884,37.72021],[-6.10511,37.71336],[-6.09589,37.72322],[-6.09114,37.71854],[-6.08282,37.72277],[-6.07729,37.71067],[-6.05994,37.7092],[-6.04364,37.69047],[-6.04674,37.67553],[-6.03537,37.6746],[-6.03676,37.66173],[-6.05689,37.64397],[-6.02927,37.61894],[-6.01443,37.61606],[-5.9834,37.62996],[-5.88109,37.64551],[-5.87592,37.66137],[-5.84086,37.6749],[-5.83517,37.68485],[-5.79057,37.68802],[-5.79595,37.7032],[-5.75748,37.72725],[-5.73484,37.73293],[-5.70255,37.73695],[-5.69977,37.71437],[-5.69143,37.71255],[-5.69593,37.70445],[-5.67481,37.7045],[-5.63646,37.72179],[-5.61447,37.72013],[-5.5951,37.73408],[-5.54269,37.74674],[-5.45631,37.75764],[-5.42303,37.75255],[-5.32813,37.78238],[-5.34872,37.79517],[-5.33779,37.83243],[-5.34319,37.84032],[-5.41361,37.87029],[-5.42074,37.88933],[-5.41238,37.90189],[-5.42075,37.91888],[-5.41518,37.92881],[-5.42294,37.9277],[-5.41428,37.94412],[-5.46761,37.97117],[-5.48933,37.99349],[-5.4938,38.04229],[-5.53824,38.0826],[-5.53745,38.09426],[-5.58035,38.11592],[-5.58346,38.13215],[-5.63117,38.139],[-5.6923,38.08419],[-5.73357,38.0867],[-5.73748,38.13327],[-5.71408,38.13428],[-5.69392,38.15016],[-5.70445,38.16983],[-5.69367,38.17153],[-5.68291,38.15751],[-5.68728,38.18232],[-5.69653,38.18012],[-5.6934,38.18697],[-5.71216,38.1863],[-5.72683,38.19786],[-5.75595,38.18101],[-5.78037,38.18632],[-5.7981,38.17503],[-5.85019,38.17235],[-5.8549,38.16211],[-5.87296,38.15902],[-5.87933,38.13273],[-5.91158,38.12314],[-5.92504,38.10546],[-5.92801,38.09006],[-5.90931,38.07827],[-5.90764,38.06329],[-5.91794,38.05025],[-5.93289,38.04732],[-5.93142,38.03121],[-5.95235,37.9958],[-5.99216,38.0],[-6.01576,37.99157],[-6.05037,37.99729],[-6.07651,37.98508],[-6.11396,37.98222],[-6.16647,37.95627],[-6.18259,37.92806],[-6.16863,37.91027],[-6.1624,37.91842],[-6.14387,37.92095],[-6.12375,37.90379],[-6.16295,37.86246],[-6.15769,37.85456],[-6.14082,37.85613],[-6.12032,37.81705],[-6.12509,37.79763],[-6.13686,37.79592],[-6.13267,37.78829],[-6.16608,37.79324],[-6.18632,37.81034],[-6.21418,37.79169],[-6.20435,37.76648],[-6.21855,37.75493],[-6.22089,37.74011],[-6.25366,37.74564],[-6.24332,37.74821],[-6.25097,37.7636],[-6.27715,37.75887],[-6.30968,37.76533],[-6.38868,37.74815],[-6.44865,37.71936],[-6.47243,37.72579],[-6.48169,37.72128],[-6.47202,37.70981],[-6.47732,37.71223],[-6.48357,37.69815]]]}},{"type":"Feature","properties":{"code":"614102"},"geometry":{"type":"Polygon","coordinates":[[[-6.37754,36.93518],[-6.32965,36.89928],[-6.27694,36.91132],[-6.25244,36.89438],[-6.22964,36.89858],[-6.15481,36.88612],[-6.1031,36.85773],[-5.97178,36.84467],[-5.95151,36.85361],[-5.92401,36.85355],[-5.88971,36.84267],[-5.87518,36.89519],[-5.84417,36.91569],[-5.8026,36.926],[-5.71568,36.92],[-5.69484,36.93575],[-5.69328,36.95726],[-5.66661,36.97643],[-5.64833,36.9548],[-5.62481,36.95491],[-5.61675,36.94064],[-5.60495,36.95127],[-5.58682,36.94737],[-5.58207,36.91557],[-5.53249,36.89393],[-5.54952,36.9236],[-5.54478,36.93066],[-5.52346,36.93781],[-5.51256,36.95702],[-5.4684,36.98442],[-5.50966,37.03408],[-5.43203,37.05286],[-5.41975,37.01162],[-5.40614,37.01755],[-5.39664,37.01341],[-5.40363,37.02508],[-5.39758,37.04201],[-5.37494,37.02311],[-5.36208,37.02758],[-5.36199,37.01489],[-5.33832,37.00504],[-5.2903,37.04716],[-5.23587,37.05335],[-5.22272,37.06121],[-5.21481,37.07114],[-5.21472,37.12191],[-5.19923,37.11881],[-5.202,37.1052],[-5.16814,37.09811],[-5.1693,37.08219],[-5.13741,37.09127],[-5.11461,37.1167],[-5.09049,37.11293],[-5.08938,37.12431],[-5.05723,37.13889],[-5.05895,37.14946],[-5.04371,37.14475],[-5.02851,37.16285],[-5.01717,37.16103],[-5.01401,37.17555],[-4.9983,37.16777],[-4.96513,37.18094],[-5.00463,37.24732],[-5.00404,37.2819],[-4.99454,37.29537],[-4.99973,37.30366],[-4.98288,37.34781],[-4.94152,37.34801],[-4.93167,37.36797],[-4.90017,37.37377],[-4.91105,37.40889],[-4.88558,37.42634],[-4.87403,37.45092],[-4.90277,37.46787],[-4.90886,37.48024],[-4.90315,37.48995],[-4.91388,37.48462],[-4.90688,37.50245],[-4.92329,37.50084],[-4.93263,37.52031],[-4.94762,37.52241],[-4.93071,37.54637],[-4.93634,37.5723],[-4.9289,37.57631],[-4.93039,37.61779],[-4.93883,37.6217],[-4.97338,37.6039],[-4.95684,37.6221],[-4.95245,37.6529],[-4.98137,37.67675],[-4.9985,37.70705],[-5.04643,37.71864],[-5.08773,37.69512],[-5.08944,37.67773],[-5.06812,37.65987],[-5.09656,37.67075],[-5.09213,37.67545],[-5.10686,37.70082],[-5.12839,37.6992],[-5.11217,37.68919],[-5.1066,37.66304],[-5.13443,37.66902],[-5.14873,37.66137],[-5.17545,37.68103],[-5.2732,37.62574],[-5.32198,37.61471],[-5.34245,37.58787],[-5.35697,37.58607],[-5.35861,37.60591],[-5.37987,37.61137],[-5.40999,37.64149],[-5.41228,37.64806],[-5.39227,37.65648],[-5.39589,37.66286],[-5.40968,37.66201],[-5.41287,37.67437],[-5.40417,37.69245],[-5.38692,37.69825],[-5.37741,37.67831],[-5.36144,37.69762],[-5.34214,37.70613],[-5.32578,37.69208],[-5.31768,37.70197],[-5.30806,37.69852],[-5.30356,37.73141],[-5.31735,37.75869],[-5.30871,37.77468],[-5.32813,37.78238],[-5.42303,37.75255],[-5.45631,37.75764],[-5.54269,37.74674],[-5.5951,37.73408],[-5.61447,37.72013],[-5.63646,37.72179],[-5.67481,37.7045],[-5.69593,37.70445],[-5.69143,37.71255],[-5.69977,37.71437],[-5.70255,37.73695],[-5.73484,37.73293],[-5.75748,37.72725],[-5.79595,37.7032],[-5.79057,37.68802],[-5.83517,37.68485],[-5.84086,37.6749],[-5.87592,37.66137],[-5.88109,37.64551],[-5.9834,37.62996],[-6.01443,37.61606],[-6.02927,37.61894],[-6.05689,37.64397],[-6.03676,37.66173],[-6.03537,37.6746],[-6.04674,37.67553],[-6.04364,37.69047],[-6.05994,37.7092],[-6.07729,37.71067],[-6.08282,37.72277],[-6.09114,37.71854],[-6.09589,37.72322],[-6.10511,37.71336],[-6.14884,37.72021],[-6.18601,37.70849],[-6.17757,37.67186],[-6.2705,37.61916],[-6.35752,37.61908],[-6.39378,37.61147],[-6.40074,37.59954],[-6.39174,37.58815],[-6.40108,37.58041],[-6.39105,37.55451],[-6.36513,37.53622],[-6.35484,37.49664],[-6.33701,37.4858],[-6.30427,37.42629],[-6.31129,37.41919],[-6.35491,37.41263],[-6.36073,37.37635],[-6.34469,37.3662],[-6.38322,37.33796],[-6.33165,37.29957],[-6.34147,37.28162],[-6.33573,37.27521],[-6.34838,37.26564],[-6.3585,37.23857],[-6.3439,37.21875],[-6.34921,37.18103],[-6.33477,37.17009],[-6.35833,37.1389],[-6.34194,37.12161],[-6.35874,37.11776],[-6.35496,37.11112],[-6.38457,37.08255],[-6.35259,36.98897],[-6.36246,36.94628],[-6.37754,36.93518]],[[-5.01683,37.59257],[-5.02969,37.61106],[-5.04659,37.6086],[-5.03909,37.62665],[-5.083,37.64854],[-5.05247,37.64283],[-5.04548,37.6324],[-5.02987,37.64198],[-5.03254,37.6221],[-5.01683,37.59257]]]}},{"type":"Feature","properties":{"code":"614103"},"geometry":{"type":"MultiPolygon","coordinates":[[[[-5.30078,37.03784],[-5.2989,37.01422],[-5.23369,36.94166],[-5.22389,36.94277],[-5.20472,36.96311],[-5.16131,36.9819],[-5.12152,37.02817],[-5.1109,37.01959],[-5.08199,37.03194],[-5.05177,37.03108],[-5.03226,37.0494],[-5.02664,37.04454],[-5.02459,37.05231],[-4.98697,37.06505],[-4.90705,37.11512],[-4.90199,37.13926],[-4.94135,37.15806],[-4.93828,37.17617],[-4.92384,37.17113],[-4.90625,37.17534],[-4.90379,37.18233],[-4.8963,37.1565],[-4.87913,37.16374],[-4.87418,37.15866],[-4.85538,37.17404],[-4.85255,37.19905],[-4.82459,37.20117],[-4.8181,37.19818],[-4.82611,37.18741],[-4.82134,37.18068],[-4.7979,37.17278],[-4.7998,37.16043],[-4.79059,37.1548],[-4.7587,37.17773],[-4.70729,37.19816],[-4.70995,37.20734],[-4.72589,37.21157],[-4.73099,37.22661],[-4.71663,37.24036],[-4.73443,37.2453],[-4.71837,37.26016],[-4.71272,37.25331],[-4.65203,37.2563],[-4.6608,37.28421],[-4.67977,37.29051],[-4.67393,37.30225],[-4.6593,37.29491],[-4.66446,37.29973],[-4.65769,37.30554],[-4.68275,37.31582],[-4.68065,37.32369],[-4.66823,37.31946],[-4.67826,37.33046],[-4.66986,37.33496],[-4.68434,37.33073],[-4.68543,37.34161],[-4.71589,37.35886],[-4.73163,37.34325],[-4.72462,37.34202],[-4.72878,37.33578],[-4.74736,37.33215],[-4.76274,37.3383],[-4.77877,37.33588],[-4.78091,37.32897],[-4.82081,37.35866],[-4.81337,37.378],[-4.8247,37.37955],[-4.84849,37.41112],[-4.83633,37.42371],[-4.83908,37.43606],[-4.88342,37.43845],[-4.88558,37.42634],[-4.91105,37.40889],[-4.9006,37.3928],[-4.90411,37.36917],[-4.93167,37.36797],[-4.94152,37.34801],[-4.98288,37.34781],[-4.99973,37.30366],[-4.99454,37.29537],[-5.00404,37.2819],[-5.00463,37.24732],[-4.96513,37.18094],[-4.9983,37.16777],[-5.01401,37.17555],[-5.01717,37.16103],[-5.02851,37.16285],[-5.04371,37.14475],[-5.05895,37.14946],[-5.05723,37.13889],[-5.08938,37.12431],[-5.09049,37.11293],[-5.11461,37.1167],[-5.1547,37.08293],[-5.1693,37.08219],[-5.16814,37.09811],[-5.202,37.1052],[-5.19923,37.11881],[-5.21472,37.12191],[-5.21481,37.07114],[-5.22272,37.06121],[-5.23587,37.05335],[-5.2903,37.04716],[-5.30078,37.03784]]],[[[-5.41975,37.01162],[-5.43391,36.9916],[-5.45871,36.97846],[-5.43762,36.93576],[-5.41152,36.94114],[-5.41091,36.95586],[-5.39106,36.97376],[-5.35965,36.98548],[-5.33832,37.00504],[-5.36199,37.01489],[-5.36208,37.02758],[-5.37494,37.02311],[-5.39758,37.04201],[-5.40363,37.02508],[-5.39664,37.01341],[-5.40614,37.01755],[-5.41975,37.01162]]]]}},{"type":"Feature","properties":{"code":"622201"},"geometry":{"type":"Polygon","coordinates":[[[-0.93218,42.50617],[-0.89175,42.51014],[-0.89578,42.47937],[-0.876,42.4669],[-0.88065,42.45735],[-0.84841,42.44364],[-0.85013,42.43499],[-0.83333,42.42625],[-0.82158,42.4416],[-0.80319,42.43233],[-0.78459,42.4305],[-0.77998,42.43611],[-0.82003,42.44731],[-0.8204,42.45865],[-0.79532,42.45291],[-0.7778,42.46268],[-0.7489,42.45296],[-0.73042,42.4545],[-0.71269,42.47256],[-0.71752,42.48403],[-0.70652,42.48911],[-0.70109,42.50699],[-0.68221,42.5054],[-0.68017,42.49707],[-0.70035,42.48979],[-0.6829,42.48311],[-0.64647,42.42707],[-0.65528,42.40959],[-0.67473,42.39912],[-0.65167,42.3863],[-0.60931,42.38269],[-0.56758,42.39106],[-0.52015,42.35516],[-0.4698,42.33652],[-0.41798,42.34162],[-0.39629,42.33853],[-0.39392,42.32732],[-0.36858,42.32732],[-0.36237,42.34755],[-0.33445,42.35015],[-0.30471,42.34387],[-0.29372,42.32435],[-0.28351,42.32891],[-0.27521,42.32337],[-0.26195,42.34302],[-0.2347,42.33862],[-0.22142,42.30603],[-0.17473,42.2981],[-0.16732,42.29898],[-0.16465,42.31388],[-0.17486,42.33116],[-0.1523,42.34636],[-0.14015,42.34409],[-0.15092,42.34212],[-0.16313,42.31187],[-0.16633,42.2941],[-0.16005,42.29432],[-0.09835,42.33337],[-0.08222,42.33327],[-0.08239,42.34651],[-0.06151,42.36057],[-0.04703,42.35431],[-0.05681,42.34856],[-0.05824,42.33081],[-0.03467,42.31188],[-0.04127,42.28726],[-0.02878,42.27991],[-0.03715,42.26472],[0.00619,42.26186],[0.00086,42.27707],[0.02059,42.30017],[0.03833,42.30311],[0.04242,42.28445],[0.05881,42.29267],[0.06347,42.28358],[0.07396,42.30102],[0.0992,42.30732],[0.09467,42.28649],[0.1105,42.27519],[0.09675,42.24787],[0.12621,42.23517],[0.14811,42.24284],[0.14078,42.23378],[0.15361,42.23996],[0.18841,42.21665],[0.22922,42.22264],[0.22588,42.2472],[0.26113,42.23999],[0.28482,42.22594],[0.29715,42.20418],[0.28838,42.18274],[0.29701,42.16898],[0.32955,42.15817],[0.32609,42.1339],[0.30752,42.12175],[0.32452,42.10383],[0.31105,42.10222],[0.29995,42.08262],[0.30771,42.06809],[0.34449,42.06809],[0.34627,42.05789],[0.40962,42.06708],[0.43674,42.02605],[0.47447,41.99435],[0.45977,41.96101],[0.4804,41.97302],[0.50164,41.96522],[0.51615,41.97392],[0.54633,41.97404],[0.56938,41.9666],[0.57843,41.95534],[0.5938,41.96919],[0.60556,41.96095],[0.62497,41.99206],[0.63974,41.9949],[0.64313,41.98237],[0.65793,42.00118],[0.66509,42.01483],[0.65291,42.02655],[0.65795,42.04067],[0.67233,42.04733],[0.67002,42.06145],[0.70075,42.10726],[0.69704,42.15229],[0.71517,42.16372],[0.69979,42.17297],[0.70382,42.19033],[0.73525,42.25003],[0.74603,42.30146],[0.76583,42.32277],[0.74488,42.32661],[0.74156,42.33716],[0.77251,42.35093],[0.72448,42.36592],[0.7473,42.38506],[0.72715,42.40552],[0.73557,42.41718],[0.71135,42.43667],[0.70973,42.45971],[0.69169,42.48791],[0.69918,42.48667],[0.70171,42.4962],[0.71452,42.48754],[0.74088,42.50543],[0.72148,42.51337],[0.72229,42.5248],[0.7366,42.5405],[0.7516,42.53508],[0.74216,42.54425],[0.76905,42.6101],[0.70974,42.62095],[0.69961,42.63015],[0.69687,42.65878],[0.66128,42.69126],[0.6174,42.6961],[0.59828,42.70578],[0.57858,42.69398],[0.52675,42.70243],[0.51801,42.69217],[0.47547,42.70031],[0.42379,42.69072],[0.3977,42.6946],[0.39416,42.71346],[0.37568,42.71472],[0.36132,42.72448],[0.32644,42.70651],[0.32208,42.68346],[0.29619,42.67364],[0.26514,42.69336],[0.27005,42.70027],[0.26099,42.71644],[0.22795,42.71765],[0.17732,42.73727],[0.16243,42.72283],[0.11315,42.71053],[0.08461,42.71622],[0.05028,42.69592],[0.01423,42.70235],[0.00194,42.68548],[-0.01336,42.68504],[-0.06039,42.69499],[-0.06752,42.71909],[-0.10514,42.72122],[-0.12175,42.75181],[-0.15829,42.78095],[-0.15834,42.79802],[-0.17675,42.7856],[-0.18844,42.78741],[-0.23618,42.80799],[-0.24168,42.82348],[-0.25287,42.81958],[-0.27167,42.82759],[-0.27549,42.83823],[-0.29688,42.83897],[-0.3112,42.84795],[-0.32371,42.83446],[-0.34527,42.83761],[-0.39132,42.80039],[-0.41525,42.80679],[-0.44371,42.79631],[-0.50425,42.82747],[-0.524,42.81231],[-0.52847,42.79182],[-0.54291,42.79312],[-0.54983,42.77794],[-0.56628,42.78136],[-0.56798,42.80719],[-0.59916,42.80277],[-0.6009,42.83222],[-0.65497,42.85909],[-0.67752,42.88485],[-0.69718,42.87923],[-0.72598,42.89233],[-0.73288,42.91272],[-0.72629,42.91953],[-0.78197,42.922],[-0.81785,42.90095],[-0.81729,42.86965],[-0.85552,42.84728],[-0.8502,42.80787],[-0.85876,42.79884],[-0.84629,42.7862],[-0.87206,42.75927],[-0.89929,42.76075],[-0.9031,42.71247],[-0.92122,42.70109],[-0.90146,42.70246],[-0.87871,42.68842],[-0.89185,42.66263],[-0.9264,42.65653],[-0.90342,42.61323],[-0.91344,42.60261],[-0.9036,42.60113],[-0.90743,42.58741],[-0.92354,42.58825],[-0.93292,42.57294],[-0.92036,42.57153],[-0.91736,42.55557],[-0.8981,42.56027],[-0.8938,42.54935],[-0.89702,42.53925],[-0.9152,42.53761],[-0.93218,42.50617]]]}},{"type":"Feature","properties":{"code":"622202"},"geometry":{"type":"Polygon","coordinates":[[[-0.91677,42.2558],[-0.88803,42.24089],[-0.88993,42.26334],[-0.87572,42.28194],[-0.85669,42.27504],[-0.84269,42.28313],[-0.81185,42.26478],[-0.77057,42.34701],[-0.7767,42.39155],[-0.73519,42.37017],[-0.74361,42.36197],[-0.73388,42.35364],[-0.74335,42.33897],[-0.7277,42.29803],[-0.75072,42.26391],[-0.75814,42.26394],[-0.75819,42.20606],[-0.74925,42.20087],[-0.75865,42.1785],[-0.75038,42.17322],[-0.75831,42.17139],[-0.74629,42.15757],[-0.75746,42.14646],[-0.75231,42.13167],[-0.75962,42.13015],[-0.75224,42.12521],[-0.76147,42.10075],[-0.75392,42.09028],[-0.76892,42.08753],[-0.75955,42.0798],[-0.7619,42.06778],[-0.77486,42.0566],[-0.79354,42.05542],[-0.80354,42.09674],[-0.85419,42.05353],[-0.84755,42.04184],[-0.85294,42.02264],[-0.88369,42.00388],[-0.77697,41.9577],[-0.73579,41.95363],[-0.72458,41.96105],[-0.66228,41.95891],[-0.65092,41.94768],[-0.60064,41.96246],[-0.59262,41.98119],[-0.55876,41.99909],[-0.55712,42.00706],[-0.5133,42.01737],[-0.49478,42.01041],[-0.50482,41.99934],[-0.48263,41.98355],[-0.44115,41.99984],[-0.42753,41.99277],[-0.41822,41.99906],[-0.39764,41.99453],[-0.38911,42.00381],[-0.35562,42.01152],[-0.33187,41.97545],[-0.28671,41.99169],[-0.27156,41.96905],[-0.24653,41.95786],[-0.25216,41.93034],[-0.27878,41.92079],[-0.28963,41.89522],[-0.2842,41.89055],[-0.26465,41.89101],[-0.25085,41.9111],[-0.23842,41.91071],[-0.20835,41.92822],[-0.18209,41.90858],[-0.15786,41.87078],[-0.14851,41.86717],[-0.11429,41.88664],[-0.07081,41.87319],[-0.06027,41.85739],[-0.05046,41.86065],[-0.05193,41.84709],[-0.02924,41.83382],[-0.03555,41.81654],[-0.01344,41.81681],[0.0063,41.83208],[0.03574,41.83627],[0.02518,41.848],[0.03322,41.85186],[0.02708,41.86809],[0.03408,41.88461],[0.04954,41.88658],[0.07199,41.91279],[0.08759,41.90631],[0.09082,41.92013],[0.07881,41.93373],[0.08636,41.95334],[0.10918,41.94634],[0.11565,41.95884],[0.16926,41.93596],[0.18444,41.95608],[0.17204,41.98507],[0.17827,42.01949],[0.2251,42.0114],[0.27641,42.03875],[0.31824,42.0344],[0.32345,42.04722],[0.29995,42.08262],[0.31105,42.10222],[0.32452,42.10383],[0.30752,42.12175],[0.32609,42.1339],[0.32955,42.15817],[0.29701,42.16898],[0.28838,42.18274],[0.29675,42.18765],[0.29715,42.20418],[0.28482,42.22594],[0.26113,42.23999],[0.22588,42.2472],[0.22922,42.22264],[0.18841,42.21665],[0.15361,42.23996],[0.14078,42.23378],[0.14811,42.24284],[0.12621,42.23517],[0.09675,42.24787],[0.1105,42.27519],[0.09467,42.28649],[0.0992,42.30732],[0.07396,42.30102],[0.06347,42.28358],[0.05881,42.29267],[0.04242,42.28445],[0.03833,42.30311],[0.02059,42.30017],[0.00086,42.27707],[0.00619,42.26186],[-0.03715,42.26472],[-0.02878,42.27991],[-0.04127,42.28726],[-0.03467,42.31188],[-0.05824,42.33081],[-0.05681,42.34856],[-0.04703,42.35431],[-0.06151,42.36057],[-0.08239,42.34651],[-0.08222,42.33327],[-0.09835,42.33337],[-0.16633,42.2941],[-0.15092,42.34212],[-0.14015,42.34409],[-0.1523,42.34636],[-0.17486,42.33116],[-0.16465,42.31388],[-0.16732,42.29898],[-0.19113,42.29931],[-0.19247,42.30523],[-0.22142,42.30603],[-0.2347,42.33862],[-0.26926,42.34138],[-0.27521,42.32337],[-0.28351,42.32891],[-0.29372,42.32435],[-0.30471,42.34387],[-0.33445,42.35015],[-0.36237,42.34755],[-0.36858,42.32732],[-0.39392,42.32732],[-0.39629,42.33853],[-0.4698,42.33652],[-0.51039,42.3505],[-0.56758,42.39106],[-0.60931,42.38269],[-0.65167,42.3863],[-0.67473,42.39912],[-0.65528,42.40959],[-0.64647,42.42707],[-0.6829,42.48311],[-0.70035,42.48979],[-0.68017,42.49707],[-0.69071,42.50727],[-0.70109,42.50699],[-0.70652,42.48911],[-0.71752,42.48403],[-0.71269,42.47256],[-0.73042,42.4545],[-0.7489,42.45296],[-0.7778,42.46268],[-0.79532,42.45291],[-0.8204,42.45865],[-0.82003,42.44731],[-0.78206,42.44001],[-0.78459,42.4305],[-0.82158,42.4416],[-0.83814,42.42657],[-0.85013,42.43499],[-0.84841,42.44364],[-0.88065,42.45735],[-0.89505,42.46068],[-0.90251,42.45353],[-0.89504,42.4441],[-0.90439,42.43675],[-0.88297,42.42135],[-0.84084,42.40768],[-0.83419,42.39582],[-0.8141,42.39526],[-0.82043,42.38485],[-0.84294,42.38493],[-0.85442,42.34021],[-0.87836,42.31918],[-0.8878,42.287],[-0.91677,42.2558]]]}},{"type":"Feature","properties":{"code":"622203"},"geometry":{"type":"Polygon","coordinates":[[[-0.65092,41.94768],[-0.62935,41.91321],[-0.59423,41.8999],[-0.60208,41.88313],[-0.55398,41.87164],[-0.51552,41.83708],[-0.51078,41.78467],[-0.49946,41.76163],[-0.51814,41.72968],[-0.48819,41.73198],[-0.44369,41.704],[-0.42731,41.70579],[-0.37328,41.68843],[-0.36503,41.68023],[-0.36108,41.63813],[-0.31137,41.62442],[-0.30108,41.60823],[-0.24475,41.57405],[-0.23557,41.57417],[-0.20452,41.60258],[-0.15523,41.59029],[-0.16614,41.58143],[-0.15626,41.56869],[-0.15545,41.53561],[-0.13358,41.5227],[-0.10376,41.4858],[-0.07149,41.37748],[-0.04823,41.36078],[-0.00672,41.34813],[-0.02807,41.37814],[-0.02272,41.3972],[-0.00177,41.38823],[0.0109,41.36075],[0.1075,41.35114],[0.13216,41.3892],[0.16575,41.4071],[0.18385,41.39473],[0.20044,41.40365],[0.2203,41.40389],[0.24179,41.42867],[0.31008,41.41916],[0.33616,41.40854],[0.34304,41.41413],[0.35654,41.45299],[0.34587,41.46257],[0.34322,41.48431],[0.39589,41.49015],[0.44812,41.54255],[0.43153,41.56555],[0.43706,41.58523],[0.42969,41.60269],[0.40322,41.59303],[0.35082,41.59977],[0.34702,41.62217],[0.35919,41.63203],[0.32745,41.66251],[0.32822,41.67848],[0.36986,41.7145],[0.38595,41.74062],[0.39664,41.73229],[0.39988,41.75812],[0.47086,41.76593],[0.48443,41.80177],[0.51666,41.82266],[0.54359,41.82068],[0.55859,41.85453],[0.58125,41.85121],[0.58125,41.86375],[0.6046,41.86938],[0.60942,41.87856],[0.59398,41.88472],[0.60218,41.90884],[0.59586,41.9177],[0.60795,41.9191],[0.56364,41.93299],[0.57843,41.95534],[0.56938,41.9666],[0.51615,41.97392],[0.50164,41.96522],[0.4804,41.97302],[0.45977,41.96101],[0.47447,41.99435],[0.43674,42.02605],[0.40962,42.06708],[0.34627,42.05789],[0.34449,42.06809],[0.32702,42.06918],[0.31502,42.06389],[0.32345,42.04722],[0.31824,42.0344],[0.27641,42.03875],[0.22257,42.01102],[0.17827,42.01949],[0.17204,41.98507],[0.18444,41.95608],[0.16926,41.93596],[0.11565,41.95884],[0.10918,41.94634],[0.08636,41.95334],[0.07881,41.93373],[0.09082,41.92013],[0.08759,41.90631],[0.07199,41.91279],[0.04954,41.88658],[0.03408,41.88461],[0.02708,41.86809],[0.03322,41.85186],[0.02518,41.848],[0.03574,41.83627],[0.0063,41.83208],[-0.01344,41.81681],[-0.03555,41.81654],[-0.02924,41.83382],[-0.05193,41.84709],[-0.05046,41.86065],[-0.06027,41.85739],[-0.05837,41.86426],[-0.07858,41.87647],[-0.11429,41.88664],[-0.14851,41.86717],[-0.15786,41.87078],[-0.18209,41.90858],[-0.20835,41.92822],[-0.23842,41.91071],[-0.25085,41.9111],[-0.26465,41.89101],[-0.2842,41.89055],[-0.28963,41.89522],[-0.27878,41.92079],[-0.25216,41.93034],[-0.24653,41.95786],[-0.27156,41.96905],[-0.28671,41.99169],[-0.33187,41.97545],[-0.35562,42.01152],[-0.38911,42.00381],[-0.39764,41.99453],[-0.41822,41.99906],[-0.42753,41.99277],[-0.44115,41.99984],[-0.48263,41.98355],[-0.50482,41.99934],[-0.49478,42.01041],[-0.5133,42.01737],[-0.55712,42.00706],[-0.55876,41.99909],[-0.59262,41.98119],[-0.60064,41.96246],[-0.65092,41.94768]]]}},{"type":"Feature","properties":{"code":"624401"},"geometry":{"type":"Polygon","coordinates":[[[-1.69426,40.51169],[-1.69126,40.48718],[-1.74735,40.46325],[-1.78418,40.41354],[-1.79939,40.41458],[-1.8051,40.39859],[-1.77652,40.39224],[-1.73985,40.34969],[-1.69643,40.32165],[-1.70559,40.31396],[-1.7189,40.31887],[-1.72821,40.30327],[-1.71802,40.27746],[-1.70878,40.28104],[-1.69915,40.30743],[-1.6891,40.31002],[-1.53924,40.19117],[-1.50966,40.20408],[-1.47318,40.18541],[-1.43797,40.19738],[-1.44762,40.14571],[-1.43062,40.13963],[-1.39233,40.13473],[-1.36243,40.13898],[-1.35586,40.12925],[-1.31849,40.14676],[-1.32175,40.18522],[-1.31376,40.20173],[-1.29699,40.21205],[-1.28311,40.17186],[-1.25118,40.14366],[-1.24306,40.14633],[-1.24374,40.11651],[-1.20723,40.11075],[-1.14857,40.1151],[-1.13222,40.09777],[-1.09896,40.09219],[-1.09744,40.13399],[-1.11231,40.15647],[-1.06421,40.17682],[-1.01887,40.17812],[-1.01169,40.18977],[-1.0031,40.21213],[-1.01843,40.23859],[-1.01031,40.30377],[-0.95324,40.33423],[-0.95383,40.35256],[-0.90991,40.36579],[-0.91009,40.38086],[-0.8945,40.39891],[-0.84507,40.39544],[-0.79333,40.40628],[-0.78543,40.40331],[-0.7815,40.38212],[-0.76188,40.41274],[-0.73574,40.41524],[-0.76818,40.45383],[-0.76942,40.48002],[-0.78612,40.50757],[-0.77648,40.52037],[-0.7304,40.51828],[-0.70713,40.52416],[-0.73177,40.55441],[-0.73665,40.58102],[-0.74884,40.58328],[-0.7359,40.58431],[-0.72013,40.5992],[-0.72162,40.64597],[-0.72953,40.64993],[-0.74299,40.64112],[-0.74668,40.65939],[-0.81826,40.65219],[-0.8646,40.69588],[-0.88028,40.69864],[-0.92287,40.73345],[-0.90005,40.75775],[-0.91932,40.77479],[-0.94208,40.7756],[-0.95396,40.79704],[-0.96233,40.79742],[-0.97655,40.8248],[-0.96302,40.85434],[-1.04329,40.84666],[-1.04293,40.89955],[-1.02719,40.92508],[-1.0209,40.96877],[-1.00815,40.98219],[-1.055,41.00623],[-1.04744,41.01797],[-1.02655,41.01378],[-0.99117,41.02478],[-0.97068,41.02381],[-0.96095,41.03476],[-0.95602,41.07668],[-0.99736,41.09556],[-0.99934,41.11503],[-0.97118,41.15379],[-0.99962,41.13434],[-1.03807,41.13505],[-1.0586,41.15131],[-1.10376,41.16803],[-1.12036,41.13526],[-1.17275,41.12402],[-1.21404,41.13785],[-1.25345,41.12291],[-1.27012,41.10361],[-1.25206,41.07766],[-1.26968,41.05511],[-1.2913,41.04827],[-1.35292,41.05786],[-1.35888,41.07193],[-1.3511,41.082],[-1.35947,41.08827],[-1.3769,41.07341],[-1.40397,41.06664],[-1.40358,41.05096],[-1.41555,41.0441],[-1.4099,41.03543],[-1.42106,41.0275],[-1.47515,41.01527],[-1.4581,41.0071],[-1.44567,40.97688],[-1.47174,40.94914],[-1.50409,40.96446],[-1.55668,40.93967],[-1.58232,40.94217],[-1.58831,40.93656],[-1.61619,40.94407],[-1.60665,40.92796],[-1.62472,40.89902],[-1.61905,40.87983],[-1.54108,40.81156],[-1.53866,40.76108],[-1.56077,40.7401],[-1.55208,40.70623],[-1.53439,40.68737],[-1.53774,40.65844],[-1.56361,40.61509],[-1.54427,40.59555],[-1.5975,40.56241],[-1.67685,40.59131],[-1.69203,40.578],[-1.68839,40.56684],[-1.70064,40.53857],[-1.69426,40.51169]]]}},{"type":"Feature","properties":{"code":"624402"},"geometry":{"type":"Polygon","coordinates":[[[-1.14117,39.97221],[-1.12052,39.96122],[-1.1226,39.96639],[-1.10379,39.97534],[-1.09092,39.96817],[-1.07153,39.97989],[-1.02447,39.97496],[-0.98816,39.98219],[-0.93066,39.95644],[-0.91923,39.96477],[-0.90144,39.93222],[-0.9126,39.91837],[-0.89902,39.8922],[-0.91157,39.87342],[-0.88735,39.85248],[-0.86233,39.84778],[-0.82751,39.87152],[-0.79647,39.88143],[-0.8392,39.92532],[-0.84507,39.94806],[-0.83359,39.9797],[-0.7884,39.99028],[-0.77575,40.00049],[-0.7524,40.04697],[-0.74636,40.03824],[-0.68242,40.04457],[-0.626,40.07656],[-0.61237,40.07037],[-0.62748,40.10246],[-0.60532,40.12864],[-0.57727,40.13842],[-0.56804,40.15952],[-0.57094,40.18183],[-0.55667,40.20119],[-0.54297,40.25201],[-0.52585,40.23829],[-0.4933,40.22909],[-0.46876,40.24049],[-0.46195,40.23465],[-0.42686,40.24416],[-0.38221,40.26566],[-0.3816,40.27868],[-0.39919,40.29521],[-0.3889,40.30599],[-0.37785,40.31044],[-0.36487,40.30554],[-0.36196,40.31692],[-0.35236,40.31356],[-0.3484,40.32849],[-0.34194,40.32576],[-0.3394,40.34034],[-0.31323,40.35869],[-0.27884,40.36984],[-0.28418,40.38684],[-0.34614,40.44429],[-0.3314,40.4594],[-0.2716,40.47402],[-0.27643,40.50188],[-0.28639,40.5099],[-0.29648,40.50611],[-0.30065,40.51631],[-0.2889,40.5443],[-0.29865,40.57767],[-0.29207,40.61138],[-0.31084,40.61163],[-0.32087,40.60318],[-0.36927,40.61394],[-0.37833,40.62523],[-0.36958,40.65111],[-0.3803,40.66192],[-0.35495,40.67804],[-0.3276,40.68062],[-0.30578,40.65984],[-0.29241,40.67431],[-0.23478,40.69145],[-0.23804,40.71838],[-0.26884,40.73985],[-0.28351,40.7687],[-0.27135,40.79993],[-0.24645,40.80494],[-0.31613,40.8629],[-0.33676,40.85847],[-0.32181,40.82298],[-0.32167,40.80856],[-0.33273,40.80645],[-0.36207,40.80932],[-0.37494,40.82531],[-0.4039,40.81895],[-0.39677,40.83627],[-0.43046,40.83104],[-0.48612,40.85497],[-0.52366,40.85378],[-0.5454,40.84394],[-0.55594,40.8236],[-0.51961,40.81379],[-0.47834,40.75161],[-0.48891,40.72787],[-0.47629,40.71243],[-0.51182,40.69584],[-0.56072,40.68967],[-0.5474,40.71309],[-0.57794,40.71434],[-0.60064,40.72618],[-0.61263,40.70394],[-0.61527,40.72331],[-0.58598,40.74753],[-0.61967,40.75644],[-0.60043,40.76782],[-0.58203,40.76328],[-0.57516,40.77182],[-0.60122,40.78022],[-0.6039,40.79251],[-0.61747,40.79982],[-0.61538,40.82928],[-0.66236,40.83212],[-0.67049,40.84225],[-0.6549,40.89823],[-0.63442,40.90956],[-0.64103,40.92608],[-0.63165,40.9386],[-0.66005,40.95647],[-0.66522,40.9761],[-0.74299,40.99656],[-0.75186,41.04927],[-0.72171,41.06479],[-0.718,41.07688],[-0.68407,41.08927],[-0.69537,41.11577],[-0.71095,41.12207],[-0.76018,41.16999],[-0.77963,41.14732],[-0.78728,41.10824],[-0.8273,41.09675],[-0.87012,41.11683],[-0.88243,41.13044],[-0.88203,41.14909],[-0.88832,41.14761],[-0.88931,41.12596],[-0.91407,41.10549],[-0.91131,41.09334],[-0.95825,41.0747],[-0.95594,41.04654],[-0.97068,41.02381],[-0.99117,41.02478],[-1.02655,41.01378],[-1.04287,41.01918],[-1.055,41.00623],[-1.00815,40.98219],[-1.0209,40.96877],[-1.02719,40.92508],[-1.04293,40.89955],[-1.04329,40.84666],[-0.96302,40.85434],[-0.97655,40.8248],[-0.96233,40.79742],[-0.95396,40.79704],[-0.94208,40.7756],[-0.91932,40.77479],[-0.90005,40.75775],[-0.92287,40.73345],[-0.88028,40.69864],[-0.8646,40.69588],[-0.81826,40.65219],[-0.74668,40.65939],[-0.74299,40.64112],[-0.72953,40.64993],[-0.71805,40.64119],[-0.72013,40.5992],[-0.7359,40.58431],[-0.74884,40.58328],[-0.73665,40.58102],[-0.73177,40.55441],[-0.70713,40.52416],[-0.7304,40.51828],[-0.77648,40.52037],[-0.78612,40.50757],[-0.76942,40.48002],[-0.76818,40.45383],[-0.73574,40.41524],[-0.76188,40.41274],[-0.7815,40.38212],[-0.78543,40.40331],[-0.79333,40.40628],[-0.84507,40.39544],[-0.8945,40.39891],[-0.91009,40.38086],[-0.90991,40.36579],[-0.95383,40.35256],[-0.95324,40.33423],[-1.01031,40.30377],[-1.01843,40.23859],[-1.0031,40.21213],[-1.01667,40.18128],[-1.06421,40.17682],[-1.11231,40.15647],[-1.09744,40.13399],[-1.10471,40.08887],[-1.07687,40.06916],[-1.07047,40.05196],[-1.083,40.03657],[-1.16396,40.01046],[-1.14117,39.97221]]]}},{"type":"Feature","properties":{"code":"624403"},"geometry":{"type":"Polygon","coordinates":[[[-0.74292,41.02992],[-0.74935,41.02845],[-0.74299,40.99656],[-0.66522,40.9761],[-0.66005,40.95647],[-0.63165,40.9386],[-0.64103,40.92608],[-0.63442,40.90956],[-0.6549,40.89823],[-0.67049,40.84225],[-0.66236,40.83212],[-0.61538,40.82928],[-0.61747,40.79982],[-0.6039,40.79251],[-0.60122,40.78022],[-0.57516,40.77182],[-0.58203,40.76328],[-0.60043,40.76782],[-0.61967,40.75644],[-0.58598,40.74753],[-0.61527,40.72331],[-0.61263,40.70394],[-0.60064,40.72618],[-0.57794,40.71434],[-0.5474,40.71309],[-0.56072,40.68967],[-0.51182,40.69584],[-0.47629,40.71243],[-0.48891,40.72787],[-0.47834,40.75161],[-0.51961,40.81379],[-0.55594,40.8236],[-0.5454,40.84394],[-0.52366,40.85378],[-0.48612,40.85497],[-0.43046,40.83104],[-0.39677,40.83627],[-0.4039,40.81895],[-0.37494,40.82531],[-0.36207,40.80932],[-0.33273,40.80645],[-0.32167,40.80856],[-0.32181,40.82298],[-0.33676,40.85847],[-0.31613,40.8629],[-0.24645,40.80494],[-0.27135,40.79993],[-0.28351,40.7687],[-0.26884,40.73985],[-0.23804,40.71838],[-0.22282,40.7545],[-0.21162,40.75861],[-0.19596,40.78479],[-0.16375,40.78897],[-0.14332,40.78578],[-0.14263,40.76903],[-0.12563,40.75366],[-0.06349,40.72774],[-0.03021,40.72277],[-0.01651,40.73154],[0.01576,40.72901],[0.02957,40.71352],[0.02764,40.69529],[0.04338,40.69134],[0.07389,40.71465],[0.1137,40.72747],[0.14255,40.7188],[0.16304,40.72293],[0.17192,40.73317],[0.16038,40.75094],[0.17656,40.74147],[0.17642,40.75528],[0.19133,40.75066],[0.21319,40.76786],[0.23116,40.76777],[0.23477,40.78733],[0.27942,40.82137],[0.252,40.85659],[0.2566,40.87487],[0.24011,40.88504],[0.25122,40.89631],[0.25504,40.91998],[0.27547,40.93696],[0.27257,40.94456],[0.2947,40.97089],[0.28228,40.97524],[0.28229,40.98749],[0.26956,40.99914],[0.27596,41.00664],[0.25984,41.01496],[0.28109,41.02012],[0.24732,41.04157],[0.23543,41.03491],[0.23431,41.04744],[0.21871,41.04456],[0.23163,41.05495],[0.22,41.06174],[0.22155,41.07176],[0.16924,41.07125],[0.14706,41.06337],[0.11819,41.07747],[0.07366,41.07975],[0.05874,41.07538],[0.05303,41.05515],[0.03813,41.0469],[0.00055,41.09073],[-0.01102,41.12058],[-0.02458,41.12841],[-0.07723,41.15088],[-0.12119,41.15697],[-0.17974,41.18847],[-0.22407,41.19033],[-0.2452,41.21225],[-0.26745,41.21534],[-0.31687,41.25794],[-0.32186,41.24589],[-0.33599,41.24171],[-0.37672,41.26578],[-0.40464,41.27269],[-0.42753,41.29439],[-0.41953,41.31206],[-0.46894,41.31857],[-0.4787,41.34626],[-0.50133,41.35471],[-0.54944,41.34582],[-0.55769,41.35463],[-0.58056,41.34844],[-0.57738,41.31592],[-0.52592,41.28854],[-0.50693,41.25614],[-0.50847,41.2386],[-0.53035,41.22813],[-0.54726,41.26807],[-0.60403,41.32364],[-0.62849,41.31208],[-0.62423,41.2485],[-0.64155,41.23869],[-0.66798,41.23717],[-0.60867,41.192],[-0.63959,41.1713],[-0.69274,41.11262],[-0.68407,41.08927],[-0.718,41.07688],[-0.72171,41.06479],[-0.75186,41.04927],[-0.74292,41.02992]]]}},{"type":"Feature","properties":{"code":"625001"},"geometry":{"type":"MultiPolygon","coordinates":[[[[-1.41212,42.20252],[-1.39051,42.18101],[-1.39762,42.12652],[-1.3655,42.10726],[-1.35102,42.07337],[-1.30934,42.07261],[-1.30206,42.0521],[-1.30357,42.04325],[-1.33827,42.01832],[-1.3731,41.9623],[-1.3848,41.95733],[-1.3493,41.91881],[-1.3338,41.9137],[-1.31992,41.88515],[-1.29716,41.88584],[-1.28301,41.87312],[-1.27761,41.88612],[-1.23588,41.86781],[-1.22861,41.85562],[-1.21903,41.86013],[-1.22754,41.84538],[-1.22219,41.83459],[-1.19571,41.8632],[-1.21132,41.87383],[-1.20564,41.88123],[-1.11325,41.89084],[-1.0776,41.88632],[-1.05452,41.89922],[-1.02698,41.90253],[-1.00815,41.9195],[-0.936,41.93566],[-0.94247,42.01343],[-0.90393,42.01069],[-0.88911,42.00293],[-0.86846,42.01275],[-0.8488,42.0275],[-0.85419,42.05353],[-0.80354,42.09674],[-0.79354,42.05542],[-0.77486,42.0566],[-0.7619,42.06778],[-0.75955,42.0798],[-0.76892,42.08753],[-0.75392,42.09028],[-0.76147,42.10075],[-0.75224,42.12521],[-0.75962,42.13015],[-0.75231,42.13167],[-0.75746,42.14646],[-0.74629,42.15757],[-0.75831,42.17139],[-0.75038,42.17322],[-0.75865,42.1785],[-0.74925,42.20087],[-0.75819,42.20606],[-0.75814,42.26394],[-0.75072,42.26391],[-0.7277,42.29803],[-0.74335,42.33897],[-0.73388,42.35364],[-0.74361,42.36197],[-0.73519,42.37017],[-0.7767,42.39155],[-0.77057,42.34701],[-0.81185,42.26478],[-0.84269,42.28313],[-0.85669,42.27504],[-0.87572,42.28194],[-0.88993,42.26334],[-0.88803,42.24089],[-0.91677,42.2558],[-0.8878,42.287],[-0.87836,42.31918],[-0.85442,42.34021],[-0.84294,42.38493],[-0.82043,42.38485],[-0.8141,42.39526],[-0.83419,42.39582],[-0.84084,42.40768],[-0.88297,42.42135],[-0.90439,42.43675],[-0.89504,42.4441],[-0.90512,42.45005],[-0.89505,42.46068],[-0.87647,42.46193],[-0.89578,42.47937],[-0.89175,42.51014],[-0.93218,42.50617],[-0.9152,42.53761],[-0.89702,42.53925],[-0.8938,42.54935],[-0.8981,42.56027],[-0.91736,42.55557],[-0.92036,42.57153],[-0.93292,42.57294],[-0.92354,42.58825],[-0.90743,42.58741],[-0.9036,42.60113],[-0.91344,42.60261],[-0.90342,42.61323],[-0.9264,42.65653],[-0.89185,42.66263],[-0.87871,42.68842],[-0.90146,42.70246],[-0.92122,42.70109],[-0.9031,42.71247],[-0.89984,42.743],[-0.92174,42.74428],[-0.94743,42.71174],[-0.96796,42.70399],[-1.02673,42.70034],[-1.03794,42.69192],[-1.03556,42.65192],[-1.05068,42.64288],[-1.15116,42.64785],[-1.1564,42.61075],[-1.17183,42.6171],[-1.17852,42.61091],[-1.15678,42.59944],[-1.20067,42.57853],[-1.20154,42.54995],[-1.22491,42.54253],[-1.26351,42.55709],[-1.29222,42.51125],[-1.28548,42.49882],[-1.27386,42.49605],[-1.27152,42.48219],[-1.28011,42.46474],[-1.31395,42.44951],[-1.34025,42.42423],[-1.35846,42.37791],[-1.34936,42.37037],[-1.33496,42.3723],[-1.32783,42.35568],[-1.39647,42.29293],[-1.38863,42.27883],[-1.4151,42.2223],[-1.41212,42.20252]],[[-1.05311,42.4491],[-1.05642,42.43423],[-1.12811,42.44701],[-1.09611,42.4863],[-1.08389,42.48365],[-1.08622,42.47499],[-1.05311,42.4491]],[[-1.14372,42.44216],[-1.15752,42.40996],[-1.18471,42.40215],[-1.18157,42.42419],[-1.14372,42.44216]]],[[[-1.19921,41.84066],[-1.21187,41.82204],[-1.19262,41.83242],[-1.19921,41.84066]]]]}},{"type":"Feature","properties":{"code":"625002"},"geometry":{"type":"MultiPolygon","coordinates":[[[[-0.49175,41.35143],[-0.4787,41.34626],[-0.44308,41.35058],[-0.45832,41.3655],[-0.48258,41.36659],[-0.49175,41.35143]]],[[[-2.16778,41.3229],[-2.1724,41.28842],[-2.16224,41.28353],[-2.14497,41.18473],[-2.07863,41.17132],[-2.05042,41.14719],[-1.95775,41.17282],[-1.93118,41.13893],[-1.88931,41.13366],[-1.86799,41.10825],[-1.80203,41.09023],[-1.75649,41.05541],[-1.74587,41.03424],[-1.65976,40.97866],[-1.63083,40.95097],[-1.58831,40.93656],[-1.58232,40.94217],[-1.55668,40.93967],[-1.50409,40.96446],[-1.47174,40.94914],[-1.44567,40.97688],[-1.4581,41.0071],[-1.47515,41.01527],[-1.4099,41.03543],[-1.41555,41.0441],[-1.40358,41.05096],[-1.40397,41.06664],[-1.3769,41.07341],[-1.35455,41.08886],[-1.35292,41.05786],[-1.28619,41.0492],[-1.26968,41.05511],[-1.25206,41.07766],[-1.27012,41.10361],[-1.25345,41.12291],[-1.20874,41.13914],[-1.17275,41.12402],[-1.12036,41.13526],[-1.10376,41.16803],[-1.0586,41.15131],[-1.03807,41.13505],[-0.99962,41.13434],[-0.97118,41.15379],[-0.99934,41.11503],[-0.99736,41.09556],[-0.95602,41.07668],[-0.9437,41.07565],[-0.91131,41.09334],[-0.91407,41.10549],[-0.88931,41.12596],[-0.89026,41.14548],[-0.88203,41.14909],[-0.88243,41.13044],[-0.85865,41.10834],[-0.8273,41.09675],[-0.78728,41.10824],[-0.77963,41.14732],[-0.76018,41.16999],[-0.69274,41.11262],[-0.63959,41.1713],[-0.60867,41.192],[-0.66798,41.23717],[-0.64155,41.23869],[-0.62423,41.2485],[-0.62849,41.31208],[-0.60403,41.32364],[-0.54726,41.26807],[-0.53035,41.22813],[-0.51291,41.23495],[-0.50558,41.24739],[-0.52592,41.28854],[-0.57738,41.31592],[-0.58056,41.34844],[-0.56575,41.35682],[-0.58017,41.36173],[-0.60263,41.38831],[-0.62761,41.40305],[-0.65152,41.38582],[-0.78152,41.42457],[-0.82234,41.44593],[-0.87213,41.49304],[-0.88318,41.48592],[-0.91626,41.48675],[-0.91326,41.45927],[-0.92367,41.42647],[-0.91622,41.40313],[-0.9582,41.39085],[-1.02292,41.42086],[-1.0287,41.45088],[-1.07692,41.48076],[-1.05116,41.50389],[-1.05668,41.50966],[-1.03903,41.52804],[-1.05419,41.53892],[-1.07326,41.53149],[-1.07572,41.54091],[-1.0867,41.5376],[-1.08254,41.54209],[-1.10305,41.55049],[-1.07643,41.55437],[-1.08399,41.56556],[-1.07276,41.56063],[-1.07188,41.56783],[-1.05499,41.57401],[-1.06142,41.58137],[-1.03539,41.58753],[-1.03604,41.61058],[-1.06632,41.61827],[-1.11309,41.64428],[-1.16593,41.6422],[-1.1724,41.64749],[-1.15717,41.65972],[-1.14764,41.68996],[-1.25752,41.7214],[-1.2933,41.70738],[-1.33393,41.73582],[-1.34522,41.77428],[-1.31612,41.80461],[-1.355,41.84645],[-1.35911,41.88821],[-1.3338,41.9137],[-1.36081,41.92892],[-1.37575,41.9518],[-1.4023,41.93538],[-1.41654,41.91415],[-1.45204,41.91603],[-1.4718,41.92478],[-1.5005,41.92458],[-1.52205,41.9102],[-1.55799,41.91425],[-1.59583,41.92806],[-1.61356,41.95083],[-1.65288,41.96566],[-1.66237,41.96029],[-1.67481,41.96678],[-1.68497,41.95378],[-1.71395,41.95727],[-1.73304,41.96421],[-1.76563,41.9961],[-1.79012,41.98994],[-1.80908,41.99833],[-1.83243,41.99537],[-1.84591,42.00831],[-1.84278,41.98764],[-1.86392,41.97791],[-1.85527,41.96671],[-1.85601,41.90983],[-1.83751,41.88933],[-1.83086,41.86364],[-1.82132,41.86575],[-1.81633,41.85369],[-1.81729,41.83027],[-1.85165,41.78988],[-1.82405,41.77869],[-1.80141,41.75154],[-1.80794,41.73698],[-1.7865,41.73445],[-1.7741,41.72511],[-1.78559,41.69975],[-1.8108,41.68677],[-1.80495,41.66458],[-1.85772,41.66185],[-1.87271,41.6383],[-1.89663,41.63273],[-1.92183,41.59866],[-1.98324,41.60739],[-1.99206,41.60045],[-1.99241,41.57741],[-1.96606,41.54639],[-1.97691,41.52701],[-1.97984,41.48676],[-1.9509,41.45996],[-1.95242,41.42459],[-1.93526,41.42023],[-1.93661,41.40772],[-1.98061,41.40265],[-2.02384,41.38413],[-2.04108,41.38933],[-2.03435,41.42722],[-2.10025,41.44612],[-2.11534,41.42584],[-2.11476,41.38238],[-2.14856,41.35621],[-2.16186,41.35568],[-2.15584,41.3343],[-2.16778,41.3229]],[[-1.16099,41.53381],[-1.15561,41.54201],[-1.14353,41.54213],[-1.12487,41.53131],[-1.12668,41.52387],[-1.16359,41.52536],[-1.16099,41.53381]]]]}},{"type":"Feature","properties":{"code":"625003"},"geometry":{"type":"MultiPolygon","coordinates":[[[[-1.35762,41.87377],[-1.355,41.84645],[-1.31612,41.80461],[-1.34522,41.77428],[-1.33393,41.73582],[-1.2933,41.70738],[-1.25752,41.7214],[-1.14764,41.68996],[-1.15717,41.65972],[-1.1724,41.64749],[-1.16593,41.6422],[-1.11309,41.64428],[-1.06632,41.61827],[-1.03604,41.61058],[-1.03539,41.58753],[-1.06142,41.58137],[-1.05499,41.57401],[-1.07188,41.56783],[-1.07276,41.56063],[-1.08399,41.56556],[-1.07643,41.55437],[-1.10305,41.55049],[-1.08254,41.54209],[-1.0867,41.5376],[-1.07572,41.54091],[-1.07326,41.53149],[-1.05419,41.53892],[-1.03903,41.52804],[-1.05668,41.50966],[-1.05116,41.50389],[-1.07692,41.48076],[-1.03701,41.45868],[-1.02292,41.42086],[-0.99285,41.40321],[-0.9582,41.39085],[-0.91622,41.40313],[-0.92367,41.42647],[-0.91326,41.45927],[-0.91626,41.48675],[-0.88318,41.48592],[-0.87213,41.49304],[-0.82234,41.44593],[-0.78152,41.42457],[-0.65152,41.38582],[-0.62761,41.40305],[-0.60263,41.38831],[-0.58017,41.36173],[-0.54944,41.34582],[-0.50931,41.35441],[-0.49175,41.35143],[-0.48871,41.36485],[-0.45832,41.3655],[-0.44308,41.35058],[-0.4787,41.34626],[-0.47349,41.3244],[-0.46894,41.31857],[-0.41953,41.31206],[-0.42753,41.29439],[-0.40464,41.27269],[-0.37672,41.26578],[-0.33599,41.24171],[-0.32186,41.24589],[-0.31687,41.25794],[-0.26745,41.21534],[-0.2452,41.21225],[-0.22407,41.19033],[-0.17974,41.18847],[-0.12119,41.15697],[-0.07723,41.15088],[-0.02458,41.12841],[-0.01102,41.12058],[0.00055,41.09073],[0.03813,41.0469],[0.05303,41.05515],[0.05874,41.07538],[0.07366,41.07975],[0.11819,41.07747],[0.14706,41.06337],[0.16924,41.07125],[0.22155,41.07176],[0.22128,41.08324],[0.2024,41.08501],[0.21018,41.11724],[0.20206,41.12569],[0.22103,41.13275],[0.21515,41.13762],[0.25004,41.13089],[0.25419,41.15048],[0.29319,41.15668],[0.30452,41.1647],[0.3236,41.22556],[0.33335,41.22333],[0.34151,41.23138],[0.36206,41.22584],[0.3658,41.239],[0.38251,41.23675],[0.37491,41.24967],[0.38686,41.27916],[0.36684,41.30429],[0.36951,41.31895],[0.34972,41.33009],[0.37493,41.35072],[0.36116,41.37083],[0.32119,41.39518],[0.33616,41.40854],[0.31008,41.41916],[0.24179,41.42867],[0.2203,41.40389],[0.20044,41.40365],[0.18385,41.39473],[0.16575,41.4071],[0.13216,41.3892],[0.1075,41.35114],[0.0109,41.36075],[-0.00177,41.38823],[-0.02272,41.3972],[-0.02807,41.37814],[-0.00672,41.34813],[-0.06879,41.37328],[-0.10376,41.4858],[-0.13358,41.5227],[-0.15545,41.53561],[-0.15626,41.56869],[-0.16614,41.58143],[-0.15523,41.59029],[-0.20452,41.60258],[-0.23557,41.57417],[-0.24475,41.57405],[-0.30108,41.60823],[-0.31137,41.62442],[-0.36108,41.63813],[-0.36503,41.68023],[-0.37328,41.68843],[-0.42731,41.70579],[-0.44369,41.704],[-0.48819,41.73198],[-0.51814,41.72968],[-0.49946,41.76163],[-0.51078,41.78467],[-0.51552,41.83708],[-0.55398,41.87164],[-0.60208,41.88313],[-0.59423,41.8999],[-0.62935,41.91321],[-0.65659,41.9578],[-0.77697,41.9577],[-0.86504,41.9999],[-0.93769,42.01537],[-0.936,41.93566],[-1.00815,41.9195],[-1.02698,41.90253],[-1.05452,41.89922],[-1.0776,41.88632],[-1.11325,41.89084],[-1.20564,41.88123],[-1.21132,41.87383],[-1.19571,41.8632],[-1.22219,41.83459],[-1.22754,41.84538],[-1.21903,41.86013],[-1.22861,41.85562],[-1.23588,41.86781],[-1.27761,41.88612],[-1.28301,41.87312],[-1.29716,41.88584],[-1.31992,41.88515],[-1.3338,41.9137],[-1.35911,41.88821],[-1.35762,41.87377]],[[-1.21187,41.82204],[-1.19658,41.84111],[-1.19262,41.83242],[-1.21187,41.82204]]],[[[-1.12865,41.52392],[-1.12487,41.53131],[-1.15561,41.54201],[-1.16359,41.52536],[-1.12865,41.52392]]]]}},{"type":"Feature","properties":{"code":"633301"},"geometry":{"type":"MultiPolygon","coordinates":[[[[-7.05448,43.47273],[-7.00117,43.47454],[-7.00951,43.45763],[-6.98979,43.4492],[-6.99404,43.43795],[-6.97422,43.41704],[-6.95579,43.43682],[-6.94555,43.43522],[-6.96791,43.39941],[-6.95477,43.37414],[-6.92884,43.38621],[-6.89726,43.42188],[-6.90837,43.43884],[-6.89536,43.45938],[-6.83812,43.44811],[-6.82628,43.4511],[-6.81493,43.46934],[-6.79675,43.47291],[-6.77236,43.45818],[-6.74001,43.45661],[-6.7137,43.4756],[-6.73459,43.47766],[-6.71375,43.49957],[-6.6419,43.48539],[-6.65636,43.4446],[-6.63641,43.43994],[-6.62962,43.42491],[-6.60712,43.43777],[-6.59729,43.45515],[-6.55725,43.46023],[-6.51337,43.43387],[-6.50797,43.43871],[-6.49291,43.43255],[-6.47248,43.44222],[-6.4643,43.4363],[-6.4519,43.43939],[-6.448,43.4292],[-6.43197,43.42407],[-6.428,43.40852],[-6.39362,43.39853],[-6.38176,43.42172],[-6.35149,43.44038],[-6.33536,43.46739],[-6.34217,43.47361],[-6.32574,43.48373],[-6.30479,43.48107],[-6.28642,43.50013],[-6.25702,43.49188],[-6.23401,43.496],[-6.21622,43.46782],[-6.22846,43.45863],[-6.18981,43.45006],[-6.16026,43.43188],[-6.1536,43.41722],[-6.09668,43.46929],[-6.06329,43.48441],[-6.0497,43.4805],[-6.04389,43.496],[-6.03148,43.49629],[-6.02028,43.50957],[-6.0069,43.48196],[-5.97169,43.47178],[-5.93934,43.49249],[-5.90319,43.50137],[-5.8979,43.49369],[-5.85209,43.47854],[-5.83898,43.48546],[-5.82497,43.48066],[-5.81383,43.49771],[-5.86138,43.52884],[-5.84564,43.5478],[-5.8814,43.55767],[-5.87532,43.56916],[-5.91682,43.58428],[-5.91392,43.59621],[-5.9399,43.59464],[-5.95886,43.57879],[-5.973,43.58225],[-5.99652,43.57407],[-6.01542,43.58767],[-6.02757,43.58653],[-6.0632,43.56585],[-6.11542,43.55548],[-6.15208,43.56881],[-6.18278,43.56298],[-6.18689,43.57985],[-6.20136,43.57278],[-6.20746,43.58545],[-6.21926,43.5796],[-6.24215,43.59559],[-6.25449,43.57797],[-6.35286,43.55126],[-6.39513,43.56044],[-6.42864,43.55316],[-6.46832,43.57094],[-6.47197,43.55086],[-6.53068,43.55097],[-6.53202,43.54549],[-6.54099,43.55486],[-6.59692,43.55418],[-6.60137,43.56557],[-6.61523,43.56307],[-6.6248,43.57242],[-6.68365,43.5588],[-6.70898,43.56375],[-6.71957,43.55675],[-6.73182,43.56468],[-6.75702,43.56173],[-6.77299,43.56861],[-6.78228,43.55674],[-6.80755,43.555],[-6.8293,43.56717],[-6.85037,43.56305],[-6.85229,43.57097],[-6.87266,43.56312],[-6.94466,43.57545],[-6.94672,43.56782],[-6.97217,43.55751],[-7.02747,43.55724],[-7.01993,43.54959],[-7.0304,43.54484],[-7.04613,43.5076],[-7.04617,43.47818],[-7.05448,43.47273]]],[[[-6.03145,43.59187],[-6.03344,43.58945],[-6.03157,43.58898],[-6.02933,43.59117],[-6.03145,43.59187]]]]}},{"type":"Feature","properties":{"code":"633301C"},"geometry":{"type":"Polygon","coordinates":[[[-5.93757,43.5947],[-5.95119,43.59581],[-5.97079,43.98744],[-6.07329,43.96068],[-6.15485,43.9221],[-6.2254,43.92859],[-6.30802,43.92537],[-6.38848,43.91147],[-6.47156,43.88437],[-7.01424,43.88236],[-7.0304,43.54484],[-7.01993,43.54959],[-7.02747,43.55724],[-7.02081,43.55994],[-6.97217,43.55751],[-6.94672,43.56782],[-6.94466,43.57545],[-6.87266,43.56312],[-6.85229,43.57097],[-6.85037,43.56305],[-6.8293,43.56717],[-6.80755,43.555],[-6.78228,43.55674],[-6.77299,43.56861],[-6.75702,43.56173],[-6.73182,43.56468],[-6.71957,43.55675],[-6.70898,43.56375],[-6.68365,43.5588],[-6.6248,43.57242],[-6.61523,43.56307],[-6.60137,43.56557],[-6.59692,43.55418],[-6.54099,43.55486],[-6.53313,43.5455],[-6.53068,43.55097],[-6.47197,43.55086],[-6.46832,43.57094],[-6.42864,43.55316],[-6.39513,43.56044],[-6.35286,43.55126],[-6.25449,43.57797],[-6.24215,43.59559],[-6.21926,43.5796],[-6.20746,43.58545],[-6.20136,43.57278],[-6.18689,43.57985],[-6.18278,43.56298],[-6.15208,43.56881],[-6.11077,43.55558],[-6.0632,43.56585],[-6.02757,43.58653],[-6.01542,43.58767],[-5.99652,43.57407],[-5.973,43.58225],[-5.95886,43.57879],[-5.93757,43.5947]],[[-6.02933,43.59117],[-6.02933,43.59117],[-6.03157,43.58898],[-6.03344,43.58945],[-6.03344,43.58945],[-6.03344,43.58945],[-6.03145,43.59187],[-6.02933,43.59117],[-6.02933,43.59117]]]}},{"type":"Feature","properties":{"code":"633302"},"geometry":{"type":"MultiPolygon","coordinates":[[[[-5.8814,43.55767],[-5.84564,43.5478],[-5.86138,43.52884],[-5.8198,43.50432],[-5.81687,43.49135],[-5.78574,43.47634],[-5.7788,43.46394],[-5.74618,43.44817],[-5.72884,43.45019],[-5.72362,43.45771],[-5.71614,43.45146],[-5.69647,43.46635],[-5.68105,43.45435],[-5.6439,43.45526],[-5.62343,43.44363],[-5.5841,43.44349],[-5.56339,43.42659],[-5.51031,43.42224],[-5.49834,43.41403],[-5.44638,43.4117],[-5.43517,43.42026],[-5.43381,43.43545],[-5.42216,43.43819],[-5.37517,43.42116],[-5.36475,43.40725],[-5.33742,43.42845],[-5.31755,43.41537],[-5.29399,43.41209],[-5.28017,43.41332],[-5.26313,43.43096],[-5.18389,43.44105],[-5.16329,43.43069],[-5.16822,43.42621],[-5.15807,43.41686],[-5.1461,43.42655],[-5.11495,43.43028],[-5.08408,43.42479],[-5.05362,43.40698],[-5.02909,43.40994],[-5.02435,43.39939],[-5.00815,43.39674],[-5.01073,43.38394],[-4.98758,43.3679],[-4.90536,43.35239],[-4.89439,43.35366],[-4.89318,43.36102],[-4.8639,43.35803],[-4.8489,43.36514],[-4.78837,43.35345],[-4.77696,43.36239],[-4.70982,43.36539],[-4.67325,43.35383],[-4.53809,43.34422],[-4.53308,43.3686],[-4.51955,43.36641],[-4.50947,43.38017],[-4.51091,43.39355],[-4.53311,43.40091],[-4.56941,43.39204],[-4.5799,43.40033],[-4.61799,43.39627],[-4.67683,43.41008],[-4.71006,43.40992],[-4.72279,43.41764],[-4.73835,43.41474],[-4.76821,43.43073],[-4.8051,43.43249],[-4.81377,43.44049],[-4.83497,43.43376],[-4.84029,43.44724],[-4.86975,43.44062],[-4.92696,43.46352],[-4.9354,43.45799],[-5.04286,43.46173],[-5.12761,43.48553],[-5.14821,43.47759],[-5.21347,43.47406],[-5.26769,43.50899],[-5.26324,43.51795],[-5.29433,43.53663],[-5.35233,43.5327],[-5.37036,43.54063],[-5.38461,43.53783],[-5.38484,43.53074],[-5.40743,43.55654],[-5.49311,43.54518],[-5.49587,43.55154],[-5.51555,43.55348],[-5.53012,43.54647],[-5.60793,43.55005],[-5.61621,43.55902],[-5.64786,43.54281],[-5.66241,43.55004],[-5.66806,43.54228],[-5.69353,43.54357],[-5.68225,43.55782],[-5.69569,43.55064],[-5.69963,43.56882],[-5.69033,43.56147],[-5.69428,43.56709],[-5.6748,43.57132],[-5.69466,43.56753],[-5.69665,43.57575],[-5.70852,43.56912],[-5.75438,43.58342],[-5.76942,43.60837],[-5.79045,43.61447],[-5.78144,43.61938],[-5.78197,43.63164],[-5.80867,43.63306],[-5.80931,43.64263],[-5.81939,43.6449],[-5.82867,43.64049],[-5.8383,43.6618],[-5.85739,43.65532],[-5.86495,43.63146],[-5.87974,43.62379],[-5.91238,43.62458],[-5.9114,43.60857],[-5.9254,43.59867],[-5.94658,43.59743],[-5.92048,43.59175],[-5.91392,43.59621],[-5.91682,43.58428],[-5.87532,43.56916],[-5.8814,43.55767]]],[[[-5.7801,43.61113],[-5.7801,43.61113],[-5.7801,43.61113],[-5.7801,43.61113],[-5.7801,43.61113],[-5.7801,43.61113],[-5.7801,43.61113],[-5.7801,43.61113],[-5.7801,43.61113],[-5.7801,43.61113],[-5.7801,43.61113],[-5.7801,43.61113],[-5.7801,43.61113],[-5.7801,43.61113],[-5.7801,43.61113],[-5.7801,43.61113],[-5.77838,43.61163],[-5.78056,43.61298],[-5.7801,43.61113]]],[[[-4.70593,43.41277],[-4.70593,43.41277],[-4.70593,43.41277],[-4.70593,43.41277],[-4.70593,43.41277],[-4.70593,43.41277],[-4.70593,43.41277],[-4.70593,43.41277],[-4.70593,43.41277],[-4.70593,43.41277],[-4.70593,43.41277],[-4.70593,43.41277],[-4.70593,43.41277],[-4.70593,43.41277],[-4.70593,43.41277],[-4.70593,43.41277],[-4.70677,43.41439],[-4.70779,43.41325],[-4.70593,43.41277]]],[[[-4.77115,43.43323],[-4.77115,43.43323],[-4.77115,43.43323],[-4.77115,43.43323],[-4.77115,43.43323],[-4.77115,43.43323],[-4.77115,43.43323],[-4.77115,43.43323],[-4.77115,43.43323],[-4.77115,43.43323],[-4.77115,43.43323],[-4.77115,43.43323],[-4.77115,43.43323],[-4.77115,43.43323],[-4.77115,43.43323],[-4.77115,43.43323],[-4.77222,43.43516],[-4.77354,43.43389],[-4.77115,43.43323]]],[[[-4.78771,43.43376],[-4.78771,43.43376],[-4.78771,43.43376],[-4.78771,43.43376],[-4.78771,43.43376],[-4.78771,43.43376],[-4.78771,43.43376],[-4.78771,43.43376],[-4.78771,43.43376],[-4.78771,43.43376],[-4.78771,43.43376],[-4.78771,43.43376],[-4.78771,43.43376],[-4.78771,43.43376],[-4.78771,43.43376],[-4.78771,43.43376],[-4.78661,43.43643],[-4.78949,43.43592],[-4.78771,43.43376]]],[[[-4.79518,43.43432],[-4.79518,43.43432],[-4.79518,43.43432],[-4.79518,43.43432],[-4.79518,43.43432],[-4.79518,43.43432],[-4.79518,43.43432],[-4.79518,43.43432],[-4.79518,43.43432],[-4.79518,43.43432],[-4.79518,43.43432],[-4.79518,43.43432],[-4.79518,43.43432],[-4.79518,43.43432],[-4.79518,43.43432],[-4.79518,43.43432],[-4.79421,43.43544],[-4.79593,43.43552],[-4.79518,43.43432]]],[[[-4.80679,43.43755],[-4.80679,43.43755],[-4.80679,43.43755],[-4.80679,43.43755],[-4.80679,43.43755],[-4.80679,43.43755],[-4.80679,43.43755],[-4.80679,43.43755],[-4.80679,43.43755],[-4.80679,43.43755],[-4.80679,43.43755],[-4.80679,43.43755],[-4.80679,43.43755],[-4.80679,43.43755],[-4.80679,43.43755],[-4.80679,43.43755],[-4.8054,43.43984],[-4.80635,43.43862],[-4.80729,43.4412],[-4.81001,43.4411],[-4.80929,43.43818],[-4.80679,43.43755]]],[[[-5.86261,43.66175],[-5.86193,43.66464],[-5.86479,43.66357],[-5.86261,43.66175]]]]}},{"type":"Feature","properties":{"code":"633302C"},"geometry":{"type":"Polygon","coordinates":[[[-4.52365,43.72893],[-4.561,43.72968],[-4.66758,43.75981],[-4.73343,43.76986],[-4.82118,43.77443],[-4.874,43.76979],[-5.05329,43.79235],[-5.25748,43.87165],[-5.34521,43.88682],[-5.49927,43.88643],[-5.55844,43.92637],[-5.6328,43.96003],[-5.7147,43.98285],[-5.80276,43.99516],[-5.89558,43.99703],[-5.97079,43.98744],[-5.95119,43.59581],[-5.93757,43.5947],[-5.9445,43.59871],[-5.9254,43.59867],[-5.9114,43.60857],[-5.91238,43.62458],[-5.87974,43.62379],[-5.86495,43.63146],[-5.85739,43.65532],[-5.8383,43.6618],[-5.82867,43.64049],[-5.81939,43.6449],[-5.80931,43.64263],[-5.80867,43.63306],[-5.78197,43.63164],[-5.79045,43.61447],[-5.76942,43.60837],[-5.75438,43.58342],[-5.70852,43.56912],[-5.69665,43.57575],[-5.69466,43.56753],[-5.6748,43.57132],[-5.69428,43.56709],[-5.69033,43.56147],[-5.69963,43.56882],[-5.69569,43.55064],[-5.68225,43.55782],[-5.69353,43.54357],[-5.66806,43.54228],[-5.66241,43.55004],[-5.64786,43.54281],[-5.61621,43.55902],[-5.60793,43.55005],[-5.53012,43.54647],[-5.51555,43.55348],[-5.49587,43.55154],[-5.49311,43.54518],[-5.40743,43.55654],[-5.38484,43.53074],[-5.38461,43.53783],[-5.37036,43.54063],[-5.35233,43.5327],[-5.29433,43.53663],[-5.26324,43.51795],[-5.26769,43.50899],[-5.21347,43.47406],[-5.14821,43.47759],[-5.12761,43.48553],[-5.04286,43.46173],[-4.9354,43.45799],[-4.92696,43.46352],[-4.86975,43.44062],[-4.84029,43.44724],[-4.83497,43.43376],[-4.81377,43.44049],[-4.8051,43.43249],[-4.76821,43.43073],[-4.73835,43.41474],[-4.72279,43.41764],[-4.71006,43.40992],[-4.67683,43.41008],[-4.61799,43.39627],[-4.5799,43.40033],[-4.56941,43.39204],[-4.54534,43.40086],[-4.51091,43.39355],[-4.5089,43.5121],[-4.52365,43.72893]],[[-4.70779,43.41325],[-4.70779,43.41325],[-4.70779,43.41325],[-4.70779,43.41325],[-4.70779,43.41325],[-4.70779,43.41325],[-4.70779,43.41325],[-4.70779,43.41325],[-4.70779,43.41325],[-4.70779,43.41325],[-4.70779,43.41325],[-4.70779,43.41325],[-4.70779,43.41325],[-4.70779,43.41325],[-4.70779,43.41325],[-4.70677,43.41439],[-4.70593,43.41277],[-4.70593,43.41277],[-4.70593,43.41277],[-4.70779,43.41325],[-4.70779,43.41325],[-4.70779,43.41325]],[[-4.77354,43.43389],[-4.77354,43.43389],[-4.77354,43.43389],[-4.77354,43.43389],[-4.77354,43.43389],[-4.77354,43.43389],[-4.77354,43.43389],[-4.77354,43.43389],[-4.77354,43.43389],[-4.77354,43.43389],[-4.77354,43.43389],[-4.77354,43.43389],[-4.77354,43.43389],[-4.77354,43.43389],[-4.77354,43.43389],[-4.77222,43.43516],[-4.77115,43.43323],[-4.77115,43.43323],[-4.77115,43.43323],[-4.77354,43.43389],[-4.77354,43.43389],[-4.77354,43.43389]],[[-4.78771,43.43376],[-4.78771,43.43376],[-4.78771,43.43376],[-4.78771,43.43376],[-4.78771,43.43376],[-4.78771,43.43376],[-4.78771,43.43376],[-4.78771,43.43376],[-4.78771,43.43376],[-4.78771,43.43376],[-4.78771,43.43376],[-4.78771,43.43376],[-4.78771,43.43376],[-4.78771,43.43376],[-4.78771,43.43376],[-4.78771,43.43376],[-4.78771,43.43376],[-4.78949,43.43592],[-4.78949,43.43592],[-4.78949,43.43592],[-4.78661,43.43643],[-4.78771,43.43376]],[[-4.79421,43.43544],[-4.79421,43.43544],[-4.79421,43.43544],[-4.79421,43.43544],[-4.79421,43.43544],[-4.79421,43.43544],[-4.79421,43.43544],[-4.79421,43.43544],[-4.79421,43.43544],[-4.79421,43.43544],[-4.79421,43.43544],[-4.79421,43.43544],[-4.79421,43.43544],[-4.79421,43.43544],[-4.79421,43.43544],[-4.79421,43.43544],[-4.79518,43.43432],[-4.79593,43.43552],[-4.79593,43.43552],[-4.79593,43.43552],[-4.79421,43.43544],[-4.79421,43.43544]],[[-4.80679,43.43755],[-4.80679,43.43755],[-4.80679,43.43755],[-4.80679,43.43755],[-4.80679,43.43755],[-4.80679,43.43755],[-4.80679,43.43755],[-4.80679,43.43755],[-4.80679,43.43755],[-4.80679,43.43755],[-4.80679,43.43755],[-4.80679,43.43755],[-4.80679,43.43755],[-4.80679,43.43755],[-4.80679,43.43755],[-4.80679,43.43755],[-4.80929,43.43818],[-4.81001,43.4411],[-4.81001,43.4411],[-4.81001,43.4411],[-4.80729,43.4412],[-4.80635,43.43862],[-4.8054,43.43984],[-4.80679,43.43755],[-4.80679,43.43755]],[[-5.86261,43.66175],[-5.86261,43.66175],[-5.86261,43.66175],[-5.86261,43.66175],[-5.86261,43.66175],[-5.86261,43.66175],[-5.86261,43.66175],[-5.86261,43.66175],[-5.86261,43.66175],[-5.86261,43.66175],[-5.86261,43.66175],[-5.86261,43.66175],[-5.86261,43.66175],[-5.86261,43.66175],[-5.86261,43.66175],[-5.86261,43.66175],[-5.86261,43.66175],[-5.86479,43.66357],[-5.86479,43.66357],[-5.86479,43.66357],[-5.86193,43.66464],[-5.86261,43.66175]],[[-5.93757,43.5947],[-5.93757,43.5947],[-5.93757,43.5947],[-5.9399,43.59464],[-5.93757,43.5947]]]}},{"type":"Feature","properties":{"code":"633303"},"geometry":{"type":"Polygon","coordinates":[[[-7.17876,43.39651],[-7.17523,43.38283],[-7.15807,43.37502],[-7.13753,43.38364],[-7.12605,43.37289],[-7.12927,43.33054],[-7.11423,43.32688],[-7.09945,43.3041],[-7.05831,43.30563],[-7.07003,43.27151],[-7.06012,43.24434],[-7.01858,43.21354],[-7.00811,43.22318],[-6.99997,43.20757],[-6.96955,43.20455],[-6.96365,43.18738],[-6.9793,43.16684],[-6.95589,43.13578],[-6.9401,43.13213],[-6.90068,43.15539],[-6.88394,43.1571],[-6.86678,43.19032],[-6.87025,43.18016],[-6.86036,43.18255],[-6.83745,43.16644],[-6.82009,43.14354],[-6.82614,43.12349],[-6.86989,43.09151],[-6.89253,43.0921],[-6.91413,43.07372],[-6.93667,43.087],[-6.95035,43.07649],[-6.94898,43.06849],[-6.96717,43.05699],[-6.96317,43.03498],[-6.97101,43.03067],[-6.98045,43.04168],[-6.98506,43.0299],[-6.99545,43.02802],[-6.96727,42.99263],[-6.95461,42.99645],[-6.96298,43.02687],[-6.95564,43.03708],[-6.94509,43.03276],[-6.93917,43.0117],[-6.90886,42.99044],[-6.87914,42.99166],[-6.86284,42.98379],[-6.83463,42.95807],[-6.83434,42.91666],[-6.76921,42.89893],[-6.77006,42.88286],[-6.75521,42.88337],[-6.72174,42.91769],[-6.63733,42.92577],[-6.62713,42.9198],[-6.61148,42.92486],[-6.60505,42.91641],[-6.53979,42.91281],[-6.5355,42.92117],[-6.50913,42.92904],[-6.48833,42.92055],[-6.47714,42.93387],[-6.43166,42.94006],[-6.44017,42.94761],[-6.4322,42.96446],[-6.47157,42.96805],[-6.47587,42.9922],[-6.445,42.98247],[-6.43566,42.99333],[-6.42264,42.98817],[-6.40613,42.99979],[-6.40966,43.01723],[-6.39291,43.01691],[-6.3956,43.03862],[-6.3721,43.0414],[-6.3633,43.0502],[-6.3615,43.1028],[-6.372,43.1086],[-6.37588,43.13599],[-6.37114,43.14785],[-6.35442,43.15117],[-6.35817,43.15935],[-6.33115,43.20587],[-6.33549,43.21278],[-6.31376,43.23223],[-6.3381,43.24993],[-6.34026,43.26465],[-6.32622,43.26997],[-6.33181,43.29455],[-6.30181,43.32208],[-6.31373,43.33072],[-6.29763,43.34988],[-6.33349,43.36444],[-6.32503,43.37725],[-6.34677,43.39462],[-6.3435,43.40542],[-6.36114,43.43212],[-6.38176,43.42172],[-6.39362,43.39853],[-6.428,43.40852],[-6.43197,43.42407],[-6.448,43.4292],[-6.4519,43.43939],[-6.4643,43.4363],[-6.47248,43.44222],[-6.49291,43.43255],[-6.50797,43.43871],[-6.51337,43.43387],[-6.55725,43.46023],[-6.59729,43.45515],[-6.60712,43.43777],[-6.62962,43.42491],[-6.63641,43.43994],[-6.65636,43.4446],[-6.6419,43.48539],[-6.71375,43.49957],[-6.73459,43.47766],[-6.7137,43.4756],[-6.74001,43.45661],[-6.77236,43.45818],[-6.79675,43.47291],[-6.81493,43.46934],[-6.82628,43.4511],[-6.83812,43.44811],[-6.89536,43.45938],[-6.90837,43.43884],[-6.89726,43.42188],[-6.92884,43.38621],[-6.95477,43.37414],[-6.96791,43.39941],[-6.94555,43.43522],[-6.95579,43.43682],[-6.97422,43.41704],[-6.99404,43.43795],[-6.98979,43.4492],[-7.00951,43.45763],[-7.00117,43.47454],[-7.0604,43.47434],[-7.08884,43.45424],[-7.08407,43.44409],[-7.09644,43.44206],[-7.1014,43.42732],[-7.12798,43.42404],[-7.14054,43.43107],[-7.1715,43.4307],[-7.17532,43.41493],[-7.16706,43.40388],[-7.17876,43.39651]]]}},{"type":"Feature","properties":{"code":"633304"},"geometry":{"type":"Polygon","coordinates":[[[-6.36114,43.43212],[-6.3435,43.40542],[-6.34677,43.39462],[-6.32503,43.37725],[-6.33349,43.36444],[-6.29763,43.34988],[-6.31373,43.33072],[-6.30181,43.32208],[-6.33181,43.29455],[-6.32622,43.26997],[-6.34026,43.26465],[-6.3381,43.24993],[-6.31376,43.23223],[-6.32928,43.2248],[-6.33971,43.18972],[-6.27559,43.17395],[-6.26521,43.18679],[-6.23895,43.19702],[-6.20991,43.17481],[-6.17417,43.19604],[-6.16096,43.19129],[-6.15489,43.20317],[-6.14077,43.20766],[-6.14316,43.21725],[-6.1252,43.21962],[-6.10321,43.23576],[-6.09172,43.22677],[-6.09768,43.2077],[-6.0913,43.18979],[-6.06712,43.17251],[-6.04164,43.16823],[-6.02302,43.18207],[-6.01911,43.21861],[-5.99103,43.23571],[-5.97414,43.23522],[-5.97714,43.2672],[-5.9587,43.27553],[-5.94802,43.2649],[-5.95927,43.24201],[-5.88722,43.16766],[-5.86127,43.19658],[-5.83648,43.20366],[-5.81547,43.20188],[-5.79633,43.18784],[-5.77653,43.19083],[-5.77003,43.18139],[-5.754,43.19337],[-5.63013,43.19325],[-5.58004,43.16736],[-5.55976,43.17548],[-5.53445,43.1645],[-5.50502,43.16437],[-5.50224,43.19441],[-5.4865,43.20286],[-5.47176,43.23541],[-5.4756,43.25502],[-5.46277,43.25619],[-5.46491,43.26983],[-5.48013,43.27645],[-5.47971,43.2901],[-5.4654,43.29924],[-5.45554,43.32347],[-5.41831,43.34131],[-5.42822,43.3842],[-5.38173,43.38587],[-5.36475,43.40725],[-5.37517,43.42116],[-5.39108,43.42305],[-5.41065,43.43777],[-5.43381,43.43545],[-5.43517,43.42026],[-5.44638,43.4117],[-5.56339,43.42659],[-5.5841,43.44349],[-5.62343,43.44363],[-5.6439,43.45526],[-5.68105,43.45435],[-5.69647,43.46635],[-5.71614,43.45146],[-5.72362,43.45771],[-5.72884,43.45019],[-5.74618,43.44817],[-5.80972,43.49065],[-5.82497,43.48066],[-5.83898,43.48546],[-5.85209,43.47854],[-5.8979,43.49369],[-5.90319,43.50137],[-5.95229,43.48669],[-5.96624,43.47263],[-5.98695,43.4737],[-6.0069,43.48196],[-6.02028,43.50957],[-6.03148,43.49629],[-6.04389,43.496],[-6.0497,43.4805],[-6.06329,43.48441],[-6.09668,43.46929],[-6.1536,43.41722],[-6.16026,43.43188],[-6.18981,43.45006],[-6.22846,43.45863],[-6.21622,43.46782],[-6.23401,43.496],[-6.25702,43.49188],[-6.28642,43.50013],[-6.30479,43.48107],[-6.32574,43.48373],[-6.34217,43.47361],[-6.33536,43.46739],[-6.36114,43.43212]]]}},{"type":"Feature","properties":{"code":"633305"},"geometry":{"type":"Polygon","coordinates":[[[-6.25831,43.0158],[-6.22537,43.00921],[-6.21246,43.04695],[-6.19363,43.043],[-6.18466,43.04984],[-6.13524,43.02129],[-6.09547,43.03093],[-6.09042,43.06721],[-6.08045,43.07601],[-6.06585,43.06601],[-6.05081,43.0683],[-6.01879,43.05517],[-5.98779,43.06811],[-5.9657,43.05865],[-5.96882,43.04158],[-5.95532,43.01888],[-5.91824,43.00308],[-5.9132,42.99299],[-5.88579,42.99438],[-5.88773,42.97932],[-5.86249,42.98167],[-5.84171,42.96457],[-5.77861,42.96732],[-5.76245,42.97042],[-5.7651,42.98637],[-5.72696,43.0428],[-5.69194,43.05677],[-5.63496,43.0355],[-5.57319,43.03251],[-5.56874,43.02302],[-5.539,43.01864],[-5.5046,43.02892],[-5.49235,43.02164],[-5.47712,43.05519],[-5.38905,43.04962],[-5.3817,43.08752],[-5.36773,43.09486],[-5.34342,43.09447],[-5.3353,43.08223],[-5.28072,43.07771],[-5.26711,43.08784],[-5.2188,43.08393],[-5.14641,43.1154],[-5.13929,43.10319],[-5.10034,43.10212],[-5.09343,43.14365],[-5.07706,43.16074],[-5.0749,43.18119],[-5.01953,43.18538],[-4.99547,43.17337],[-4.99507,43.18606],[-4.96253,43.21271],[-4.94088,43.22522],[-4.91808,43.22778],[-4.91117,43.23715],[-4.8922,43.23875],[-4.86986,43.2284],[-4.85878,43.21868],[-4.86031,43.20589],[-4.83782,43.19003],[-4.83965,43.18105],[-4.81767,43.17923],[-4.77723,43.19231],[-4.74443,43.18439],[-4.73278,43.19015],[-4.7347,43.20925],[-4.72029,43.22976],[-4.72957,43.2576],[-4.70467,43.26713],[-4.63051,43.26792],[-4.63522,43.27603],[-4.60518,43.30082],[-4.55388,43.28836],[-4.55142,43.27221],[-4.53636,43.26959],[-4.52035,43.28089],[-4.51721,43.2943],[-4.52163,43.33836],[-4.59796,43.35117],[-4.67325,43.35383],[-4.70982,43.36539],[-4.77696,43.36239],[-4.78837,43.35345],[-4.8489,43.36514],[-4.8639,43.35803],[-4.89318,43.36102],[-4.89439,43.35366],[-4.91417,43.35831],[-4.92862,43.35336],[-4.95717,43.36633],[-4.98758,43.3679],[-5.01073,43.38394],[-5.00815,43.39674],[-5.02435,43.39939],[-5.02909,43.40994],[-5.05362,43.40698],[-5.08408,43.42479],[-5.11495,43.43028],[-5.1461,43.42655],[-5.15807,43.41686],[-5.16822,43.42621],[-5.16329,43.43069],[-5.18389,43.44105],[-5.26313,43.43096],[-5.28017,43.41332],[-5.29399,43.41209],[-5.34636,43.42706],[-5.38173,43.38587],[-5.42822,43.3842],[-5.41831,43.34131],[-5.45554,43.32347],[-5.4654,43.29924],[-5.47971,43.2901],[-5.48013,43.27645],[-5.46491,43.26983],[-5.46277,43.25619],[-5.4756,43.25502],[-5.47176,43.23541],[-5.4865,43.20286],[-5.50224,43.19441],[-5.50502,43.16437],[-5.53445,43.1645],[-5.55976,43.17548],[-5.58004,43.16736],[-5.63013,43.19325],[-5.754,43.19337],[-5.77003,43.18139],[-5.77653,43.19083],[-5.79633,43.18784],[-5.81547,43.20188],[-5.83648,43.20366],[-5.86127,43.19658],[-5.88722,43.16766],[-5.95927,43.24201],[-5.94802,43.2649],[-5.9587,43.27553],[-5.97714,43.2672],[-5.97414,43.23522],[-5.99103,43.23571],[-6.01911,43.21861],[-6.02302,43.18207],[-6.04164,43.16823],[-6.06712,43.17251],[-6.0913,43.18979],[-6.09768,43.2077],[-6.09172,43.22677],[-6.10321,43.23576],[-6.1252,43.21962],[-6.14316,43.21725],[-6.14077,43.20766],[-6.15489,43.20317],[-6.16096,43.19129],[-6.17417,43.19604],[-6.20991,43.17481],[-6.23895,43.19702],[-6.26521,43.18679],[-6.27559,43.17395],[-6.33971,43.18972],[-6.35817,43.15935],[-6.35442,43.15117],[-6.37114,43.14785],[-6.37588,43.13599],[-6.35648,43.05695],[-6.33172,43.04678],[-6.32505,43.03163],[-6.29373,43.0272],[-6.28375,43.03666],[-6.25831,43.0158]]]}},{"type":"Feature","properties":{"code":"645301"},"geometry":{"type":"MultiPolygon","coordinates":[[[[1.6502,39.032],[1.64754,39.04109],[1.63764,39.04153],[1.6502,39.032]]],[[[1.30347,38.96987],[1.28493,38.97466],[1.24571,38.96623],[1.24384,38.97337],[1.23328,38.96908],[1.23001,38.97498],[1.21618,38.95914],[1.2375,38.93915],[1.21524,38.90517],[1.22671,38.88832],[1.22547,38.87121],[1.23686,38.87302],[1.2491,38.85627],[1.2675,38.87768],[1.29846,38.87694],[1.30624,38.86757],[1.29849,38.86257],[1.31965,38.86704],[1.3216,38.85606],[1.34386,38.87151],[1.36204,38.86128],[1.37245,38.83074],[1.38541,38.84277],[1.40749,38.83215],[1.40454,38.87517],[1.42199,38.90406],[1.43988,38.90288],[1.44076,38.91707],[1.45425,38.90424],[1.45861,38.91847],[1.47795,38.91343],[1.49072,38.92885],[1.50642,38.9336],[1.51131,38.94713],[1.5292,38.94572],[1.52107,38.95362],[1.53243,38.95708],[1.5355,38.98366],[1.54716,38.9836],[1.55304,38.993],[1.58248,38.98974],[1.58617,39.016],[1.59546,39.01571],[1.59647,39.02521],[1.60797,39.03016],[1.6226,39.02807],[1.58911,39.06411],[1.59347,39.07646],[1.61122,39.08006],[1.59957,39.08259],[1.60517,39.09142],[1.59301,39.09968],[1.55794,39.09388],[1.53416,39.11881],[1.51507,39.11696],[1.51663,39.10915],[1.50822,39.11412],[1.51004,39.10338],[1.49731,39.09904],[1.48849,39.11066],[1.48519,39.10136],[1.46517,39.102],[1.44114,39.08085],[1.42752,39.09294],[1.41803,39.07775],[1.38707,39.07778],[1.37664,39.06292],[1.35913,39.07394],[1.35105,39.06424],[1.34628,39.06764],[1.34284,39.05362],[1.32687,39.05297],[1.29107,39.02874],[1.30006,39.01013],[1.28546,38.99427],[1.29813,38.97582],[1.30786,38.97921],[1.30347,38.96987]]],[[[1.41355,38.72168],[1.40593,38.72637],[1.4132,38.73154],[1.40256,38.72837],[1.39768,38.73589],[1.38133,38.71968],[1.39135,38.69988],[1.38153,38.69303],[1.38651,38.64176],[1.431,38.66562],[1.44298,38.68418],[1.45805,38.68598],[1.49627,38.67456],[1.52528,38.65346],[1.5698,38.65092],[1.58571,38.66326],[1.5706,38.69195],[1.53141,38.67304],[1.49414,38.69111],[1.47879,38.70289],[1.47395,38.72856],[1.46492,38.72304],[1.448,38.73309],[1.43447,38.77214],[1.43279,38.74512],[1.4227,38.73343],[1.41585,38.73614],[1.42063,38.72489],[1.41355,38.72168]]],[[[1.58593,38.98248],[1.58593,38.98248],[1.58593,38.98248],[1.58593,38.98248],[1.58593,38.98248],[1.58593,38.98248],[1.58593,38.98248],[1.58593,38.98248],[1.58593,38.98248],[1.58593,38.98248],[1.58593,38.98248],[1.58593,38.98248],[1.58593,38.98248],[1.58593,38.98248],[1.58593,38.98248],[1.58593,38.98248],[1.58547,38.98642],[1.58411,38.9854],[1.58593,38.98248]]],[[[1.48133,38.78833],[1.48133,38.78833],[1.48133,38.78833],[1.48133,38.78833],[1.48133,38.78833],[1.48133,38.78833],[1.48133,38.78833],[1.48133,38.78833],[1.48133,38.78833],[1.48133,38.78833],[1.48133,38.78833],[1.48133,38.78833],[1.48133,38.78833],[1.48133,38.78833],[1.48133,38.78833],[1.48133,38.78833],[1.47993,38.79638],[1.48371,38.79959],[1.47864,38.80104],[1.47909,38.80561],[1.47524,38.79783],[1.48133,38.78833]]],[[[1.46419,39.10195],[1.46419,39.10195],[1.46419,39.10195],[1.46419,39.10195],[1.46419,39.10195],[1.46419,39.10195],[1.46419,39.10195],[1.46419,39.10195],[1.46419,39.10195],[1.46419,39.10195],[1.46419,39.10195],[1.46419,39.10195],[1.46419,39.10195],[1.46419,39.10195],[1.46419,39.10195],[1.46419,39.10195],[1.4653,39.10375],[1.46268,39.10244],[1.46419,39.10195]]],[[[1.43453,38.7753],[1.423,38.79781],[1.4201,38.77901],[1.42641,38.7829],[1.43453,38.7753]]],[[[1.42038,38.79185],[1.42038,38.79185],[1.42038,38.79185],[1.42038,38.79185],[1.42038,38.79185],[1.42038,38.79185],[1.42038,38.79185],[1.42038,38.79185],[1.42038,38.79185],[1.42038,38.79185],[1.42038,38.79185],[1.42038,38.79185],[1.42038,38.79185],[1.42038,38.79185],[1.42038,38.79185],[1.42038,38.79185],[1.42101,38.79339],[1.41798,38.79533],[1.42038,38.79185]]],[[[1.41249,38.81428],[1.41249,38.81428],[1.41249,38.81428],[1.41249,38.81428],[1.41249,38.81428],[1.41249,38.81428],[1.41249,38.81428],[1.41249,38.81428],[1.41249,38.81428],[1.41249,38.81428],[1.41249,38.81428],[1.41249,38.81428],[1.41249,38.81428],[1.41249,38.81428],[1.41249,38.81428],[1.41249,38.81428],[1.41373,38.81519],[1.41112,38.81913],[1.41249,38.81428]]],[[[1.40506,38.816],[1.40506,38.816],[1.40506,38.816],[1.40506,38.816],[1.40506,38.816],[1.40506,38.816],[1.40506,38.816],[1.40506,38.816],[1.40506,38.816],[1.40506,38.816],[1.40506,38.816],[1.40506,38.816],[1.40506,38.816],[1.40506,38.816],[1.40506,38.816],[1.40506,38.816],[1.40566,38.81744],[1.40296,38.81637],[1.40506,38.816]]],[[[1.21378,38.86604],[1.21378,38.86604],[1.21378,38.86604],[1.21378,38.86604],[1.21378,38.86604],[1.21378,38.86604],[1.21378,38.86604],[1.21378,38.86604],[1.21378,38.86604],[1.21378,38.86604],[1.21378,38.86604],[1.21378,38.86604],[1.21378,38.86604],[1.21378,38.86604],[1.21378,38.86604],[1.21378,38.86604],[1.21592,38.8673],[1.21587,38.87011],[1.20836,38.86936],[1.21175,38.86749],[1.21483,38.86859],[1.21378,38.86604]]],[[[1.21942,38.96675],[1.21942,38.96675],[1.21942,38.96675],[1.21942,38.96675],[1.21942,38.96675],[1.21942,38.96675],[1.21942,38.96675],[1.21942,38.96675],[1.21942,38.96675],[1.21942,38.96675],[1.21942,38.96675],[1.21942,38.96675],[1.21942,38.96675],[1.21942,38.96675],[1.21942,38.96675],[1.21942,38.96675],[1.22111,38.96872],[1.21601,38.97282],[1.21532,38.96876],[1.21942,38.96675]]],[[[1.21501,38.97643],[1.21456,38.99564],[1.2071,38.98396],[1.21501,38.97643]]],[[[1.18957,38.86301],[1.18957,38.86301],[1.18957,38.86301],[1.18957,38.86301],[1.18957,38.86301],[1.18957,38.86301],[1.18957,38.86301],[1.18957,38.86301],[1.18957,38.86301],[1.18957,38.86301],[1.18957,38.86301],[1.18957,38.86301],[1.18957,38.86301],[1.18957,38.86301],[1.18957,38.86301],[1.18957,38.86301],[1.20353,38.86482],[1.20397,38.86979],[1.19705,38.87051],[1.18957,38.86301]]],[[[1.19956,38.95668],[1.19956,38.95668],[1.19956,38.95668],[1.19956,38.95668],[1.19956,38.95668],[1.19956,38.95668],[1.19956,38.95668],[1.19956,38.95668],[1.19956,38.95668],[1.19956,38.95668],[1.19956,38.95668],[1.19956,38.95668],[1.19956,38.95668],[1.19956,38.95668],[1.19956,38.95668],[1.19956,38.95668],[1.20086,38.95784],[1.19891,38.9604],[1.19069,38.95836],[1.19956,38.95668]]],[[[1.16736,38.97177],[1.16736,38.97177],[1.16736,38.97177],[1.16736,38.97177],[1.16736,38.97177],[1.16736,38.97177],[1.16736,38.97177],[1.16736,38.97177],[1.16736,38.97177],[1.16736,38.97177],[1.16736,38.97177],[1.16736,38.97177],[1.16736,38.97177],[1.16736,38.97177],[1.16736,38.97177],[1.16736,38.97177],[1.16856,38.97294],[1.16618,38.97442],[1.16736,38.97177]]],[[[1.16216,38.97941],[1.16316,38.98165],[1.15999,38.98018],[1.16216,38.97941]]]]}},{"type":"Feature","properties":{"code":"645301C"},"geometry":{"type":"Polygon","coordinates":[[[0.73329,38.99391],[0.73837,38.92812],[0.76546,38.85553],[0.76753,38.81672],[0.78785,38.75216],[0.82408,38.69204],[0.87474,38.63872],[0.97114,38.57894],[0.9834,38.53705],[1.01641,38.47861],[1.06297,38.42618],[1.12132,38.38169],[1.18933,38.34675],[1.2645,38.32263],[1.3441,38.31022],[1.42523,38.30995],[1.54218,38.3335],[1.66127,38.33545],[1.74312,38.35394],[1.81867,38.38492],[1.88488,38.42713],[1.93909,38.47889],[1.97908,38.53811],[2.00322,38.60242],[2.01049,38.66922],[2.00055,38.73581],[1.96616,38.80987],[2.00878,38.85169],[2.0474,38.91041],[2.0705,38.97392],[2.07712,39.03974],[2.06697,39.10528],[2.04025,39.17266],[1.95268,39.28584],[1.89393,39.33735],[1.82273,39.37833],[1.74212,39.40704],[1.65558,39.42222],[1.58175,39.42305],[1.47618,39.4368],[1.39105,39.43188],[1.1712,39.37338],[1.10506,39.34221],[1.04566,39.30069],[0.94072,39.26635],[0.87267,39.22707],[0.81596,39.17811],[0.77283,39.12141],[0.74492,39.05919],[0.73329,38.99391]],[[1.64295,39.04213],[1.6502,39.032],[1.64091,39.03498],[1.64295,39.04213]],[[1.24453,38.86692],[1.22547,38.87121],[1.22671,38.88832],[1.21509,38.89815],[1.22159,38.92262],[1.2375,38.93915],[1.21618,38.95914],[1.23001,38.97498],[1.23328,38.96908],[1.24384,38.97337],[1.24571,38.96623],[1.30868,38.9738],[1.30786,38.97921],[1.29813,38.97582],[1.28546,38.99427],[1.30006,39.01013],[1.29107,39.02874],[1.32687,39.05297],[1.34284,39.05362],[1.34628,39.06764],[1.35105,39.06424],[1.36297,39.07549],[1.37664,39.06292],[1.38707,39.07778],[1.41803,39.07775],[1.42752,39.09294],[1.44114,39.08085],[1.46517,39.102],[1.48519,39.10136],[1.48849,39.11066],[1.49731,39.09904],[1.51004,39.10338],[1.50822,39.11412],[1.51663,39.10915],[1.51507,39.11696],[1.53416,39.11881],[1.55794,39.09388],[1.59301,39.09968],[1.60517,39.09142],[1.59957,39.08259],[1.61122,39.08006],[1.59347,39.07646],[1.58911,39.06411],[1.6226,39.02807],[1.60797,39.03016],[1.59647,39.02521],[1.59546,39.01571],[1.58617,39.016],[1.58248,38.98974],[1.55304,38.993],[1.54716,38.9836],[1.5355,38.98366],[1.53243,38.95708],[1.52107,38.95362],[1.5292,38.94572],[1.51131,38.94713],[1.50642,38.9336],[1.49072,38.92885],[1.47795,38.91343],[1.45861,38.91847],[1.45425,38.90424],[1.44076,38.91707],[1.43988,38.90288],[1.42199,38.90406],[1.40454,38.87517],[1.40749,38.83215],[1.38541,38.84277],[1.37245,38.83074],[1.36204,38.86128],[1.34386,38.87151],[1.3216,38.85606],[1.31965,38.86704],[1.29849,38.86257],[1.30624,38.86757],[1.29846,38.87694],[1.2675,38.87768],[1.2491,38.85627],[1.24453,38.86692]],[[1.4088,38.72907],[1.40834,38.72242],[1.41927,38.7225],[1.41585,38.73614],[1.42957,38.7387],[1.43447,38.77214],[1.448,38.73309],[1.46492,38.72304],[1.47395,38.72856],[1.47879,38.70289],[1.49414,38.69111],[1.53141,38.67304],[1.5706,38.69195],[1.58571,38.66326],[1.5698,38.65092],[1.52528,38.65346],[1.49627,38.67456],[1.45805,38.68598],[1.44298,38.68418],[1.431,38.66562],[1.38651,38.64176],[1.38153,38.69303],[1.39135,38.69988],[1.38133,38.71968],[1.39768,38.73589],[1.4088,38.72907]],[[1.58593,38.98248],[1.58593,38.98248],[1.58593,38.98248],[1.58593,38.98248],[1.58593,38.98248],[1.58593,38.98248],[1.58593,38.98248],[1.58593,38.98248],[1.58593,38.98248],[1.58593,38.98248],[1.58593,38.98248],[1.58593,38.98248],[1.58593,38.98248],[1.58593,38.98248],[1.58593,38.98248],[1.58411,38.9854],[1.58547,38.98642],[1.58547,38.98642],[1.58547,38.98642],[1.58593,38.98248],[1.58593,38.98248],[1.58593,38.98248]],[[1.47909,38.80561],[1.47909,38.80561],[1.47909,38.80561],[1.47909,38.80561],[1.47909,38.80561],[1.47909,38.80561],[1.47909,38.80561],[1.47909,38.80561],[1.47909,38.80561],[1.47909,38.80561],[1.47909,38.80561],[1.47909,38.80561],[1.47909,38.80561],[1.47909,38.80561],[1.47909,38.80561],[1.47909,38.80561],[1.47909,38.80561],[1.47864,38.80104],[1.48371,38.79959],[1.48371,38.79959],[1.48371,38.79959],[1.47993,38.79638],[1.48133,38.78833],[1.48133,38.78833],[1.48133,38.78833],[1.47524,38.79783],[1.47909,38.80561]],[[1.4653,39.10375],[1.4653,39.10375],[1.4653,39.10375],[1.4653,39.10375],[1.4653,39.10375],[1.4653,39.10375],[1.4653,39.10375],[1.4653,39.10375],[1.4653,39.10375],[1.4653,39.10375],[1.4653,39.10375],[1.4653,39.10375],[1.4653,39.10375],[1.4653,39.10375],[1.4653,39.10375],[1.4653,39.10375],[1.46419,39.10195],[1.46268,39.10244],[1.46268,39.10244],[1.46268,39.10244],[1.4653,39.10375],[1.4653,39.10375]],[[1.42025,38.79533],[1.42722,38.79595],[1.43453,38.7753],[1.42641,38.7829],[1.4201,38.77901],[1.42025,38.79533]],[[1.42038,38.79185],[1.42038,38.79185],[1.42038,38.79185],[1.42038,38.79185],[1.42038,38.79185],[1.42038,38.79185],[1.42038,38.79185],[1.42038,38.79185],[1.42038,38.79185],[1.42038,38.79185],[1.42038,38.79185],[1.42038,38.79185],[1.42038,38.79185],[1.42038,38.79185],[1.42038,38.79185],[1.41798,38.79533],[1.42101,38.79339],[1.42101,38.79339],[1.42101,38.79339],[1.42038,38.79185],[1.42038,38.79185],[1.42038,38.79185]],[[1.41249,38.81428],[1.41249,38.81428],[1.41249,38.81428],[1.41249,38.81428],[1.41249,38.81428],[1.41249,38.81428],[1.41249,38.81428],[1.41249,38.81428],[1.41249,38.81428],[1.41249,38.81428],[1.41249,38.81428],[1.41249,38.81428],[1.41249,38.81428],[1.41249,38.81428],[1.41249,38.81428],[1.41112,38.81913],[1.41112,38.81913],[1.41112,38.81913],[1.41373,38.81519],[1.41249,38.81428],[1.41249,38.81428],[1.41249,38.81428]],[[1.40566,38.81744],[1.40566,38.81744],[1.40566,38.81744],[1.40566,38.81744],[1.40566,38.81744],[1.40566,38.81744],[1.40566,38.81744],[1.40566,38.81744],[1.40566,38.81744],[1.40566,38.81744],[1.40566,38.81744],[1.40566,38.81744],[1.40566,38.81744],[1.40566,38.81744],[1.40566,38.81744],[1.40566,38.81744],[1.40506,38.816],[1.40296,38.81637],[1.40296,38.81637],[1.40296,38.81637],[1.40566,38.81744],[1.40566,38.81744]],[[1.21483,38.86859],[1.21483,38.86859],[1.21483,38.86859],[1.21483,38.86859],[1.21483,38.86859],[1.21483,38.86859],[1.21483,38.86859],[1.21483,38.86859],[1.21483,38.86859],[1.21483,38.86859],[1.21483,38.86859],[1.21483,38.86859],[1.21483,38.86859],[1.21483,38.86859],[1.21483,38.86859],[1.21175,38.86749],[1.20836,38.86936],[1.20836,38.86936],[1.20836,38.86936],[1.21587,38.87011],[1.21587,38.87011],[1.21587,38.87011],[1.21592,38.8673],[1.21378,38.86604],[1.21378,38.86604],[1.21378,38.86604],[1.21483,38.86859]],[[1.22111,38.96872],[1.22111,38.96872],[1.22111,38.96872],[1.22111,38.96872],[1.22111,38.96872],[1.22111,38.96872],[1.22111,38.96872],[1.22111,38.96872],[1.22111,38.96872],[1.22111,38.96872],[1.22111,38.96872],[1.22111,38.96872],[1.22111,38.96872],[1.22111,38.96872],[1.22111,38.96872],[1.22111,38.96872],[1.21942,38.96675],[1.21532,38.96876],[1.21532,38.96876],[1.21532,38.96876],[1.21601,38.97282],[1.22111,38.96872],[1.22111,38.96872]],[[1.21992,38.97866],[1.20799,38.98114],[1.21456,38.99564],[1.2116,38.98466],[1.21992,38.97866]],[[1.18957,38.86301],[1.18957,38.86301],[1.18957,38.86301],[1.18957,38.86301],[1.18957,38.86301],[1.18957,38.86301],[1.18957,38.86301],[1.18957,38.86301],[1.18957,38.86301],[1.18957,38.86301],[1.18957,38.86301],[1.18957,38.86301],[1.18957,38.86301],[1.18957,38.86301],[1.18957,38.86301],[1.19705,38.87051],[1.20397,38.86979],[1.20397,38.86979],[1.20397,38.86979],[1.20353,38.86482],[1.18957,38.86301],[1.18957,38.86301],[1.18957,38.86301]],[[1.19069,38.95836],[1.19069,38.95836],[1.19069,38.95836],[1.19069,38.95836],[1.19069,38.95836],[1.19069,38.95836],[1.19069,38.95836],[1.19069,38.95836],[1.19069,38.95836],[1.19069,38.95836],[1.19069,38.95836],[1.19069,38.95836],[1.19069,38.95836],[1.19069,38.95836],[1.19069,38.95836],[1.19891,38.9604],[1.20086,38.95784],[1.20086,38.95784],[1.20086,38.95784],[1.19956,38.95668],[1.19069,38.95836],[1.19069,38.95836],[1.19069,38.95836]],[[1.16736,38.97177],[1.16736,38.97177],[1.16736,38.97177],[1.16736,38.97177],[1.16736,38.97177],[1.16736,38.97177],[1.16736,38.97177],[1.16736,38.97177],[1.16736,38.97177],[1.16736,38.97177],[1.16736,38.97177],[1.16736,38.97177],[1.16736,38.97177],[1.16736,38.97177],[1.16736,38.97177],[1.16618,38.97442],[1.16856,38.97294],[1.16856,38.97294],[1.16856,38.97294],[1.16736,38.97177],[1.16736,38.97177],[1.16736,38.97177]],[[1.16316,38.98165],[1.16316,38.98165],[1.16216,38.97941],[1.15999,38.98018],[1.15999,38.98018],[1.15999,38.98018],[1.16316,38.98165],[1.16316,38.98165]]]}},{"type":"Feature","properties":{"code":"645401"},"geometry":{"type":"Polygon","coordinates":[[[2.43784,39.64367],[2.44792,39.62753],[2.46336,39.64175],[2.48774,39.6343],[2.48423,39.61267],[2.50919,39.59189],[2.5206,39.59142],[2.56926,39.61021],[2.59131,39.60857],[2.59259,39.61741],[2.5747,39.62172],[2.56979,39.63054],[2.58962,39.65224],[2.60198,39.65048],[2.60459,39.65605],[2.64097,39.64632],[2.66021,39.65877],[2.70831,39.64916],[2.73956,39.65958],[2.73587,39.70669],[2.80236,39.74365],[2.7877,39.7526],[2.80006,39.77341],[2.81587,39.76454],[2.82983,39.76847],[2.90499,39.81552],[2.92808,39.81392],[2.95392,39.82253],[2.92524,39.88086],[2.92593,39.90058],[2.89739,39.8956],[2.87664,39.87871],[2.85488,39.87523],[2.84621,39.86218],[2.8394,39.86601],[2.82615,39.85714],[2.80582,39.86266],[2.80116,39.85147],[2.77978,39.85605],[2.77735,39.84032],[2.76823,39.84327],[2.76359,39.83287],[2.74896,39.82818],[2.74271,39.83282],[2.70058,39.81091],[2.69021,39.79816],[2.69471,39.79116],[2.68107,39.79911],[2.67001,39.79255],[2.66674,39.77577],[2.6424,39.76068],[2.63699,39.76596],[2.62667,39.75293],[2.62034,39.75616],[2.62455,39.7497],[2.58833,39.71762],[2.55261,39.69894],[2.52851,39.70175],[2.46303,39.65243],[2.43784,39.64367]]]}},{"type":"Feature","properties":{"code":"645401C"},"geometry":{"type":"Polygon","coordinates":[[[2.73652,40.19688],[2.57439,40.14893],[2.1965,39.93084],[2.43784,39.64367],[2.46303,39.65243],[2.52851,39.70175],[2.55261,39.69894],[2.58833,39.71762],[2.62455,39.7497],[2.62034,39.75616],[2.62667,39.75293],[2.63699,39.76596],[2.6424,39.76068],[2.66674,39.77577],[2.67001,39.79255],[2.68107,39.79911],[2.69471,39.79116],[2.69021,39.79816],[2.70058,39.81091],[2.74271,39.83282],[2.74896,39.82818],[2.76359,39.83287],[2.76823,39.84327],[2.77735,39.84032],[2.77978,39.85605],[2.80116,39.85147],[2.80582,39.86266],[2.82615,39.85714],[2.8394,39.86601],[2.84621,39.86218],[2.85488,39.87523],[2.87664,39.87871],[2.89739,39.8956],[2.92593,39.90058],[2.73652,40.19688]]]}},{"type":"Feature","properties":{"code":"645402"},"geometry":{"type":"MultiPolygon","coordinates":[[[[2.92808,39.81392],[2.92971,39.79498],[2.96082,39.75117],[2.97722,39.7502],[3.00081,39.73097],[3.02068,39.74055],[3.027,39.7278],[3.04535,39.72109],[3.042,39.71492],[3.08667,39.69902],[3.11285,39.67694],[3.14202,39.68345],[3.15661,39.69587],[3.17313,39.68927],[3.20046,39.70009],[3.21422,39.68566],[3.22631,39.70384],[3.25649,39.68057],[3.28181,39.68006],[3.29972,39.66633],[3.29148,39.65286],[3.31244,39.63974],[3.32927,39.64788],[3.32268,39.66255],[3.33145,39.66781],[3.34256,39.66257],[3.36498,39.67286],[3.37646,39.66443],[3.39225,39.67242],[3.43748,39.63484],[3.44162,39.65612],[3.45715,39.65708],[3.45794,39.70596],[3.47952,39.71633],[3.45347,39.72297],[3.46235,39.74839],[3.43326,39.7454],[3.40511,39.76434],[3.37493,39.7688],[3.34905,39.7897],[3.33615,39.78425],[3.33196,39.76172],[3.2555,39.72998],[3.15418,39.7681],[3.12676,39.79389],[3.12117,39.83189],[3.13402,39.84158],[3.14191,39.83224],[3.1798,39.84107],[3.19839,39.86314],[3.18813,39.86316],[3.18928,39.88201],[3.20547,39.88891],[3.19137,39.89266],[3.14655,39.86613],[3.13319,39.86978],[3.10673,39.8579],[3.088,39.87127],[3.08094,39.90191],[3.0912,39.91149],[3.11165,39.89956],[3.11116,39.91181],[3.12839,39.91707],[3.13287,39.92727],[3.15535,39.92351],[3.18152,39.94075],[3.20345,39.94417],[3.21426,39.9628],[3.18061,39.95141],[3.17424,39.95251],[3.17825,39.96244],[3.15726,39.95794],[3.12165,39.93177],[3.09892,39.92825],[3.09703,39.93636],[3.06107,39.91985],[3.06237,39.93293],[3.03898,39.9304],[3.04313,39.93812],[3.00235,39.92418],[2.98423,39.90896],[2.95143,39.92057],[2.92215,39.89822],[2.95392,39.82253],[2.92808,39.81392]]],[[[3.17123,39.83505],[3.17123,39.83505],[3.17123,39.83505],[3.17123,39.83505],[3.17123,39.83505],[3.17123,39.83505],[3.17123,39.83505],[3.17123,39.83505],[3.17123,39.83505],[3.17123,39.83505],[3.17123,39.83505],[3.17123,39.83505],[3.17123,39.83505],[3.17123,39.83505],[3.17123,39.83505],[3.17123,39.83505],[3.17286,39.83606],[3.17108,39.83638],[3.17123,39.83505]]],[[[3.14819,39.91978],[3.15082,39.92143],[3.14537,39.92314],[3.14819,39.91978]]]]}},{"type":"Feature","properties":{"code":"645402C"},"geometry":{"type":"Polygon","coordinates":[[[2.73652,40.19688],[2.92593,39.90058],[2.95143,39.92057],[2.98423,39.90896],[3.00235,39.92418],[3.04313,39.93812],[3.03898,39.9304],[3.06237,39.93293],[3.06107,39.91985],[3.09703,39.93636],[3.09892,39.92825],[3.12165,39.93177],[3.15726,39.95794],[3.17825,39.96244],[3.17424,39.95251],[3.18061,39.95141],[3.21588,39.96202],[3.20345,39.94417],[3.18152,39.94075],[3.15535,39.92351],[3.13287,39.92727],[3.12839,39.91707],[3.11116,39.91181],[3.11165,39.89956],[3.0912,39.91149],[3.08094,39.90191],[3.088,39.87127],[3.10673,39.8579],[3.13319,39.86978],[3.14655,39.86613],[3.19137,39.89266],[3.20547,39.88891],[3.18928,39.88201],[3.18813,39.86316],[3.19839,39.86314],[3.1798,39.84107],[3.14191,39.83224],[3.13402,39.84158],[3.12117,39.83189],[3.12194,39.80203],[3.14613,39.77422],[3.21255,39.74226],[3.2555,39.72998],[3.33196,39.76172],[3.33615,39.78425],[3.34905,39.7897],[3.37493,39.7688],[3.40511,39.76434],[3.43326,39.7454],[3.46235,39.74839],[3.45347,39.72297],[3.47952,39.71633],[3.45794,39.70596],[3.45715,39.65708],[3.44162,39.65612],[3.43748,39.63484],[3.77661,39.44332],[3.88123,39.59229],[3.79925,39.67515],[3.53035,39.98848],[3.4465,40.22346],[3.3737,40.25919],[3.29304,40.28311],[3.20775,40.29424],[3.12126,40.29214],[3.03705,40.27688],[2.73652,40.19688]],[[3.14537,39.92314],[3.14537,39.92314],[3.14537,39.92314],[3.14537,39.92314],[3.14537,39.92314],[3.14537,39.92314],[3.14537,39.92314],[3.14537,39.92314],[3.14537,39.92314],[3.14537,39.92314],[3.14537,39.92314],[3.15082,39.92143],[3.15082,39.92143],[3.15082,39.92143],[3.14819,39.91978],[3.14537,39.92314],[3.14537,39.92314],[3.14537,39.92314]],[[3.17108,39.83638],[3.17108,39.83638],[3.17108,39.83638],[3.17108,39.83638],[3.17108,39.83638],[3.17108,39.83638],[3.17108,39.83638],[3.17108,39.83638],[3.17108,39.83638],[3.17108,39.83638],[3.17108,39.83638],[3.17286,39.83606],[3.17286,39.83606],[3.17286,39.83606],[3.17123,39.83505],[3.17108,39.83638],[3.17108,39.83638],[3.17108,39.83638]],[[2.8882,39.88718],[2.8882,39.88718],[2.88823,39.88719],[2.8882,39.88718]]]}},{"type":"Feature","properties":{"code":"645403"},"geometry":{"type":"Polygon","coordinates":[[[2.75377,39.71886],[2.73256,39.69898],[2.73956,39.65958],[2.75339,39.65841],[2.75553,39.64856],[2.77947,39.63917],[2.81833,39.5957],[2.82614,39.60096],[2.8408,39.59484],[2.84758,39.57033],[2.83651,39.57006],[2.83935,39.56115],[2.82948,39.55227],[2.90419,39.51891],[2.93045,39.51974],[2.94462,39.53064],[2.96337,39.52552],[2.97365,39.51943],[2.96521,39.49733],[2.97756,39.49401],[2.95917,39.48082],[2.96143,39.46355],[2.98919,39.46067],[3.0063,39.46168],[3.01825,39.47147],[3.03147,39.46741],[3.05213,39.4768],[3.05802,39.47282],[3.08003,39.49914],[3.11125,39.49412],[3.08929,39.51576],[3.09921,39.53367],[3.12373,39.53026],[3.13017,39.54276],[3.13916,39.53853],[3.15934,39.54637],[3.14557,39.56924],[3.16016,39.58563],[3.15032,39.5951],[3.1624,39.60061],[3.15858,39.62745],[3.21084,39.67926],[3.22971,39.66847],[3.25238,39.68434],[3.22631,39.70384],[3.21422,39.68566],[3.20046,39.70009],[3.17313,39.68927],[3.15661,39.69587],[3.14202,39.68345],[3.11285,39.67694],[3.08667,39.69902],[3.042,39.71492],[3.04535,39.72109],[3.027,39.7278],[3.02068,39.74055],[3.00081,39.73097],[2.97722,39.7502],[2.96082,39.75117],[2.92015,39.81664],[2.87914,39.80192],[2.82983,39.76847],[2.81587,39.76454],[2.80348,39.77589],[2.7877,39.7526],[2.80236,39.74365],[2.75377,39.71886]]]}},{"type":"Feature","properties":{"code":"645404"},"geometry":{"type":"MultiPolygon","coordinates":[[[[2.35679,39.55996],[2.37327,39.54467],[2.39157,39.54658],[2.3641,39.53332],[2.38932,39.53441],[2.38837,39.52117],[2.40574,39.52696],[2.41469,39.53935],[2.42476,39.5374],[2.42009,39.52402],[2.45274,39.53779],[2.45852,39.53442],[2.46804,39.51939],[2.48111,39.51895],[2.45725,39.50544],[2.46805,39.49113],[2.48032,39.49208],[2.47722,39.46666],[2.49176,39.47313],[2.50114,39.46216],[2.52289,39.45683],[2.52184,39.4766],[2.53754,39.48763],[2.53488,39.5058],[2.54827,39.51174],[2.53993,39.51355],[2.53951,39.52336],[2.56249,39.53231],[2.59189,39.53164],[2.60154,39.55123],[2.63352,39.5455],[2.6407,39.55284],[2.63338,39.54601],[2.62129,39.55082],[2.63229,39.55332],[2.62579,39.55518],[2.63202,39.56804],[2.64528,39.56744],[2.63583,39.56081],[2.64609,39.56617],[2.67026,39.56303],[2.71198,39.5341],[2.72936,39.53034],[2.75249,39.50416],[2.72309,39.47622],[2.74839,39.44172],[2.74023,39.4132],[2.74658,39.40146],[2.78847,39.36349],[2.80712,39.36741],[2.82987,39.35632],[2.84566,39.36628],[2.88266,39.36659],[2.9145,39.35241],[2.932,39.36446],[2.95802,39.36319],[2.99137,39.33818],[2.98711,39.31644],[3.00447,39.31767],[3.01437,39.31109],[3.02473,39.28919],[3.07049,39.30282],[3.05778,39.32108],[3.07619,39.32803],[3.08819,39.36481],[3.07029,39.37954],[3.0971,39.39995],[3.08646,39.40814],[3.10205,39.41757],[3.08174,39.45359],[3.05213,39.4768],[3.03147,39.46741],[3.01825,39.47147],[3.0063,39.46168],[2.96143,39.46355],[2.95917,39.48082],[2.97756,39.49401],[2.96521,39.49733],[2.96359,39.50544],[2.97365,39.51943],[2.94462,39.53064],[2.93045,39.51974],[2.90419,39.51891],[2.82948,39.55227],[2.83935,39.56115],[2.83651,39.57006],[2.84758,39.57033],[2.8408,39.59484],[2.82614,39.60096],[2.81833,39.5957],[2.77947,39.63917],[2.75553,39.64856],[2.75339,39.65841],[2.73264,39.66091],[2.70831,39.64916],[2.66021,39.65877],[2.64097,39.64632],[2.60459,39.65605],[2.60198,39.65048],[2.58962,39.65224],[2.56979,39.63054],[2.5747,39.62172],[2.59259,39.61741],[2.59131,39.60857],[2.56926,39.61021],[2.5206,39.59142],[2.50919,39.59189],[2.48423,39.61267],[2.48774,39.6343],[2.46336,39.64175],[2.44792,39.62753],[2.43784,39.64367],[2.39579,39.61733],[2.35703,39.60597],[2.34572,39.58761],[2.35559,39.57705],[2.34755,39.56504],[2.35679,39.55996]]],[[[3.01072,39.30377],[3.01072,39.30377],[3.01072,39.30377],[3.01072,39.30377],[3.01072,39.30377],[3.01072,39.30377],[3.01072,39.30377],[3.01072,39.30377],[3.01072,39.30377],[3.01072,39.30377],[3.01072,39.30377],[3.01072,39.30377],[3.01072,39.30377],[3.01072,39.30377],[3.01072,39.30377],[3.01072,39.30377],[3.01323,39.30394],[3.0137,39.30571],[3.00945,39.30532],[3.01072,39.30377]]],[[[2.97853,39.16676],[2.97853,39.16676],[2.97853,39.16676],[2.97853,39.16676],[2.97853,39.16676],[2.97853,39.16676],[2.97853,39.16676],[2.97853,39.16676],[2.97853,39.16676],[2.97853,39.16676],[2.97853,39.16676],[2.97853,39.16676],[2.97853,39.16676],[2.97853,39.16676],[2.97853,39.16676],[2.97853,39.16676],[2.97909,39.16988],[2.97592,39.17012],[2.97555,39.16781],[2.97853,39.16676]]],[[[2.93786,39.14431],[2.92719,39.14659],[2.91797,39.16189],[2.91605,39.1397],[2.92709,39.13897],[2.92833,39.13222],[2.92069,39.12929],[2.95504,39.12539],[2.95895,39.14925],[2.97068,39.14814],[2.97767,39.15776],[2.95197,39.16602],[2.95067,39.14866],[2.92967,39.15496],[2.93786,39.14431]]],[[[2.97499,39.19986],[2.97499,39.19986],[2.97499,39.19986],[2.97499,39.19986],[2.97499,39.19986],[2.97499,39.19986],[2.97499,39.19986],[2.97499,39.19986],[2.97499,39.19986],[2.97499,39.19986],[2.97499,39.19986],[2.97499,39.19986],[2.97499,39.19986],[2.97499,39.19986],[2.97499,39.19986],[2.97499,39.19986],[2.97627,39.20144],[2.97241,39.20093],[2.97499,39.19986]]],[[[2.97371,39.19579],[2.97371,39.19579],[2.97371,39.19579],[2.97371,39.19579],[2.97371,39.19579],[2.97371,39.19579],[2.97371,39.19579],[2.97371,39.19579],[2.97371,39.19579],[2.97371,39.19579],[2.97371,39.19579],[2.97371,39.19579],[2.97371,39.19579],[2.97371,39.19579],[2.97371,39.19579],[2.97371,39.19579],[2.97539,39.19659],[2.97457,39.19873],[2.97229,39.1981],[2.97371,39.19579]]],[[[2.96349,39.17584],[2.97095,39.19062],[2.95711,39.18448],[2.96349,39.17584]]],[[[2.9596,39.12484],[2.9596,39.12484],[2.9596,39.12484],[2.9596,39.12484],[2.9596,39.12484],[2.9596,39.12484],[2.9596,39.12484],[2.9596,39.12484],[2.9596,39.12484],[2.9596,39.12484],[2.9596,39.12484],[2.9596,39.12484],[2.9596,39.12484],[2.9596,39.12484],[2.9596,39.12484],[2.9596,39.12484],[2.96092,39.12649],[2.95893,39.12647],[2.9596,39.12484]]],[[[2.58817,39.52799],[2.58817,39.52799],[2.58817,39.52799],[2.58817,39.52799],[2.58817,39.52799],[2.58817,39.52799],[2.58817,39.52799],[2.58817,39.52799],[2.58817,39.52799],[2.58817,39.52799],[2.58817,39.52799],[2.58817,39.52799],[2.58817,39.52799],[2.58817,39.52799],[2.58817,39.52799],[2.58817,39.52799],[2.59055,39.5299],[2.5899,39.5319],[2.58817,39.52799]]],[[[2.44888,39.49567],[2.44888,39.49567],[2.44888,39.49567],[2.44888,39.49567],[2.44888,39.49567],[2.44888,39.49567],[2.44888,39.49567],[2.44888,39.49567],[2.44888,39.49567],[2.44888,39.49567],[2.44888,39.49567],[2.44888,39.49567],[2.44888,39.49567],[2.44888,39.49567],[2.44888,39.49567],[2.44888,39.49567],[2.45608,39.50154],[2.45205,39.50033],[2.44888,39.49567]]],[[[2.30743,39.57269],[2.33992,39.59866],[2.30903,39.58116],[2.30743,39.57269]]]]}},{"type":"Feature","properties":{"code":"645404C"},"geometry":{"type":"Polygon","coordinates":[[[3.02762,39.28737],[3.01437,39.31109],[3.00447,39.31767],[2.98711,39.31644],[2.99137,39.33818],[2.95802,39.36319],[2.932,39.36446],[2.9145,39.35241],[2.88266,39.36659],[2.84566,39.36628],[2.82987,39.35632],[2.80712,39.36741],[2.78847,39.36349],[2.74658,39.40146],[2.74023,39.4132],[2.74839,39.44172],[2.72309,39.47622],[2.75249,39.50416],[2.72936,39.53034],[2.71198,39.5341],[2.67026,39.56303],[2.64609,39.56617],[2.63583,39.56081],[2.64528,39.56744],[2.63202,39.56804],[2.62579,39.55518],[2.63229,39.55332],[2.62129,39.55082],[2.63338,39.54601],[2.6407,39.55284],[2.63352,39.5455],[2.60154,39.55123],[2.59189,39.53164],[2.56249,39.53231],[2.53951,39.52336],[2.53993,39.51355],[2.54827,39.51174],[2.53488,39.5058],[2.53754,39.48763],[2.52184,39.4766],[2.52289,39.45683],[2.50114,39.46216],[2.49176,39.47313],[2.47722,39.46666],[2.48032,39.49208],[2.46805,39.49113],[2.45725,39.50544],[2.48111,39.51895],[2.46804,39.51939],[2.45274,39.53779],[2.42512,39.5236],[2.42476,39.5374],[2.41469,39.53935],[2.40574,39.52696],[2.38837,39.52117],[2.38932,39.53441],[2.37808,39.53786],[2.36604,39.5314],[2.39157,39.54658],[2.37327,39.54467],[2.34755,39.56504],[2.35559,39.57705],[2.34815,39.5952],[2.36999,39.61436],[2.39579,39.61733],[2.43784,39.64367],[2.1965,39.93084],[2.05387,39.8495],[1.9904,39.80534],[1.93955,39.75238],[1.90328,39.6927],[1.883,39.62867],[1.87789,39.55452],[1.89106,39.48958],[1.9204,39.42791],[1.96474,39.3719],[2.02231,39.32372],[2.09087,39.28522],[2.13803,39.26846],[2.16732,39.24455],[2.28032,39.18241],[2.35457,39.15074],[2.49298,39.12358],[2.50782,39.04441],[2.53609,38.98502],[2.5782,38.93087],[2.63263,38.88392],[2.69739,38.84584],[2.77013,38.81801],[2.86657,38.79895],[3.02762,39.28737]],[[3.0137,39.30571],[3.0137,39.30571],[3.0137,39.30571],[3.0137,39.30571],[3.0137,39.30571],[3.0137,39.30571],[3.0137,39.30571],[3.0137,39.30571],[3.0137,39.30571],[3.0137,39.30571],[3.0137,39.30571],[3.0137,39.30571],[3.0137,39.30571],[3.0137,39.30571],[3.0137,39.30571],[3.0137,39.30571],[3.01323,39.30394],[3.01072,39.30377],[3.00945,39.30532],[3.00945,39.30532],[3.00945,39.30532],[3.0137,39.30571],[3.0137,39.30571]],[[2.58817,39.52799],[2.58817,39.52799],[2.58817,39.52799],[2.58817,39.52799],[2.58817,39.52799],[2.58817,39.52799],[2.58817,39.52799],[2.58817,39.52799],[2.58817,39.52799],[2.58817,39.52799],[2.58817,39.52799],[2.58817,39.52799],[2.58817,39.52799],[2.58817,39.52799],[2.58817,39.52799],[2.5899,39.5319],[2.59055,39.5299],[2.59055,39.5299],[2.59055,39.5299],[2.58817,39.52799],[2.58817,39.52799],[2.58817,39.52799]],[[2.45205,39.50033],[2.45205,39.50033],[2.45205,39.50033],[2.45205,39.50033],[2.45205,39.50033],[2.45205,39.50033],[2.45205,39.50033],[2.45205,39.50033],[2.45205,39.50033],[2.45205,39.50033],[2.45205,39.50033],[2.45205,39.50033],[2.45205,39.50033],[2.45205,39.50033],[2.45205,39.50033],[2.45608,39.50154],[2.45608,39.50154],[2.45608,39.50154],[2.44888,39.49567],[2.44888,39.49567],[2.44888,39.49567],[2.45205,39.50033]],[[2.33992,39.59866],[2.3196,39.57688],[2.30484,39.57318],[2.33992,39.59866]],[[2.91571,39.14525],[2.91797,39.16189],[2.93131,39.14364],[2.93786,39.14431],[2.93251,39.15691],[2.95067,39.14866],[2.95197,39.16602],[2.97767,39.15776],[2.97068,39.14814],[2.95895,39.14925],[2.95504,39.12539],[2.92069,39.12929],[2.92709,39.13897],[2.91571,39.14525]],[[2.95655,39.18271],[2.96287,39.19017],[2.97424,39.18689],[2.96725,39.17599],[2.95655,39.18271]],[[2.95893,39.12647],[2.95893,39.12647],[2.95893,39.12647],[2.95893,39.12647],[2.95893,39.12647],[2.95893,39.12647],[2.95893,39.12647],[2.95893,39.12647],[2.95893,39.12647],[2.95893,39.12647],[2.95893,39.12647],[2.95893,39.12647],[2.95893,39.12647],[2.95893,39.12647],[2.95893,39.12647],[2.96092,39.12649],[2.96092,39.12649],[2.96092,39.12649],[2.9596,39.12484],[2.95893,39.12647],[2.95893,39.12647],[2.95893,39.12647]],[[2.97241,39.20093],[2.97241,39.20093],[2.97241,39.20093],[2.97241,39.20093],[2.97241,39.20093],[2.97241,39.20093],[2.97241,39.20093],[2.97241,39.20093],[2.97241,39.20093],[2.97241,39.20093],[2.97241,39.20093],[2.97241,39.20093],[2.97241,39.20093],[2.97241,39.20093],[2.97241,39.20093],[2.97627,39.20144],[2.97627,39.20144],[2.97627,39.20144],[2.97499,39.19986],[2.97241,39.20093],[2.97241,39.20093],[2.97241,39.20093]],[[2.97229,39.1981],[2.97229,39.1981],[2.97229,39.1981],[2.97229,39.1981],[2.97229,39.1981],[2.97229,39.1981],[2.97229,39.1981],[2.97229,39.1981],[2.97229,39.1981],[2.97229,39.1981],[2.97229,39.1981],[2.97229,39.1981],[2.97229,39.1981],[2.97229,39.1981],[2.97229,39.1981],[2.97457,39.19873],[2.97539,39.19659],[2.97539,39.19659],[2.97539,39.19659],[2.97371,39.19579],[2.97229,39.1981],[2.97229,39.1981],[2.97229,39.1981]],[[2.97555,39.16781],[2.97592,39.17012],[2.97909,39.16988],[2.97909,39.16988],[2.97909,39.16988],[2.97853,39.16676],[2.97555,39.16781],[2.97555,39.16781],[2.97555,39.16781]]]}},{"type":"Feature","properties":{"code":"645405"},"geometry":{"type":"Polygon","coordinates":[[[3.03061,39.29012],[3.05057,39.26624],[3.07429,39.26909],[3.14753,39.33047],[3.17213,39.3268],[3.17068,39.33365],[3.17861,39.32966],[3.18842,39.33607],[3.18923,39.35221],[3.21643,39.35522],[3.21208,39.36487],[3.21724,39.35807],[3.23062,39.35947],[3.23613,39.36789],[3.22448,39.37057],[3.23836,39.36997],[3.24555,39.37775],[3.25525,39.40403],[3.26936,39.41644],[3.26029,39.41622],[3.26231,39.42468],[3.26806,39.42833],[3.27595,39.41639],[3.2786,39.45706],[3.29256,39.49485],[3.31585,39.52125],[3.34134,39.53528],[3.33306,39.54076],[3.34155,39.53817],[3.36946,39.55117],[3.38072,39.57647],[3.40489,39.58008],[3.38782,39.58826],[3.38685,39.60041],[3.40627,39.63694],[3.43748,39.63484],[3.39765,39.66935],[3.37646,39.66443],[3.36498,39.67286],[3.34256,39.66257],[3.33145,39.66781],[3.32268,39.66255],[3.32927,39.64788],[3.31244,39.63974],[3.29148,39.65286],[3.29972,39.66633],[3.28181,39.68006],[3.25238,39.68434],[3.22971,39.66847],[3.21084,39.67926],[3.18878,39.6515],[3.18088,39.65414],[3.15858,39.62745],[3.1624,39.60061],[3.15032,39.5951],[3.16016,39.58563],[3.14557,39.56924],[3.15934,39.54637],[3.13916,39.53853],[3.13017,39.54276],[3.12373,39.53026],[3.09921,39.53367],[3.08929,39.51576],[3.11125,39.49412],[3.08003,39.49914],[3.06079,39.47566],[3.10205,39.41757],[3.08646,39.40814],[3.0971,39.39995],[3.07029,39.37954],[3.08819,39.36481],[3.07619,39.32803],[3.05778,39.32108],[3.07049,39.30282],[3.03061,39.29012]]]}},{"type":"Feature","properties":{"code":"645405C"},"geometry":{"type":"Polygon","coordinates":[[[3.40259,39.63327],[3.38685,39.60041],[3.38782,39.58826],[3.40489,39.58008],[3.38072,39.57647],[3.36946,39.55117],[3.34155,39.53817],[3.33306,39.54076],[3.34134,39.53528],[3.31585,39.52125],[3.29256,39.49485],[3.2786,39.45706],[3.27595,39.41639],[3.26806,39.42833],[3.26231,39.42468],[3.26029,39.41622],[3.26936,39.41644],[3.25525,39.40403],[3.24555,39.37775],[3.23836,39.36997],[3.22448,39.37057],[3.23613,39.36789],[3.23062,39.35947],[3.21724,39.35807],[3.21208,39.36487],[3.21643,39.35522],[3.18923,39.35221],[3.18842,39.33607],[3.17861,39.32966],[3.17068,39.33365],[3.17213,39.3268],[3.14753,39.33047],[3.07429,39.26909],[3.05057,39.26624],[3.02762,39.28737],[2.86657,38.79895],[2.98794,38.7929],[3.06735,38.80298],[3.14294,38.82455],[3.21204,38.85682],[3.2722,38.89865],[3.3226,38.95021],[3.37057,39.02973],[3.47567,39.08698],[3.54987,39.13822],[3.607,39.20137],[3.77661,39.44332],[3.43748,39.63484],[3.40259,39.63327]]]}},{"type":"Feature","properties":{"code":"645501"},"geometry":{"type":"MultiPolygon","coordinates":[[[[3.83136,39.97146],[3.82503,39.92234],[3.8858,39.92256],[3.89383,39.92818],[3.90134,39.92296],[3.93791,39.93864],[3.98946,39.93145],[4.05612,39.90773],[4.09868,39.87909],[4.14784,39.86467],[4.20814,39.82546],[4.21976,39.82948],[4.24113,39.81366],[4.27036,39.80935],[4.2887,39.81506],[4.30952,39.84876],[4.30684,39.86359],[4.29979,39.86414],[4.30835,39.86589],[4.29488,39.88179],[4.25792,39.89763],[4.29717,39.89202],[4.31217,39.87019],[4.32909,39.87731],[4.31078,39.88054],[4.30967,39.89909],[4.30031,39.89743],[4.27545,39.93378],[4.28418,39.94521],[4.2761,39.95155],[4.26625,39.9467],[4.27054,39.95984],[4.25463,39.96432],[4.2671,39.98194],[4.25581,39.99264],[4.27052,39.99659],[4.25127,40.00173],[4.22151,39.99716],[4.2085,40.01331],[4.20258,39.99613],[4.20317,40.01403],[4.19496,40.01025],[4.20305,40.02307],[4.19435,40.02404],[4.19235,40.03531],[4.18276,40.02222],[4.16963,40.02774],[4.17261,40.03648],[4.16287,40.0339],[4.15873,40.04716],[4.16689,40.04422],[4.16566,40.05806],[4.17397,40.0611],[4.15656,40.06825],[4.13734,40.06731],[4.14186,40.03573],[4.12801,40.0265],[4.12106,40.03606],[4.13371,40.06405],[4.12656,40.05565],[4.11108,40.05491],[4.10661,40.0446],[4.09402,40.05985],[4.10015,40.08637],[4.09369,40.0898],[4.08253,40.08938],[4.09036,40.06926],[4.08548,40.07534],[4.07796,40.06056],[4.05387,40.05228],[4.03322,40.06594],[4.01669,40.05611],[3.99556,40.05929],[3.97948,40.05138],[3.95958,40.06179],[3.94238,40.0569],[3.93559,40.06315],[3.92043,40.05736],[3.92193,40.04581],[3.89948,40.06016],[3.87977,40.05303],[3.86815,40.0585],[3.83642,40.04944],[3.82689,40.05312],[3.80863,40.03416],[3.81165,40.0275],[3.79204,40.01614],[3.80055,39.99775],[3.83664,40.00198],[3.82643,39.99647],[3.83644,39.99451],[3.82834,39.99288],[3.83195,39.9803],[3.84049,39.97888],[3.83136,39.97146]]],[[[4.30797,39.87162],[4.30797,39.87162],[4.30797,39.87162],[4.30797,39.87162],[4.30797,39.87162],[4.30797,39.87162],[4.30797,39.87162],[4.30797,39.87162],[4.30797,39.87162],[4.30797,39.87162],[4.30797,39.87162],[4.30797,39.87162],[4.30797,39.87162],[4.30797,39.87162],[4.30797,39.87162],[4.30797,39.87162],[4.30723,39.87894],[4.30286,39.88208],[4.30277,39.87631],[4.30797,39.87162]]],[[[4.29393,39.7995],[4.29393,39.7995],[4.29393,39.7995],[4.29393,39.7995],[4.29393,39.7995],[4.29393,39.7995],[4.29393,39.7995],[4.29393,39.7995],[4.29393,39.7995],[4.29393,39.7995],[4.29393,39.7995],[4.29393,39.7995],[4.29393,39.7995],[4.29393,39.7995],[4.29393,39.7995],[4.29393,39.7995],[4.29707,39.80093],[4.29321,39.80356],[4.29092,39.80273],[4.28963,39.80414],[4.28727,39.80116],[4.28293,39.80251],[4.28602,39.7997],[4.29393,39.7995]]],[[[4.28794,39.88593],[4.28794,39.88593],[4.28794,39.88593],[4.28794,39.88593],[4.28794,39.88593],[4.28794,39.88593],[4.28794,39.88593],[4.28794,39.88593],[4.28794,39.88593],[4.28794,39.88593],[4.28794,39.88593],[4.28794,39.88593],[4.28794,39.88593],[4.28794,39.88593],[4.28794,39.88593],[4.28794,39.88593],[4.28978,39.88688],[4.28789,39.88845],[4.28794,39.88593]]],[[[4.27792,39.95658],[4.28515,39.96058],[4.27859,39.96705],[4.27792,39.95658]]],[[[4.20941,40.0145],[4.20941,40.0145],[4.20941,40.0145],[4.20941,40.0145],[4.20941,40.0145],[4.20941,40.0145],[4.20941,40.0145],[4.20941,40.0145],[4.20941,40.0145],[4.20941,40.0145],[4.20941,40.0145],[4.20941,40.0145],[4.20941,40.0145],[4.20941,40.0145],[4.20941,40.0145],[4.20941,40.0145],[4.2137,40.0187],[4.21,40.01719],[4.20941,40.0145]]],[[[4.21057,40.01815],[4.21057,40.01815],[4.21057,40.01815],[4.21057,40.01815],[4.21057,40.01815],[4.21057,40.01815],[4.21057,40.01815],[4.21057,40.01815],[4.21057,40.01815],[4.21057,40.01815],[4.21057,40.01815],[4.21057,40.01815],[4.21057,40.01815],[4.21057,40.01815],[4.21057,40.01815],[4.21057,40.01815],[4.2118,40.02048],[4.20985,40.02273],[4.21057,40.01815]]],[[[4.07713,40.09121],[4.07713,40.09121],[4.07713,40.09121],[4.07713,40.09121],[4.07713,40.09121],[4.07713,40.09121],[4.07713,40.09121],[4.07713,40.09121],[4.07713,40.09121],[4.07713,40.09121],[4.07713,40.09121],[4.07713,40.09121],[4.07713,40.09121],[4.07713,40.09121],[4.07713,40.09121],[4.07713,40.09121],[4.07648,40.09479],[4.07408,40.09284],[4.07713,40.09121]]],[[[4.03258,40.06692],[4.03436,40.06888],[4.03232,40.06995],[4.03258,40.06692]]]]}},{"type":"Feature","properties":{"code":"645501C"},"geometry":{"type":"Polygon","coordinates":[[[3.4862,40.10229],[3.53035,39.98848],[3.79925,39.67515],[3.88123,39.59229],[4.09097,39.50241],[4.18389,39.47706],[4.27239,39.46772],[4.36273,39.47167],[4.44267,39.48794],[4.51714,39.51575],[4.5834,39.55407],[4.639,39.60148],[4.68189,39.65625],[4.75008,39.80713],[4.7599,39.86985],[4.75413,39.93286],[4.73295,39.99389],[4.67506,40.11332],[4.63627,40.17363],[4.58236,40.2267],[4.37022,40.35719],[4.26444,40.39513],[4.16562,40.41991],[4.0774,40.42702],[3.98912,40.42023],[3.66442,40.36126],[3.58592,40.32939],[3.51763,40.28593],[3.4624,40.23269],[3.45311,40.21855],[3.4862,40.10229]],[[4.13474,40.05799],[4.12106,40.03606],[4.12801,40.0265],[4.14186,40.03573],[4.13734,40.06731],[4.15656,40.06825],[4.17397,40.0611],[4.16566,40.05806],[4.16689,40.04422],[4.15873,40.04716],[4.16287,40.0339],[4.17261,40.03648],[4.16963,40.02774],[4.18276,40.02222],[4.19235,40.03531],[4.19435,40.02404],[4.20305,40.02307],[4.19496,40.01025],[4.20317,40.01403],[4.20258,39.99613],[4.2085,40.01331],[4.22151,39.99716],[4.25127,40.00173],[4.27052,39.99659],[4.25581,39.99264],[4.2671,39.98194],[4.25463,39.96432],[4.27054,39.95984],[4.26625,39.9467],[4.2761,39.95155],[4.28418,39.94521],[4.27545,39.93378],[4.30031,39.89743],[4.30967,39.89909],[4.31078,39.88054],[4.32909,39.87731],[4.31217,39.87019],[4.29717,39.89202],[4.25792,39.89763],[4.29488,39.88179],[4.30835,39.86589],[4.29979,39.86414],[4.30983,39.85032],[4.29978,39.84137],[4.30506,39.83241],[4.28213,39.81195],[4.24113,39.81366],[4.21976,39.82948],[4.20814,39.82546],[4.14784,39.86467],[4.09868,39.87909],[4.05612,39.90773],[3.98946,39.93145],[3.93791,39.93864],[3.90134,39.92296],[3.89383,39.92818],[3.8858,39.92256],[3.82187,39.92597],[3.82648,39.95409],[3.83531,39.9611],[3.83136,39.97146],[3.84049,39.97888],[3.83195,39.9803],[3.82834,39.99288],[3.83644,39.99451],[3.82643,39.99647],[3.83664,40.00198],[3.80055,39.99775],[3.79204,40.01614],[3.81165,40.0275],[3.80863,40.03416],[3.82689,40.05312],[3.83642,40.04944],[3.86815,40.0585],[3.87977,40.05303],[3.89948,40.06016],[3.92193,40.04581],[3.92043,40.05736],[3.93559,40.06315],[3.94238,40.0569],[3.95958,40.06179],[3.97948,40.05138],[3.99556,40.05929],[4.01669,40.05611],[4.03322,40.06594],[4.05387,40.05228],[4.07796,40.06056],[4.08548,40.07534],[4.09036,40.06926],[4.08253,40.08938],[4.09369,40.0898],[4.10015,40.08637],[4.09402,40.05985],[4.10661,40.0446],[4.12743,40.06305],[4.13474,40.05799]],[[4.30797,39.87162],[4.30797,39.87162],[4.30797,39.87162],[4.30797,39.87162],[4.30797,39.87162],[4.30797,39.87162],[4.30797,39.87162],[4.30797,39.87162],[4.30797,39.87162],[4.30797,39.87162],[4.30797,39.87162],[4.30797,39.87162],[4.30797,39.87162],[4.30797,39.87162],[4.30797,39.87162],[4.30797,39.87162],[4.30797,39.87162],[4.30277,39.87631],[4.30286,39.88208],[4.30286,39.88208],[4.30286,39.88208],[4.30723,39.87894],[4.30797,39.87162]],[[4.29707,39.80093],[4.29707,39.80093],[4.29707,39.80093],[4.29707,39.80093],[4.29707,39.80093],[4.29707,39.80093],[4.29707,39.80093],[4.29707,39.80093],[4.29707,39.80093],[4.29707,39.80093],[4.29707,39.80093],[4.29707,39.80093],[4.29707,39.80093],[4.29707,39.80093],[4.29707,39.80093],[4.29707,39.80093],[4.29393,39.7995],[4.28602,39.7997],[4.28293,39.80251],[4.28293,39.80251],[4.28293,39.80251],[4.28727,39.80116],[4.28963,39.80414],[4.29092,39.80273],[4.29321,39.80356],[4.29707,39.80093],[4.29707,39.80093]],[[4.28978,39.88688],[4.28978,39.88688],[4.28978,39.88688],[4.28978,39.88688],[4.28978,39.88688],[4.28978,39.88688],[4.28978,39.88688],[4.28978,39.88688],[4.28978,39.88688],[4.28978,39.88688],[4.28978,39.88688],[4.28978,39.88688],[4.28978,39.88688],[4.28978,39.88688],[4.28978,39.88688],[4.28978,39.88688],[4.28794,39.88593],[4.28789,39.88845],[4.28789,39.88845],[4.28789,39.88845],[4.28978,39.88688],[4.28978,39.88688]],[[4.27707,39.95753],[4.27859,39.96705],[4.28515,39.96058],[4.27707,39.95753]],[[4.21,40.01719],[4.21,40.01719],[4.21,40.01719],[4.21,40.01719],[4.21,40.01719],[4.21,40.01719],[4.21,40.01719],[4.21,40.01719],[4.21,40.01719],[4.21,40.01719],[4.21,40.01719],[4.21,40.01719],[4.21,40.01719],[4.21,40.01719],[4.21,40.01719],[4.2137,40.0187],[4.2137,40.0187],[4.2137,40.0187],[4.20941,40.0145],[4.21,40.01719],[4.21,40.01719],[4.21,40.01719]],[[4.21057,40.01815],[4.21057,40.01815],[4.21057,40.01815],[4.21057,40.01815],[4.21057,40.01815],[4.21057,40.01815],[4.21057,40.01815],[4.21057,40.01815],[4.21057,40.01815],[4.21057,40.01815],[4.21057,40.01815],[4.21057,40.01815],[4.21057,40.01815],[4.21057,40.01815],[4.21057,40.01815],[4.21057,40.01815],[4.21057,40.01815],[4.20985,40.02273],[4.20985,40.02273],[4.20985,40.02273],[4.2118,40.02048],[4.21057,40.01815]],[[4.07713,40.09121],[4.07713,40.09121],[4.07713,40.09121],[4.07713,40.09121],[4.07713,40.09121],[4.07713,40.09121],[4.07713,40.09121],[4.07713,40.09121],[4.07713,40.09121],[4.07713,40.09121],[4.07713,40.09121],[4.07713,40.09121],[4.07713,40.09121],[4.07713,40.09121],[4.07713,40.09121],[4.07713,40.09121],[4.07713,40.09121],[4.07408,40.09284],[4.07408,40.09284],[4.07408,40.09284],[4.07648,40.09479],[4.07713,40.09121]],[[4.03436,40.06888],[4.03436,40.06888],[4.03258,40.06692],[4.03232,40.06995],[4.03232,40.06995],[4.03232,40.06995],[4.03436,40.06888],[4.03436,40.06888]]]}},{"type":"Feature","properties":{"code":"659001"},"geometry":{"type":"Polygon","coordinates":[[[-15.74425,28.0498],[-15.73908,28.02786],[-15.72252,28.02934],[-15.67913,28.05327],[-15.59854,28.01047],[-15.5356,28.036],[-15.51106,28.00646],[-15.48284,28.02192],[-15.44491,28.02648],[-15.42222,28.03867],[-15.40032,28.02855],[-15.39369,28.03127],[-15.41046,28.04197],[-15.41803,28.06044],[-15.41041,28.10282],[-15.42789,28.13543],[-15.4261,28.14561],[-15.41968,28.14064],[-15.41573,28.14542],[-15.41585,28.12739],[-15.40599,28.1584],[-15.40547,28.13752],[-15.40188,28.17207],[-15.41803,28.17975],[-15.4278,28.17426],[-15.44057,28.16079],[-15.42949,28.14488],[-15.44427,28.1298],[-15.46633,28.12426],[-15.47568,28.13496],[-15.51325,28.14436],[-15.52489,28.15399],[-15.54477,28.14482],[-15.59553,28.14306],[-15.61208,28.1464],[-15.63693,28.17074],[-15.66536,28.15721],[-15.67909,28.16089],[-15.68119,28.16944],[-15.70756,28.16466],[-15.6948,28.1506],[-15.711,28.10155],[-15.7059,28.08773],[-15.74425,28.0498]]]}},{"type":"Feature","properties":{"code":"659001C"},"geometry":{"type":"Polygon","coordinates":[[[-15.74425,28.0498],[-15.7059,28.08773],[-15.711,28.10155],[-15.6948,28.1506],[-15.70756,28.16466],[-15.68119,28.16944],[-15.67909,28.16089],[-15.66536,28.15721],[-15.63693,28.17074],[-15.61208,28.1464],[-15.59553,28.14306],[-15.54477,28.14482],[-15.52489,28.15399],[-15.51325,28.14436],[-15.47568,28.13496],[-15.46633,28.12426],[-15.44427,28.1298],[-15.42949,28.14488],[-15.44057,28.16079],[-15.41803,28.17975],[-15.4054,28.17666],[-15.39969,28.16516],[-15.40547,28.13752],[-15.40599,28.1584],[-15.41585,28.12739],[-15.41573,28.14542],[-15.41968,28.14064],[-15.4261,28.14561],[-15.42789,28.13543],[-15.41041,28.10282],[-15.41803,28.06044],[-15.41046,28.04197],[-15.39369,28.03127],[-15.0722,28.31752],[-15.09277,28.35346],[-15.13789,28.40423],[-15.1934,28.44619],[-15.25716,28.47769],[-15.32668,28.49752],[-15.39924,28.50491],[-15.47202,28.49959],[-15.5595,28.47385],[-15.71554,28.49257],[-15.75812,28.48782],[-15.99047,28.27865],[-15.74425,28.0498]]]}},{"type":"Feature","properties":{"code":"659003"},"geometry":{"type":"Polygon","coordinates":[[[-15.73249,27.93762],[-15.72362,27.94764],[-15.68858,27.94797],[-15.68095,27.94064],[-15.68524,27.92054],[-15.6612,27.9106],[-15.63568,27.93083],[-15.62674,27.94844],[-15.61102,27.95248],[-15.60076,27.96528],[-15.58692,27.95161],[-15.56987,27.96089],[-15.55252,27.95334],[-15.54725,27.98802],[-15.51106,28.00646],[-15.5356,28.036],[-15.59854,28.01047],[-15.61214,28.01764],[-15.64322,28.00094],[-15.66882,28.00335],[-15.69064,27.98668],[-15.70668,27.99202],[-15.7242,27.97928],[-15.74821,27.98717],[-15.74656,27.96207],[-15.73249,27.93762]]]}},{"type":"Feature","properties":{"code":"659004"},"geometry":{"type":"Polygon","coordinates":[[[-15.79744,27.85788],[-15.77206,27.8213],[-15.7514,27.81315],[-15.69826,27.76921],[-15.68834,27.77015],[-15.67283,27.74785],[-15.65821,27.75593],[-15.62876,27.74422],[-15.61961,27.74808],[-15.5984,27.73385],[-15.5684,27.73645],[-15.56379,27.75671],[-15.54922,27.76556],[-15.48765,27.79174],[-15.42643,27.80411],[-15.41102,27.84636],[-15.38345,27.85645],[-15.37907,27.87452],[-15.39205,27.88951],[-15.3808,27.92837],[-15.37086,27.93466],[-15.35787,27.92783],[-15.35677,27.93289],[-15.3791,27.95005],[-15.38151,27.97159],[-15.36537,27.99089],[-15.37297,27.99676],[-15.37136,28.00854],[-15.38354,28.0163],[-15.3857,28.02802],[-15.41151,28.0307],[-15.42222,28.03867],[-15.44491,28.02648],[-15.48284,28.02192],[-15.54725,27.98802],[-15.55252,27.95334],[-15.56987,27.96089],[-15.58692,27.95161],[-15.60076,27.96528],[-15.61102,27.95248],[-15.62674,27.94844],[-15.63568,27.93083],[-15.6612,27.9106],[-15.68524,27.92054],[-15.68095,27.94064],[-15.68858,27.94797],[-15.72362,27.94764],[-15.73249,27.93762],[-15.74656,27.96207],[-15.74976,27.98646],[-15.7242,27.97928],[-15.70668,27.99202],[-15.69064,27.98668],[-15.66882,28.00335],[-15.63653,28.0027],[-15.62127,28.01618],[-15.61159,28.01606],[-15.6139,28.02044],[-15.67913,28.05327],[-15.72252,28.02934],[-15.74324,28.03046],[-15.74425,28.0498],[-15.76381,28.04505],[-15.77878,28.02378],[-15.82125,28.01268],[-15.81569,28.00428],[-15.83282,27.96946],[-15.82609,27.94569],[-15.83128,27.90864],[-15.79744,27.85788]]]}},{"type":"Feature","properties":{"code":"659004C"},"geometry":{"type":"Polygon","coordinates":[[[-16.17647,27.90156],[-16.14448,27.74768],[-16.11171,27.68687],[-16.06568,27.63328],[-16.00835,27.5892],[-15.80984,27.4654],[-15.74252,27.43206],[-15.6689,27.41191],[-15.5922,27.40585],[-15.51574,27.41414],[-15.44285,27.43644],[-15.26742,27.50902],[-15.21161,27.53757],[-15.16218,27.57434],[-15.12066,27.61821],[-15.08831,27.66785],[-15.02188,27.79391],[-14.99709,27.85685],[-14.98709,27.92295],[-14.99234,27.98948],[-15.04024,28.23363],[-15.0598,28.29585],[-15.0722,28.31752],[-15.39369,28.03127],[-15.40762,28.03927],[-15.3857,28.02802],[-15.38354,28.0163],[-15.37136,28.00854],[-15.37297,27.99676],[-15.36537,27.99089],[-15.38151,27.97159],[-15.3791,27.95005],[-15.35677,27.93289],[-15.35787,27.92783],[-15.37086,27.93466],[-15.3808,27.92837],[-15.39205,27.88951],[-15.37907,27.87452],[-15.38345,27.85645],[-15.41102,27.84636],[-15.42643,27.80411],[-15.48765,27.79174],[-15.54922,27.76556],[-15.56379,27.75671],[-15.5684,27.73645],[-15.57765,27.73318],[-15.5984,27.73385],[-15.61961,27.74808],[-15.62876,27.74422],[-15.65821,27.75593],[-15.67283,27.74785],[-15.68834,27.77015],[-15.69826,27.76921],[-15.78635,27.83417],[-15.83128,27.90864],[-15.82609,27.94569],[-15.83282,27.96946],[-15.81569,28.00428],[-15.82125,28.01268],[-15.79038,28.01766],[-15.76381,28.04505],[-15.74425,28.0498],[-15.99047,28.27865],[-16.05319,28.20656],[-16.14618,28.01549],[-16.17647,27.90156]]]}},{"type":"Feature","properties":{"code":"659101"},"geometry":{"type":"MultiPolygon","coordinates":[[[[-13.87041,28.85375],[-13.85248,28.86097],[-13.83715,28.85485],[-13.82713,28.86167],[-13.80952,28.85383],[-13.80048,28.85818],[-13.78457,28.83793],[-13.7475,28.87391],[-13.73252,28.90631],[-13.67437,28.92043],[-13.64171,28.91831],[-13.60806,28.93328],[-13.59579,28.94761],[-13.5576,28.95672],[-13.54453,28.95199],[-13.52969,28.97252],[-13.52421,28.97224],[-13.52643,28.96281],[-13.52307,28.97533],[-13.48506,28.99146],[-13.4745,29.01315],[-13.46378,29.01756],[-13.46478,29.0546],[-13.44603,29.0906],[-13.46229,29.1146],[-13.46247,29.12852],[-13.42659,29.15412],[-13.41815,29.18307],[-13.422,29.20778],[-13.46431,29.22587],[-13.46806,29.2377],[-13.49481,29.21781],[-13.5202,29.16804],[-13.52313,29.14062],[-13.54748,29.11717],[-13.55666,29.11491],[-13.58189,29.13219],[-13.60013,29.13522],[-13.63204,29.11491],[-13.63943,29.12292],[-13.65671,29.12265],[-13.65546,29.11106],[-13.69949,29.08893],[-13.70643,29.07801],[-13.72069,29.08442],[-13.75448,29.07651],[-13.76105,29.06554],[-13.79143,29.05099],[-13.81356,29.03246],[-13.82773,29.00764],[-13.82802,28.92757],[-13.85824,28.8948],[-13.88029,28.88538],[-13.87041,28.85375]]],[[[-13.53406,29.21551],[-13.50324,29.22369],[-13.48533,29.25505],[-13.47083,29.26339],[-13.47946,29.27753],[-13.4946,29.27935],[-13.50622,29.29005],[-13.52047,29.26902],[-13.52478,29.2419],[-13.5466,29.22653],[-13.53406,29.21551]]],[[[-13.52098,29.38185],[-13.50474,29.38413],[-13.4856,29.40287],[-13.50324,29.41529],[-13.52079,29.41085],[-13.53045,29.39623],[-13.52098,29.38185]]],[[[-13.53679,29.28791],[-13.52952,29.30469],[-13.53852,29.30112],[-13.53679,29.28791]]]]}},{"type":"Feature","properties":{"code":"659101C"},"geometry":{"type":"Polygon","coordinates":[[[-13.45661,28.64703],[-13.28578,28.71183],[-13.22947,28.74985],[-13.18226,28.79654],[-13.14585,28.85023],[-13.12156,28.90901],[-13.05766,29.12533],[-13.04618,29.18962],[-13.0493,29.25463],[-13.06692,29.31784],[-13.11065,29.3914],[-13.10989,29.43171],[-13.12433,29.49803],[-13.15393,29.56038],[-13.19745,29.61614],[-13.25308,29.66297],[-13.31849,29.6989],[-13.39094,29.72242],[-13.50165,29.74046],[-13.57781,29.73707],[-13.65161,29.72037],[-13.72003,29.69106],[-13.78026,29.65034],[-13.82987,29.59989],[-13.86684,29.54177],[-13.88969,29.47835],[-13.90288,29.37743],[-13.98662,29.33273],[-14.0544,29.28641],[-14.10835,29.2278],[-14.14568,29.15998],[-14.2122,28.99224],[-14.25938,28.96115],[-13.98732,28.81533],[-13.7802,28.79481],[-13.6488,28.75691],[-13.53347,28.70521],[-13.45661,28.64703]],[[-13.87041,28.85375],[-13.88029,28.88538],[-13.85824,28.8948],[-13.82802,28.92757],[-13.82773,29.00764],[-13.81356,29.03246],[-13.79143,29.05099],[-13.76105,29.06554],[-13.75448,29.07651],[-13.72069,29.08442],[-13.70643,29.07801],[-13.69949,29.08893],[-13.65546,29.11106],[-13.65671,29.12265],[-13.63943,29.12292],[-13.63204,29.11491],[-13.60013,29.13522],[-13.58189,29.13219],[-13.55666,29.11491],[-13.54748,29.11717],[-13.52313,29.14062],[-13.5202,29.16804],[-13.49481,29.21781],[-13.46806,29.2377],[-13.46431,29.22587],[-13.422,29.20778],[-13.41815,29.18307],[-13.42659,29.15412],[-13.46247,29.12852],[-13.46229,29.1146],[-13.44603,29.0906],[-13.46478,29.0546],[-13.46378,29.01756],[-13.4745,29.01315],[-13.48506,28.99146],[-13.52307,28.97533],[-13.52643,28.96281],[-13.52421,28.97224],[-13.52969,28.97252],[-13.54453,28.95199],[-13.5576,28.95672],[-13.59579,28.94761],[-13.60806,28.93328],[-13.64171,28.91831],[-13.67437,28.92043],[-13.73252,28.90631],[-13.7475,28.87391],[-13.78457,28.83793],[-13.80048,28.85818],[-13.80952,28.85383],[-13.82713,28.86167],[-13.83715,28.85485],[-13.85248,28.86097],[-13.87041,28.85375]],[[-13.53406,29.21551],[-13.5466,29.22653],[-13.52478,29.2419],[-13.52047,29.26902],[-13.50622,29.29005],[-13.4946,29.27935],[-13.47946,29.27753],[-13.47083,29.26339],[-13.48533,29.25505],[-13.50324,29.22369],[-13.53406,29.21551]],[[-13.52098,29.38185],[-13.53045,29.39623],[-13.52079,29.41085],[-13.50324,29.41529],[-13.4856,29.40287],[-13.50474,29.38413],[-13.52098,29.38185]],[[-13.53679,29.28791],[-13.53852,29.30112],[-13.52952,29.30469],[-13.53679,29.28791]]]}},{"type":"Feature","properties":{"code":"659201"},"geometry":{"type":"MultiPolygon","coordinates":[[[[-13.81771,28.73469],[-13.80947,28.7516],[-13.81258,28.76433],[-13.83388,28.75051],[-13.81771,28.73469]]],[[[-14.50582,28.06414],[-14.47567,28.07658],[-14.33004,28.04299],[-14.27288,28.09589],[-14.21823,28.16362],[-14.07333,28.20004],[-14.01118,28.20635],[-13.98558,28.22719],[-13.94447,28.22759],[-13.91569,28.251],[-13.90864,28.27249],[-13.8964,28.28214],[-13.90099,28.30209],[-13.89334,28.32334],[-13.88428,28.32432],[-13.85796,28.39221],[-13.85165,28.39089],[-13.84805,28.39983],[-13.84894,28.41936],[-13.86071,28.43144],[-13.85515,28.45902],[-13.86595,28.47972],[-13.85745,28.49681],[-13.84143,28.50309],[-13.83574,28.54086],[-13.82375,28.55273],[-13.8292,28.69272],[-13.8408,28.72501],[-13.8618,28.73033],[-13.86254,28.74339],[-13.87096,28.74076],[-13.88492,28.75569],[-13.91373,28.74384],[-13.92391,28.75079],[-13.93618,28.73788],[-13.93998,28.74462],[-13.95413,28.73438],[-13.9973,28.72306],[-14.00455,28.7097],[-14.0149,28.7139],[-14.01693,28.69347],[-14.00742,28.67365],[-14.0371,28.61442],[-14.03175,28.59262],[-14.06396,28.55165],[-14.06199,28.54255],[-14.0991,28.47431],[-14.14488,28.4375],[-14.15629,28.41084],[-14.16081,28.36797],[-14.17609,28.34479],[-14.19812,28.33219],[-14.21176,28.28707],[-14.21099,28.23596],[-14.22143,28.21384],[-14.30681,28.14729],[-14.35803,28.12178],[-14.44929,28.09936],[-14.45489,28.10453],[-14.47995,28.09928],[-14.48981,28.10957],[-14.49777,28.09988],[-14.491,28.08261],[-14.50582,28.06414]]]]}},{"type":"Feature","properties":{"code":"659201C"},"geometry":{"type":"Polygon","coordinates":[[[-14.25938,28.96115],[-14.28862,28.93851],[-14.33391,28.88588],[-14.36633,28.82636],[-14.52566,28.43718],[-14.59948,28.42401],[-14.66589,28.39935],[-14.72564,28.36382],[-14.77648,28.31877],[-14.81653,28.26589],[-14.86012,28.16175],[-14.87455,28.09959],[-14.87526,28.03614],[-14.86223,27.97375],[-14.83598,27.91473],[-14.79749,27.86127],[-14.74821,27.81534],[-14.68996,27.77865],[-14.62489,27.75255],[-14.38022,27.71678],[-14.30502,27.71446],[-14.23082,27.7257],[-14.16067,27.75003],[-14.09746,27.78647],[-14.00051,27.88005],[-13.80119,27.93733],[-13.73366,27.96348],[-13.67322,28.00094],[-13.62226,28.04824],[-13.58279,28.10354],[-13.55637,28.16466],[-13.46329,28.46639],[-13.45051,28.53802],[-13.45661,28.64703],[-13.53347,28.70521],[-13.6488,28.75691],[-13.7802,28.79481],[-13.98732,28.81533],[-14.25938,28.96115]],[[-13.81771,28.73469],[-13.83388,28.75051],[-13.81258,28.76433],[-13.80947,28.7516],[-13.81771,28.73469]],[[-14.50582,28.06414],[-14.491,28.08261],[-14.49777,28.09988],[-14.48981,28.10957],[-14.47995,28.09928],[-14.45489,28.10453],[-14.44929,28.09936],[-14.35803,28.12178],[-14.30681,28.14729],[-14.22143,28.21384],[-14.21099,28.23596],[-14.21176,28.28707],[-14.19812,28.33219],[-14.17609,28.34479],[-14.16081,28.36797],[-14.15629,28.41084],[-14.14488,28.4375],[-14.0991,28.47431],[-14.06199,28.54255],[-14.06396,28.55165],[-14.03175,28.59262],[-14.0371,28.61442],[-14.00742,28.67365],[-14.01693,28.69347],[-14.0149,28.7139],[-14.00455,28.7097],[-13.9973,28.72306],[-13.95413,28.73438],[-13.93998,28.74462],[-13.93618,28.73788],[-13.92391,28.75079],[-13.91373,28.74384],[-13.88492,28.75569],[-13.87096,28.74076],[-13.86254,28.74339],[-13.8618,28.73033],[-13.8408,28.72501],[-13.8292,28.69272],[-13.82375,28.55273],[-13.83574,28.54086],[-13.84143,28.50309],[-13.85745,28.49681],[-13.86595,28.47972],[-13.85515,28.45902],[-13.86071,28.43144],[-13.84894,28.41936],[-13.84805,28.39983],[-13.85165,28.39089],[-13.85796,28.39221],[-13.88428,28.32432],[-13.89334,28.32334],[-13.90099,28.30209],[-13.8964,28.28214],[-13.90864,28.27249],[-13.91569,28.251],[-13.94447,28.22759],[-13.98558,28.22719],[-14.01118,28.20635],[-14.07333,28.20004],[-14.21823,28.16362],[-14.27288,28.09589],[-14.33004,28.04299],[-14.47567,28.07658],[-14.50582,28.06414]]]}},{"type":"Feature","properties":{"code":"659302"},"geometry":{"type":"Polygon","coordinates":[[[-17.87302,28.55383],[-17.83724,28.55436],[-17.83937,28.60346],[-17.82299,28.64015],[-17.82807,28.68111],[-17.84446,28.70323],[-17.83406,28.74071],[-17.87422,28.76154],[-17.89856,28.73973],[-17.92661,28.67142],[-17.9218,28.66617],[-17.90962,28.67208],[-17.88798,28.65817],[-17.90362,28.65368],[-17.88414,28.62685],[-17.87302,28.55383]]]}},{"type":"Feature","properties":{"code":"659303"},"geometry":{"type":"Polygon","coordinates":[[[-17.83507,28.55978],[-17.8387,28.53566],[-17.795,28.51709],[-17.78609,28.54065],[-17.75849,28.56827],[-17.74838,28.62487],[-17.76855,28.67499],[-17.76531,28.67946],[-17.76329,28.67308],[-17.75751,28.69586],[-17.73077,28.71986],[-17.72242,28.74147],[-17.75089,28.77512],[-17.77563,28.83935],[-17.78688,28.84331],[-17.8464,28.83412],[-17.84537,28.81615],[-17.85996,28.78488],[-17.85537,28.76812],[-17.86192,28.75977],[-17.83406,28.74071],[-17.84446,28.70323],[-17.82484,28.66523],[-17.82537,28.62926],[-17.83937,28.60346],[-17.83507,28.55978]]]}},{"type":"Feature","properties":{"code":"659303C"},"geometry":{"type":"Polygon","coordinates":[[[-17.82325,29.09317],[-17.8464,28.83412],[-17.80762,28.84464],[-17.77563,28.83935],[-17.75089,28.77512],[-17.72242,28.74147],[-17.73077,28.71986],[-17.75751,28.69586],[-17.76329,28.67308],[-17.76531,28.67946],[-17.76855,28.67499],[-17.74838,28.62487],[-17.75233,28.59128],[-17.75849,28.56827],[-17.78609,28.54065],[-17.795,28.51709],[-17.5111,28.40049],[-17.42562,28.50682],[-17.35661,28.69306],[-17.35283,28.75742],[-17.3635,28.82117],[-17.38823,28.88182],[-17.4788,29.03457],[-17.52773,29.08172],[-17.58621,29.11955],[-17.65199,29.14662],[-17.81713,29.17382],[-17.82325,29.09317]]]}},{"type":"Feature","properties":{"code":"659304"},"geometry":{"type":"Polygon","coordinates":[[[-17.99113,28.73915],[-17.97245,28.70903],[-17.96243,28.66624],[-17.92389,28.61484],[-17.92432,28.5953],[-17.90902,28.58522],[-17.8787,28.53926],[-17.86722,28.47219],[-17.84051,28.4516],[-17.83111,28.45605],[-17.81554,28.49435],[-17.795,28.51709],[-17.8387,28.53566],[-17.83241,28.56053],[-17.83724,28.55436],[-17.87302,28.55383],[-17.88414,28.62685],[-17.90362,28.65368],[-17.88798,28.65817],[-17.90962,28.67208],[-17.9218,28.66617],[-17.92661,28.67142],[-17.89422,28.74659],[-17.85537,28.76812],[-17.85996,28.78488],[-17.84537,28.81615],[-17.8464,28.83412],[-17.88889,28.83943],[-17.91297,28.85682],[-17.9286,28.84372],[-17.9456,28.84171],[-17.96646,28.82655],[-17.98235,28.79833],[-18.00442,28.78339],[-18.00589,28.75684],[-17.99113,28.73915]]]}},{"type":"Feature","properties":{"code":"659304C"},"geometry":{"type":"Polygon","coordinates":[[[-17.81713,29.17382],[-17.93343,29.18201],[-18.00566,29.17211],[-18.07425,29.14994],[-18.13649,29.11637],[-18.18998,29.07274],[-18.23265,29.02074],[-18.33998,28.84607],[-18.35664,28.78524],[-18.35978,28.72274],[-18.3493,28.66087],[-18.32561,28.6019],[-18.17461,28.31502],[-18.13791,28.25988],[-18.08977,28.21213],[-18.03205,28.17362],[-17.99003,28.15568],[-17.74949,28.13631],[-17.70686,28.14953],[-17.5111,28.40049],[-17.795,28.51709],[-17.81554,28.49435],[-17.83111,28.45605],[-17.84051,28.4516],[-17.85419,28.4579],[-17.87473,28.49392],[-17.8787,28.53926],[-17.90902,28.58522],[-17.92432,28.5953],[-17.92389,28.61484],[-17.96243,28.66624],[-17.98022,28.7274],[-18.00589,28.75684],[-18.00442,28.78339],[-17.97676,28.80461],[-17.96646,28.82655],[-17.9456,28.84171],[-17.92474,28.84572],[-17.91808,28.85633],[-17.90497,28.85441],[-17.88889,28.83943],[-17.8464,28.83412],[-17.81713,29.17382]]]}},{"type":"Feature","properties":{"code":"659401"},"geometry":{"type":"Polygon","coordinates":[[[-17.34051,28.15379],[-17.3475,28.09816],[-17.31937,28.075],[-17.31819,28.05782],[-17.28973,28.04506],[-17.28847,28.03718],[-17.27229,28.03522],[-17.27011,28.02476],[-17.24372,28.01893],[-17.22667,28.02551],[-17.19771,28.02267],[-17.18013,28.03565],[-17.16654,28.03433],[-17.16707,28.04037],[-17.09744,28.09325],[-17.10141,28.12743],[-17.11133,28.13208],[-17.11713,28.1514],[-17.15376,28.16501],[-17.16526,28.17915],[-17.18225,28.18003],[-17.19383,28.19887],[-17.2426,28.19992],[-17.25865,28.21717],[-17.31633,28.20326],[-17.34051,28.15379]]]}},{"type":"Feature","properties":{"code":"659401C"},"geometry":{"type":"Polygon","coordinates":[[[-17.5734,27.88174],[-17.53717,27.80311],[-17.51622,27.78272],[-17.45956,27.74536],[-17.39594,27.71829],[-17.32767,27.70253],[-17.25727,27.69865],[-17.18732,27.70681],[-16.97393,27.78461],[-16.93985,27.88418],[-16.95232,28.09953],[-16.97678,28.15683],[-17.03119,28.2484],[-17.12185,28.35705],[-17.16026,28.41581],[-17.21401,28.54051],[-17.2974,28.54171],[-17.3712,28.52791],[-17.42562,28.50682],[-17.70686,28.14953],[-17.70486,28.11619],[-17.5734,27.88174]],[[-17.29782,28.04903],[-17.31819,28.05782],[-17.31937,28.075],[-17.3475,28.09816],[-17.34005,28.13111],[-17.34481,28.15129],[-17.31633,28.20326],[-17.25865,28.21717],[-17.2426,28.19992],[-17.19383,28.19887],[-17.18225,28.18003],[-17.16526,28.17915],[-17.15376,28.16501],[-17.11713,28.1514],[-17.11133,28.13208],[-17.10141,28.12743],[-17.09744,28.09325],[-17.16707,28.04037],[-17.16654,28.03433],[-17.18013,28.03565],[-17.19771,28.02267],[-17.22667,28.02551],[-17.24372,28.01893],[-17.27011,28.02476],[-17.27229,28.03522],[-17.28847,28.03718],[-17.29782,28.04903]]]}},{"type":"Feature","properties":{"code":"659501"},"geometry":{"type":"MultiPolygon","coordinates":[[[[-18.05265,27.69227],[-18.02794,27.67822],[-18.00895,27.64886],[-17.98625,27.63697],[-17.97628,27.63877],[-17.9555,27.71941],[-17.9257,27.73132],[-17.90822,27.76428],[-17.91282,27.76951],[-17.88272,27.80104],[-17.88199,27.81194],[-17.90063,27.84095],[-17.93317,27.84778],[-17.99148,27.82112],[-17.98701,27.79943],[-18.03491,27.76117],[-18.07151,27.75197],[-18.1093,27.75765],[-18.12639,27.77038],[-18.14914,27.75959],[-18.15591,27.71019],[-18.14312,27.70247],[-18.05265,27.69227]]],[[[-17.99528,27.82309],[-17.99341,27.82202],[-17.99418,27.82422],[-17.99528,27.82309]]]]}},{"type":"Feature","properties":{"code":"659501C"},"geometry":{"type":"Polygon","coordinates":[[[-17.99003,28.15568],[-18.09474,28.13716],[-18.1606,28.11412],[-18.22344,28.07753],[-18.3007,28.0556],[-18.3653,28.02196],[-18.42078,27.97736],[-18.46485,27.92368],[-18.49567,27.86317],[-18.51199,27.79837],[-18.52024,27.68821],[-18.50917,27.62819],[-18.48577,27.57106],[-18.45086,27.51879],[-18.40568,27.47321],[-18.3518,27.4359],[-18.29109,27.40817],[-18.20896,27.38808],[-18.14322,27.34949],[-18.07849,27.32642],[-18.01003,27.31475],[-17.94032,27.31489],[-17.87188,27.32686],[-17.80722,27.35024],[-17.74867,27.38417],[-17.6984,27.42743],[-17.65824,27.47844],[-17.62969,27.53536],[-17.55325,27.73755],[-17.53717,27.80311],[-17.5734,27.88174],[-17.70486,28.11619],[-17.74949,28.13631],[-17.99003,28.15568]],[[-17.98624,27.63697],[-18.00895,27.64886],[-18.02794,27.67822],[-18.05265,27.69227],[-18.14312,27.70247],[-18.15591,27.71019],[-18.15224,27.75473],[-18.12639,27.77038],[-18.10929,27.75765],[-18.07151,27.75197],[-18.03491,27.76117],[-17.98701,27.79943],[-17.99148,27.82112],[-17.97069,27.8266],[-17.95708,27.84059],[-17.91553,27.84727],[-17.89272,27.83114],[-17.88272,27.80104],[-17.91282,27.76951],[-17.90822,27.76428],[-17.92569,27.73132],[-17.95549,27.71941],[-17.9568,27.6946],[-17.9706,27.67147],[-17.96899,27.64703],[-17.98624,27.63697]],[[-17.99341,27.82202],[-17.99341,27.82202],[-17.99528,27.82309],[-17.99418,27.82422],[-17.99418,27.82422],[-17.99417,27.82422],[-17.9934,27.82202],[-17.99341,27.82202]]]}},{"type":"Feature","properties":{"code":"659601"},"geometry":{"type":"MultiPolygon","coordinates":[[[[-16.88322,28.36837],[-16.91633,28.35976],[-16.92343,28.34039],[-16.89498,28.33061],[-16.87832,28.30155],[-16.8598,28.28646],[-16.85739,28.27323],[-16.82004,28.2916],[-16.82228,28.31],[-16.79397,28.31184],[-16.6999,28.27033],[-16.67665,28.26743],[-16.68627,28.25269],[-16.67912,28.21175],[-16.6443,28.19768],[-16.59152,28.21953],[-16.55275,28.24794],[-16.54413,28.2812],[-16.51937,28.3022],[-16.51049,28.29909],[-16.4974,28.30862],[-16.48039,28.34606],[-16.4653,28.35395],[-16.45575,28.3809],[-16.42271,28.39506],[-16.42013,28.4072],[-16.4055,28.41273],[-16.39486,28.42893],[-16.40797,28.46218],[-16.42887,28.48629],[-16.44408,28.4733],[-16.45016,28.47615],[-16.45478,28.45882],[-16.4718,28.45405],[-16.47308,28.44216],[-16.49533,28.4375],[-16.50949,28.41927],[-16.54926,28.41828],[-16.60136,28.39322],[-16.67244,28.40097],[-16.67872,28.38988],[-16.69229,28.39494],[-16.69969,28.38288],[-16.71765,28.38686],[-16.72471,28.37549],[-16.73064,28.38119],[-16.74914,28.36997],[-16.80801,28.37591],[-16.83094,28.39194],[-16.88322,28.36837]]],[[[-16.76023,28.37717],[-16.76092,28.37989],[-16.76201,28.37826],[-16.76023,28.37717]]]]}},{"type":"Feature","properties":{"code":"659601C"},"geometry":{"type":"Polygon","coordinates":[[[-17.17598,28.44886],[-17.12185,28.35705],[-17.03119,28.2484],[-17.011,28.21445],[-16.85088,28.27208],[-16.89498,28.33061],[-16.92343,28.34039],[-16.91633,28.35976],[-16.8696,28.37033],[-16.83094,28.39194],[-16.80801,28.37591],[-16.74914,28.36997],[-16.73064,28.38119],[-16.72471,28.37549],[-16.71765,28.38686],[-16.69969,28.38288],[-16.69229,28.39494],[-16.67872,28.38988],[-16.67244,28.40097],[-16.60136,28.39322],[-16.54926,28.41828],[-16.50949,28.41927],[-16.49533,28.4375],[-16.47308,28.44216],[-16.4718,28.45405],[-16.45478,28.45882],[-16.45016,28.47615],[-16.44408,28.4733],[-16.42887,28.48629],[-16.65434,28.75144],[-16.68313,28.72664],[-16.94041,28.6912],[-17.00172,28.67788],[-17.05955,28.65555],[-17.15239,28.5968],[-17.21401,28.54051],[-17.17598,28.44886]],[[-16.76201,28.37826],[-16.76092,28.37989],[-16.76023,28.37717],[-16.76201,28.37826]]]}},{"type":"Feature","properties":{"code":"659602"},"geometry":{"type":"MultiPolygon","coordinates":[[[[-16.42887,28.48629],[-16.40797,28.46218],[-16.39486,28.42893],[-16.4055,28.41273],[-16.42013,28.4072],[-16.42271,28.39506],[-16.44385,28.38909],[-16.44489,28.38195],[-16.3912,28.34167],[-16.36468,28.3386],[-16.36759,28.35624],[-16.35887,28.37839],[-16.30592,28.40881],[-16.26785,28.44693],[-16.24764,28.45417],[-16.24356,28.46643],[-16.24504,28.45406],[-16.23453,28.48483],[-16.21811,28.49004],[-16.22364,28.48201],[-16.1847,28.50865],[-16.15466,28.52152],[-16.14158,28.51966],[-16.13766,28.53039],[-16.12375,28.53167],[-16.11897,28.55813],[-16.13085,28.58009],[-16.15641,28.58756],[-16.22234,28.56421],[-16.27124,28.57697],[-16.27275,28.5712],[-16.28358,28.5758],[-16.29568,28.56812],[-16.32715,28.57571],[-16.33203,28.55679],[-16.36399,28.54452],[-16.38147,28.54596],[-16.40917,28.52634],[-16.4195,28.51678],[-16.42887,28.48629]]],[[[-16.15741,28.5896],[-16.15752,28.59343],[-16.16009,28.59129],[-16.15741,28.5896]]]]}},{"type":"Feature","properties":{"code":"659602C"},"geometry":{"type":"Polygon","coordinates":[[[-16.36468,28.3386],[-16.05319,28.20656],[-16.00211,28.26825],[-15.75812,28.48782],[-15.74923,28.52901],[-15.74975,28.59293],[-15.76433,28.65555],[-15.79244,28.71447],[-15.83302,28.76744],[-15.89652,28.82677],[-15.95181,28.86637],[-16.0147,28.89594],[-16.08285,28.91437],[-16.15374,28.92099],[-16.22475,28.91557],[-16.28293,28.90091],[-16.37255,28.90064],[-16.45065,28.88442],[-16.52293,28.8538],[-16.65434,28.75144],[-16.42887,28.48629],[-16.4195,28.51678],[-16.40917,28.52634],[-16.38147,28.54596],[-16.36399,28.54452],[-16.33203,28.55679],[-16.32715,28.57571],[-16.29568,28.56812],[-16.28358,28.5758],[-16.27275,28.5712],[-16.27124,28.57697],[-16.22234,28.56421],[-16.15641,28.58756],[-16.13085,28.58009],[-16.11897,28.55813],[-16.12375,28.53167],[-16.13766,28.53039],[-16.14158,28.51966],[-16.15466,28.52152],[-16.1847,28.50865],[-16.22364,28.48201],[-16.21811,28.49004],[-16.23453,28.48483],[-16.24504,28.45406],[-16.24356,28.46643],[-16.24764,28.45417],[-16.26785,28.44693],[-16.30592,28.40881],[-16.35887,28.37839],[-16.36759,28.35624],[-16.36468,28.3386]],[[-16.16009,28.59129],[-16.15752,28.59343],[-16.15741,28.5896],[-16.16009,28.59129]]]}},{"type":"Feature","properties":{"code":"659603"},"geometry":{"type":"Polygon","coordinates":[[[-16.85088,28.27208],[-16.83653,28.25651],[-16.84432,28.23842],[-16.83559,28.20645],[-16.81758,28.17928],[-16.80528,28.1733],[-16.77546,28.11663],[-16.73613,28.08593],[-16.73558,28.05346],[-16.70982,28.04535],[-16.70618,28.00972],[-16.67823,27.99704],[-16.6633,28.00749],[-16.63846,28.00392],[-16.62325,28.01731],[-16.59591,28.02668],[-16.53971,28.02777],[-16.53983,28.041],[-16.50191,28.07575],[-16.49094,28.07779],[-16.46134,28.11982],[-16.42503,28.14696],[-16.43279,28.1554],[-16.42336,28.16749],[-16.42312,28.20316],[-16.38599,28.26274],[-16.38244,28.28319],[-16.35929,28.3055],[-16.35784,28.31822],[-16.36468,28.3386],[-16.39677,28.34475],[-16.4479,28.38771],[-16.4653,28.35395],[-16.48039,28.34606],[-16.4974,28.30862],[-16.51049,28.29909],[-16.51937,28.3022],[-16.54413,28.2812],[-16.55275,28.24794],[-16.59152,28.21953],[-16.6443,28.19768],[-16.67912,28.21175],[-16.68627,28.25269],[-16.67665,28.26743],[-16.6999,28.27033],[-16.79397,28.31184],[-16.82228,28.31],[-16.82004,28.2916],[-16.84527,28.28179],[-16.85088,28.27208]]]}},{"type":"Feature","properties":{"code":"659603C"},"geometry":{"type":"Polygon","coordinates":[[[-17.011,28.21445],[-16.95232,28.09953],[-16.94668,28.05672],[-16.93974,27.88427],[-16.97393,27.78461],[-16.92127,27.74158],[-16.85893,27.70796],[-16.79036,27.68592],[-16.71826,27.67633],[-16.64544,27.67957],[-16.42703,27.71379],[-16.36734,27.73708],[-16.31317,27.76938],[-16.17647,27.90157],[-16.14618,28.01549],[-16.05319,28.20656],[-16.36468,28.3386],[-16.35929,28.3055],[-16.38244,28.28319],[-16.38599,28.26274],[-16.42312,28.20316],[-16.42336,28.16749],[-16.43279,28.1554],[-16.42503,28.14696],[-16.46134,28.11982],[-16.49094,28.07779],[-16.50191,28.07575],[-16.53983,28.041],[-16.54488,28.02373],[-16.55496,28.03035],[-16.59591,28.02668],[-16.62325,28.01731],[-16.63846,28.00392],[-16.6633,28.00749],[-16.67823,27.99704],[-16.70618,28.00972],[-16.70982,28.04535],[-16.73558,28.05346],[-16.73613,28.08593],[-16.77546,28.11663],[-16.80528,28.1733],[-16.81758,28.17928],[-16.83559,28.20645],[-16.84432,28.23842],[-16.83653,28.25651],[-16.84801,28.2712],[-17.011,28.21445]]]}},{"type":"Feature","properties":{"code":"663901"},"geometry":{"type":"MultiPolygon","coordinates":[[[[-4.52035,43.28089],[-4.48139,43.28254],[-4.42015,43.30147],[-4.39051,43.29327],[-4.38977,43.278],[-4.37412,43.26867],[-4.24494,43.27687],[-4.21178,43.3014],[-4.20387,43.31909],[-4.19119,43.32222],[-4.15796,43.32158],[-4.11761,43.33235],[-4.11245,43.32109],[-4.12826,43.29897],[-4.10679,43.29223],[-4.01216,43.30419],[-4.001,43.32088],[-4.00435,43.33127],[-3.98054,43.33864],[-3.95035,43.3321],[-3.96023,43.30584],[-3.93013,43.29212],[-3.91849,43.2925],[-3.92505,43.30436],[-3.89153,43.3138],[-3.90259,43.33837],[-3.86881,43.33029],[-3.85399,43.33536],[-3.81774,43.30474],[-3.76529,43.29235],[-3.73881,43.30996],[-3.70859,43.317],[-3.6737,43.30209],[-3.64791,43.3014],[-3.61464,43.33104],[-3.57311,43.34404],[-3.55495,43.31175],[-3.4891,43.30098],[-3.47239,43.30392],[-3.44295,43.35649],[-3.38772,43.36286],[-3.36558,43.35765],[-3.33181,43.38807],[-3.29745,43.37638],[-3.28724,43.38019],[-3.29207,43.37048],[-3.27868,43.35893],[-3.27795,43.33685],[-3.2306,43.31637],[-3.2082,43.28381],[-3.1919,43.29872],[-3.15021,43.30712],[-3.14959,43.34914],[-3.20816,43.37384],[-3.21606,43.38417],[-3.20728,43.38131],[-3.2238,43.3854],[-3.21955,43.39376],[-3.30122,43.40979],[-3.32046,43.40386],[-3.32247,43.41953],[-3.35715,43.41249],[-3.41423,43.41957],[-3.42529,43.41385],[-3.44986,43.43628],[-3.46137,43.40405],[-3.4585,43.43128],[-3.48083,43.43236],[-3.49023,43.4235],[-3.4827,43.43306],[-3.46216,43.4371],[-3.46371,43.44495],[-3.43708,43.43746],[-3.42452,43.44424],[-3.43409,43.46506],[-3.49459,43.47179],[-3.51337,43.48157],[-3.51173,43.49269],[-3.54115,43.49353],[-3.54526,43.50826],[-3.57714,43.50676],[-3.58038,43.51333],[-3.59551,43.51316],[-3.61036,43.49878],[-3.64341,43.49878],[-3.68622,43.47563],[-3.70439,43.47992],[-3.72151,43.4743],[-3.73134,43.45952],[-3.77133,43.4589],[-3.74595,43.45334],[-3.75132,43.436],[-3.74119,43.43255],[-3.75589,43.43089],[-3.7543,43.44805],[-3.77432,43.44913],[-3.77731,43.43383],[-3.78993,43.43243],[-3.77763,43.42173],[-3.8059,43.41766],[-3.81312,43.40239],[-3.82065,43.41314],[-3.80326,43.42469],[-3.83526,43.43195],[-3.8189,43.43767],[-3.83402,43.44233],[-3.81943,43.44213],[-3.83111,43.44403],[-3.81353,43.44809],[-3.82349,43.45093],[-3.81314,43.44961],[-3.80169,43.46117],[-3.76206,43.46683],[-3.78664,43.47977],[-3.7785,43.48594],[-3.78659,43.48629],[-3.7837,43.49213],[-3.81065,43.49535],[-3.83893,43.47758],[-3.84058,43.48433],[-3.89104,43.47217],[-3.89146,43.47745],[-3.94632,43.46987],[-3.98071,43.44153],[-3.98573,43.44609],[-4.00102,43.43986],[-4.02009,43.44913],[-4.03283,43.43564],[-4.0457,43.44543],[-4.05357,43.43414],[-4.0754,43.43121],[-4.08007,43.43855],[-4.11454,43.41766],[-4.17325,43.40133],[-4.17931,43.4057],[-4.21772,43.39569],[-4.23189,43.40078],[-4.27961,43.38748],[-4.28737,43.39457],[-4.3319,43.39238],[-4.33946,43.40637],[-4.38806,43.39021],[-4.38377,43.39555],[-4.4141,43.3985],[-4.47262,43.38923],[-4.48156,43.39655],[-4.51091,43.39355],[-4.50947,43.38017],[-4.51955,43.36641],[-4.53308,43.3686],[-4.52944,43.35905],[-4.53744,43.35619],[-4.53809,43.34422],[-4.52098,43.33604],[-4.52035,43.28089]]],[[[-4.49907,43.39632],[-4.49907,43.39632],[-4.49907,43.39632],[-4.49907,43.39632],[-4.49907,43.39632],[-4.49907,43.39632],[-4.49907,43.39632],[-4.49907,43.39632],[-4.49907,43.39632],[-4.49907,43.39632],[-4.49907,43.39632],[-4.49907,43.39632],[-4.49907,43.39632],[-4.49907,43.39632],[-4.49907,43.39632],[-4.49907,43.39632],[-4.49791,43.39756],[-4.49993,43.39733],[-4.49907,43.39632]]],[[[-3.7293,43.46928],[-3.7293,43.46928],[-3.7293,43.46928],[-3.7293,43.46928],[-3.7293,43.46928],[-3.7293,43.46928],[-3.7293,43.46928],[-3.7293,43.46928],[-3.7293,43.46928],[-3.7293,43.46928],[-3.7293,43.46928],[-3.7293,43.46928],[-3.7293,43.46928],[-3.7293,43.46928],[-3.7293,43.46928],[-3.7293,43.46928],[-3.72567,43.47476],[-3.72789,43.4772],[-3.73029,43.47433],[-3.7293,43.46928]]],[[[-3.75414,43.47258],[-3.75414,43.47258],[-3.75414,43.47258],[-3.75414,43.47258],[-3.75414,43.47258],[-3.75414,43.47258],[-3.75414,43.47258],[-3.75414,43.47258],[-3.75414,43.47258],[-3.75414,43.47258],[-3.75414,43.47258],[-3.75414,43.47258],[-3.75414,43.47258],[-3.75414,43.47258],[-3.75414,43.47258],[-3.75414,43.47258],[-3.75333,43.47383],[-3.75521,43.47391],[-3.75414,43.47258]]],[[[-3.8756,43.47772],[-3.8756,43.47772],[-3.8756,43.47772],[-3.8756,43.47772],[-3.8756,43.47772],[-3.8756,43.47772],[-3.8756,43.47772],[-3.8756,43.47772],[-3.8756,43.47772],[-3.8756,43.47772],[-3.8756,43.47772],[-3.8756,43.47772],[-3.8756,43.47772],[-3.8756,43.47772],[-3.8756,43.47772],[-3.8756,43.47772],[-3.87536,43.47769],[-3.87402,43.4806],[-3.87694,43.48062],[-3.87817,43.47794],[-3.8756,43.47772]]],[[[-3.90783,43.47554],[-3.90503,43.47803],[-3.90764,43.47748],[-3.90783,43.47554]]]]}},{"type":"Feature","properties":{"code":"663901C"},"geometry":{"type":"Polygon","coordinates":[[[-3.152,43.35355],[-3.18701,43.74097],[-3.3772,43.81244],[-3.46644,43.83641],[-3.56062,43.84652],[-3.65565,43.84232],[-3.74527,43.82443],[-3.85138,43.82753],[-3.93801,43.81577],[-4.20872,43.75865],[-4.29636,43.73222],[-4.52365,43.72893],[-4.5089,43.5121],[-4.51091,43.39355],[-4.48156,43.39655],[-4.47262,43.38923],[-4.4141,43.3985],[-4.38377,43.39555],[-4.38806,43.39021],[-4.33946,43.40637],[-4.3319,43.39238],[-4.28737,43.39457],[-4.27961,43.38748],[-4.23189,43.40078],[-4.21772,43.39569],[-4.17931,43.4057],[-4.17325,43.40133],[-4.11454,43.41766],[-4.08007,43.43855],[-4.0754,43.43121],[-4.05357,43.43414],[-4.0457,43.44543],[-4.03283,43.43564],[-4.02009,43.44913],[-4.00102,43.43986],[-3.98573,43.44609],[-3.98071,43.44153],[-3.94632,43.46987],[-3.89146,43.47745],[-3.89104,43.47217],[-3.84058,43.48433],[-3.83893,43.47758],[-3.81065,43.49535],[-3.7837,43.49213],[-3.78659,43.48629],[-3.7785,43.48594],[-3.78664,43.47977],[-3.76206,43.46683],[-3.80169,43.46117],[-3.81314,43.44961],[-3.82349,43.45093],[-3.81353,43.44809],[-3.83111,43.44403],[-3.81943,43.44213],[-3.83402,43.44233],[-3.8189,43.43767],[-3.83526,43.43195],[-3.80326,43.42469],[-3.82065,43.41314],[-3.81312,43.40239],[-3.8059,43.41766],[-3.77763,43.42173],[-3.78993,43.43243],[-3.77731,43.43383],[-3.77432,43.44913],[-3.7543,43.44805],[-3.75589,43.43089],[-3.74119,43.43255],[-3.75132,43.436],[-3.74595,43.45334],[-3.77133,43.4589],[-3.73134,43.45952],[-3.72151,43.4743],[-3.70439,43.47992],[-3.68622,43.47563],[-3.64341,43.49878],[-3.61036,43.49878],[-3.59551,43.51316],[-3.58038,43.51333],[-3.57714,43.50676],[-3.54526,43.50826],[-3.54115,43.49353],[-3.51173,43.49269],[-3.51337,43.48157],[-3.49459,43.47179],[-3.44646,43.46762],[-3.42572,43.45783],[-3.42452,43.44424],[-3.43708,43.43746],[-3.46371,43.44495],[-3.46216,43.4371],[-3.4827,43.43306],[-3.49023,43.4235],[-3.48083,43.43236],[-3.4585,43.43128],[-3.46137,43.40405],[-3.44986,43.43628],[-3.42529,43.41385],[-3.41423,43.41957],[-3.35715,43.41249],[-3.32247,43.41953],[-3.32046,43.40386],[-3.30122,43.40979],[-3.21955,43.39376],[-3.2238,43.3854],[-3.20728,43.38131],[-3.21606,43.38417],[-3.20816,43.37384],[-3.16043,43.35137],[-3.152,43.35355]],[[-3.72567,43.47476],[-3.72567,43.47476],[-3.72567,43.47476],[-3.72567,43.47476],[-3.72567,43.47476],[-3.72567,43.47476],[-3.72567,43.47476],[-3.72567,43.47476],[-3.72567,43.47476],[-3.72567,43.47476],[-3.72567,43.47476],[-3.72567,43.47476],[-3.72567,43.47476],[-3.72567,43.47476],[-3.72567,43.47476],[-3.72567,43.47476],[-3.7293,43.46928],[-3.73029,43.47433],[-3.73029,43.47433],[-3.73029,43.47433],[-3.72789,43.4772],[-3.72567,43.47476],[-3.72567,43.47476]],[[-3.75333,43.47383],[-3.75333,43.47383],[-3.75333,43.47383],[-3.75333,43.47383],[-3.75333,43.47383],[-3.75333,43.47383],[-3.75333,43.47383],[-3.75333,43.47383],[-3.75333,43.47383],[-3.75333,43.47383],[-3.75333,43.47383],[-3.75333,43.47383],[-3.75333,43.47383],[-3.75333,43.47383],[-3.75333,43.47383],[-3.75333,43.47383],[-3.75414,43.47258],[-3.75521,43.47391],[-3.75521,43.47391],[-3.75521,43.47391],[-3.75333,43.47383],[-3.75333,43.47383]],[[-3.87536,43.47769],[-3.87536,43.47769],[-3.87536,43.47769],[-3.87536,43.47769],[-3.87536,43.47769],[-3.87536,43.47769],[-3.87536,43.47769],[-3.87536,43.47769],[-3.87536,43.47769],[-3.87536,43.47769],[-3.87536,43.47769],[-3.87536,43.47769],[-3.87536,43.47769],[-3.87536,43.47769],[-3.87536,43.47769],[-3.87536,43.47769],[-3.8756,43.47772],[-3.87817,43.47794],[-3.87694,43.48062],[-3.87694,43.48062],[-3.87694,43.48062],[-3.87402,43.4806],[-3.87536,43.47769],[-3.87536,43.47769]],[[-3.90503,43.47803],[-3.90503,43.47803],[-3.90783,43.47554],[-3.90764,43.47748],[-3.90764,43.47748],[-3.90764,43.47748],[-3.90503,43.47803],[-3.90503,43.47803]]]}},{"type":"Feature","properties":{"code":"663902"},"geometry":{"type":"Polygon","coordinates":[[[-4.83368,43.10899],[-4.81553,43.09293],[-4.76513,43.07482],[-4.76474,43.05591],[-4.74261,43.05673],[-4.73285,43.04735],[-4.74189,43.02844],[-4.71834,43.01753],[-4.68899,43.02666],[-4.63677,43.01695],[-4.60472,43.03604],[-4.55709,43.01979],[-4.51957,43.04764],[-4.47435,43.03898],[-4.46174,43.06034],[-4.47213,43.08953],[-4.46582,43.11391],[-4.48258,43.12345],[-4.463,43.14721],[-4.49845,43.16333],[-4.51955,43.18393],[-4.52631,43.23203],[-4.55142,43.27221],[-4.54951,43.28487],[-4.60518,43.30082],[-4.63522,43.27603],[-4.63051,43.26792],[-4.70467,43.26713],[-4.72957,43.2576],[-4.72029,43.22976],[-4.7306,43.22118],[-4.73705,43.18665],[-4.77723,43.19231],[-4.81767,43.17923],[-4.84734,43.17797],[-4.83319,43.15774],[-4.85005,43.12622],[-4.83368,43.10899]]]}},{"type":"Feature","properties":{"code":"663903"},"geometry":{"type":"MultiPolygon","coordinates":[[[[-4.51083,43.17256],[-4.463,43.14721],[-4.48258,43.12345],[-4.46582,43.11391],[-4.4675,43.06356],[-4.39676,43.03514],[-4.34597,42.97243],[-4.28936,42.96949],[-4.23714,42.95465],[-4.22903,42.95984],[-4.18379,42.95057],[-4.16241,42.97979],[-4.16843,42.98868],[-4.15572,43.01152],[-4.15983,43.03019],[-4.13095,43.08821],[-4.11957,43.08234],[-4.11953,43.06256],[-4.09934,43.05207],[-4.10246,43.04252],[-4.08905,43.03317],[-4.07679,43.0353],[-4.08713,42.99851],[-4.07607,42.99066],[-4.04137,42.99677],[-4.01788,42.98486],[-3.9748,43.00885],[-3.94412,43.00605],[-3.90792,43.01637],[-3.88971,43.04194],[-3.84978,43.03937],[-3.83043,43.0641],[-3.84938,43.07733],[-3.84562,43.08467],[-3.82192,43.08086],[-3.80887,43.08693],[-3.78894,43.07841],[-3.75568,43.08532],[-3.75072,43.10178],[-3.70335,43.11655],[-3.64884,43.18128],[-3.61112,43.16979],[-3.60222,43.14991],[-3.58426,43.15478],[-3.48565,43.13354],[-3.41633,43.1337],[-3.43214,43.17132],[-3.43164,43.20702],[-3.44743,43.23638],[-3.41713,43.24134],[-3.41215,43.25017],[-3.39764,43.24609],[-3.38168,43.27076],[-3.33881,43.2783],[-3.34164,43.29473],[-3.33109,43.30215],[-3.32237,43.29273],[-3.29363,43.30103],[-3.28981,43.29064],[-3.26318,43.29629],[-3.22716,43.28607],[-3.21664,43.29201],[-3.2306,43.31637],[-3.27795,43.33685],[-3.27868,43.35893],[-3.29207,43.37048],[-3.28724,43.38019],[-3.29745,43.37638],[-3.33181,43.38807],[-3.36558,43.35765],[-3.38772,43.36286],[-3.44295,43.35649],[-3.47239,43.30392],[-3.4891,43.30098],[-3.55495,43.31175],[-3.57311,43.34404],[-3.61464,43.33104],[-3.64791,43.3014],[-3.6737,43.30209],[-3.70859,43.317],[-3.73881,43.30996],[-3.76529,43.29235],[-3.81774,43.30474],[-3.85399,43.33536],[-3.86881,43.33029],[-3.90259,43.33837],[-3.89153,43.3138],[-3.92505,43.30436],[-3.91849,43.2925],[-3.96023,43.30584],[-3.95035,43.3321],[-3.98054,43.33864],[-4.00435,43.33127],[-4.001,43.32088],[-4.01216,43.30419],[-4.12524,43.29362],[-4.11216,43.32471],[-4.11761,43.33235],[-4.1369,43.33198],[-4.15796,43.32158],[-4.20387,43.31909],[-4.2383,43.27769],[-4.37412,43.26867],[-4.38977,43.278],[-4.39051,43.29327],[-4.42015,43.30147],[-4.48139,43.28254],[-4.52035,43.28089],[-4.54641,43.26895],[-4.52631,43.23203],[-4.52375,43.19602],[-4.51083,43.17256]]],[[[-3.30328,43.25896],[-3.2914,43.24138],[-3.29659,43.20695],[-3.28373,43.19797],[-3.26388,43.20604],[-3.26846,43.23232],[-3.24811,43.25993],[-3.26563,43.26719],[-3.30328,43.25896]]]]}},{"type":"Feature","properties":{"code":"663904"},"geometry":{"type":"Polygon","coordinates":[[[-4.22926,42.89697],[-4.22435,42.85917],[-4.20763,42.84506],[-4.14855,42.87142],[-4.14391,42.8625],[-4.12477,42.85692],[-4.1391,42.82929],[-4.16047,42.83637],[-4.17721,42.82653],[-4.18135,42.81063],[-4.14856,42.7896],[-4.09714,42.79147],[-4.07999,42.76175],[-4.04456,42.7669],[-4.04801,42.78151],[-4.04241,42.78908],[-4.02852,42.78863],[-4.03157,42.80154],[-4.01284,42.80666],[-4.01943,42.81963],[-4.00969,42.83066],[-3.99869,42.82438],[-3.9983,42.76927],[-3.98024,42.76859],[-3.97754,42.75837],[-3.94524,42.7622],[-3.94745,42.76779],[-3.92924,42.77477],[-3.90961,42.76867],[-3.90832,42.78673],[-3.8931,42.80482],[-3.86203,42.78675],[-3.82087,42.79992],[-3.81445,42.81289],[-3.81517,42.83621],[-3.83244,42.85246],[-3.82401,42.86892],[-3.83545,42.87906],[-3.86239,42.89009],[-3.87271,42.8754],[-3.86716,42.85698],[-3.87885,42.85167],[-3.91349,42.86037],[-3.89613,42.88057],[-3.92301,42.8895],[-3.89159,42.88764],[-3.90648,42.9148],[-3.89003,42.90309],[-3.86726,42.89936],[-3.85074,42.91923],[-3.83221,42.91827],[-3.82859,42.92797],[-3.8382,42.94006],[-3.86575,42.95511],[-3.88604,42.94905],[-3.89023,42.92553],[-3.91015,42.92367],[-3.9322,42.89988],[-3.9283,42.91498],[-3.97151,42.91197],[-3.98963,42.93137],[-3.95947,42.99273],[-3.94412,43.00605],[-3.9748,43.00885],[-4.01788,42.98486],[-4.04137,42.99677],[-4.07607,42.99066],[-4.08796,43.00196],[-4.07679,43.0353],[-4.08905,43.03317],[-4.10246,43.04252],[-4.09934,43.05207],[-4.11953,43.06256],[-4.11957,43.08234],[-4.13095,43.08821],[-4.15983,43.03019],[-4.15572,43.01152],[-4.16843,42.98868],[-4.16241,42.97979],[-4.18379,42.95057],[-4.22903,42.95984],[-4.23714,42.95465],[-4.23535,42.91739],[-4.22121,42.91126],[-4.22926,42.89697]],[[-4.09969,42.79425],[-4.11173,42.81697],[-4.10569,42.82805],[-4.08717,42.81878],[-4.08772,42.80018],[-4.09969,42.79425]],[[-4.15938,42.81826],[-4.17321,42.8119],[-4.18099,42.82063],[-4.15938,42.81826]]]}},{"type":"Feature","properties":{"code":"670501"},"geometry":{"type":"Polygon","coordinates":[[[-5.17692,40.79676],[-5.17316,40.78344],[-5.15443,40.77614],[-5.15529,40.768],[-5.13697,40.77134],[-5.13054,40.78667],[-5.11518,40.79167],[-5.07253,40.7886],[-5.0583,40.77948],[-5.05092,40.79721],[-5.06489,40.79743],[-5.06086,40.80711],[-5.08277,40.82014],[-5.04978,40.83181],[-5.03167,40.82332],[-5.01733,40.83911],[-4.99324,40.84642],[-4.96714,40.82319],[-4.97452,40.81733],[-4.97507,40.77821],[-4.95422,40.77293],[-4.95557,40.76566],[-4.93654,40.76616],[-4.94479,40.7462],[-4.93173,40.74471],[-4.9355,40.73497],[-4.91246,40.71799],[-4.913,40.73995],[-4.8986,40.76586],[-4.85966,40.77737],[-4.85212,40.76441],[-4.84677,40.77498],[-4.85425,40.78988],[-4.84663,40.78897],[-4.84415,40.80463],[-4.82951,40.8114],[-4.80796,40.78799],[-4.79115,40.79404],[-4.75675,40.77853],[-4.74297,40.78733],[-4.73347,40.80758],[-4.75405,40.82463],[-4.72833,40.84681],[-4.70054,40.83134],[-4.68477,40.83547],[-4.68765,40.82941],[-4.67443,40.82199],[-4.68902,40.81425],[-4.68005,40.80184],[-4.6836,40.79056],[-4.65899,40.77229],[-4.63802,40.76926],[-4.61989,40.78499],[-4.63016,40.7986],[-4.61226,40.80729],[-4.62134,40.81924],[-4.5935,40.82542],[-4.56913,40.84278],[-4.55111,40.90782],[-4.55702,40.9405],[-4.56501,40.95656],[-4.60541,40.97116],[-4.61591,41.00401],[-4.63695,41.03166],[-4.71137,41.06246],[-4.7058,41.08913],[-4.71654,41.09036],[-4.70868,41.09962],[-4.72331,41.12378],[-4.71538,41.133],[-4.72075,41.14967],[-4.78484,41.14391],[-4.81218,41.12973],[-4.81362,41.1038],[-4.85421,41.10108],[-4.86233,41.09437],[-4.94946,41.14106],[-4.96162,41.14047],[-4.96626,41.15266],[-4.98319,41.15259],[-4.98838,41.16116],[-5.0125,41.1646],[-5.02042,41.15391],[-5.0585,41.13897],[-5.09877,41.14745],[-5.11008,41.13537],[-5.12268,41.13595],[-5.12781,41.10573],[-5.15004,41.08569],[-5.15163,41.0641],[-5.13943,41.0376],[-5.10239,41.02686],[-5.08848,40.99699],[-5.09828,40.98993],[-5.10348,40.96061],[-5.12624,40.95448],[-5.10986,40.91529],[-5.11417,40.90266],[-5.1287,40.90069],[-5.16245,40.86875],[-5.1676,40.84036],[-5.15611,40.82448],[-5.17692,40.79676]]]}},{"type":"Feature","properties":{"code":"670502"},"geometry":{"type":"Polygon","coordinates":[[[-5.7362,40.29451],[-5.6913,40.29249],[-5.65534,40.27079],[-5.65864,40.25816],[-5.64784,40.25011],[-5.62064,40.24627],[-5.60868,40.21587],[-5.52961,40.19511],[-5.46956,40.20824],[-5.46672,40.22454],[-5.43842,40.23401],[-5.42847,40.25264],[-5.39366,40.25085],[-5.3476,40.26558],[-5.31433,40.26442],[-5.29847,40.25681],[-5.29225,40.24352],[-5.2818,40.24207],[-5.26778,40.25203],[-5.24491,40.2454],[-5.19785,40.26814],[-5.18116,40.26038],[-5.13016,40.29127],[-5.09579,40.29448],[-5.0615,40.31249],[-5.01362,40.32281],[-4.99997,40.2688],[-4.95945,40.30023],[-4.94746,40.35471],[-4.92683,40.33013],[-4.92599,40.3045],[-4.9075,40.30066],[-4.83188,40.33676],[-4.81122,40.33203],[-4.79583,40.36778],[-4.82733,40.41949],[-4.80634,40.42854],[-4.80659,40.43502],[-4.73904,40.43248],[-4.70428,40.43917],[-4.66407,40.42938],[-4.65936,40.41632],[-4.64289,40.41707],[-4.64311,40.39662],[-4.62018,40.3978],[-4.62958,40.36699],[-4.59337,40.34733],[-4.60349,40.33321],[-4.59531,40.32037],[-4.56228,40.31315],[-4.56711,40.32324],[-4.54156,40.33228],[-4.54867,40.34461],[-4.53612,40.3939],[-4.55175,40.42005],[-4.53458,40.45177],[-4.52338,40.45648],[-4.52929,40.48762],[-4.49904,40.51053],[-4.48928,40.53258],[-4.47499,40.52908],[-4.44132,40.54299],[-4.38065,40.54031],[-4.32184,40.51802],[-4.32167,40.55147],[-4.28836,40.5648],[-4.2803,40.58993],[-4.27725,40.60386],[-4.2887,40.60874],[-4.28863,40.62833],[-4.27111,40.62946],[-4.26075,40.60591],[-4.24277,40.60273],[-4.21388,40.6053],[-4.16,40.62373],[-4.17179,40.63064],[-4.17242,40.66786],[-4.15893,40.69021],[-4.18238,40.69839],[-4.25158,40.6899],[-4.27379,40.67667],[-4.25472,40.66368],[-4.2562,40.65377],[-4.32681,40.64763],[-4.3313,40.6375],[-4.41829,40.63379],[-4.42077,40.67562],[-4.43335,40.70654],[-4.42979,40.74275],[-4.4725,40.77502],[-4.48006,40.79195],[-4.47184,40.80041],[-4.49244,40.83388],[-4.52328,40.82613],[-4.5495,40.82963],[-4.55758,40.83995],[-4.54852,40.85371],[-4.53023,40.859],[-4.53397,40.87273],[-4.55823,40.88621],[-4.56913,40.84278],[-4.5935,40.82542],[-4.62134,40.81924],[-4.61226,40.80729],[-4.63016,40.7986],[-4.61989,40.78499],[-4.63802,40.76926],[-4.65899,40.77229],[-4.6836,40.79056],[-4.68005,40.80184],[-4.68902,40.81425],[-4.67443,40.82199],[-4.68765,40.82941],[-4.68477,40.83547],[-4.70054,40.83134],[-4.73039,40.84669],[-4.75405,40.82463],[-4.73347,40.80758],[-4.74297,40.78733],[-4.75675,40.77853],[-4.79115,40.79404],[-4.80796,40.78799],[-4.82951,40.8114],[-4.84415,40.80463],[-4.84663,40.78897],[-4.85425,40.78988],[-4.84677,40.77498],[-4.85212,40.76441],[-4.85966,40.77737],[-4.88247,40.7658],[-4.8986,40.76586],[-4.913,40.73995],[-4.91246,40.71799],[-4.9355,40.73497],[-4.93173,40.74471],[-4.94479,40.7462],[-4.93654,40.76616],[-4.95557,40.76566],[-4.95422,40.77293],[-4.97507,40.77821],[-4.97452,40.81733],[-4.96714,40.82319],[-4.99324,40.84642],[-5.00143,40.84566],[-5.03167,40.82332],[-5.04978,40.83181],[-5.08277,40.82014],[-5.06086,40.80711],[-5.06489,40.79743],[-5.05092,40.79721],[-5.0583,40.77948],[-5.07253,40.7886],[-5.11518,40.79167],[-5.13054,40.78667],[-5.13697,40.77134],[-5.15529,40.768],[-5.15443,40.77614],[-5.17316,40.78344],[-5.17692,40.79676],[-5.21763,40.77334],[-5.21308,40.7582],[-5.24693,40.74401],[-5.29149,40.71064],[-5.3274,40.7058],[-5.3358,40.68965],[-5.3841,40.67182],[-5.38277,40.66202],[-5.36453,40.64915],[-5.37706,40.64587],[-5.37181,40.63918],[-5.3816,40.62114],[-5.42137,40.60563],[-5.44629,40.57997],[-5.4983,40.58197],[-5.4995,40.59773],[-5.51486,40.58576],[-5.52513,40.54194],[-5.43669,40.56666],[-5.4242,40.55702],[-5.451,40.49447],[-5.4606,40.49157],[-5.46419,40.4663],[-5.4812,40.45706],[-5.50847,40.46405],[-5.5189,40.44826],[-5.50927,40.44244],[-5.50975,40.42841],[-5.53288,40.42297],[-5.57324,40.44463],[-5.5597,40.46183],[-5.55956,40.47748],[-5.63281,40.46083],[-5.65519,40.43719],[-5.68983,40.42238],[-5.67708,40.3874],[-5.685,40.35576],[-5.67167,40.34892],[-5.71296,40.32569],[-5.7362,40.29451]]]}},{"type":"Feature","properties":{"code":"670503"},"geometry":{"type":"MultiPolygon","coordinates":[[[[-4.54145,40.43822],[-4.55175,40.42005],[-4.53612,40.3939],[-4.54867,40.34461],[-4.52508,40.34529],[-4.50382,40.31573],[-4.45418,40.32029],[-4.45929,40.34071],[-4.43841,40.35067],[-4.44125,40.38608],[-4.42055,40.40678],[-4.31953,40.41106],[-4.32289,40.42482],[-4.33912,40.42947],[-4.3396,40.43833],[-4.31952,40.45182],[-4.32504,40.46058],[-4.31506,40.46574],[-4.32669,40.50822],[-4.32184,40.51802],[-4.38065,40.54031],[-4.44132,40.54299],[-4.47499,40.52908],[-4.48928,40.53258],[-4.49904,40.51053],[-4.52929,40.48762],[-4.52338,40.45648],[-4.54145,40.43822]]],[[[-5.248,40.10912],[-5.21159,40.10733],[-5.20077,40.08324],[-5.17102,40.08515],[-5.14007,40.09214],[-5.09979,40.12761],[-5.08643,40.12471],[-5.06836,40.14964],[-5.0172,40.15944],[-5.00533,40.13032],[-5.012,40.11144],[-4.9532,40.12151],[-4.95495,40.13374],[-4.92411,40.13642],[-4.91672,40.15568],[-4.92333,40.17037],[-4.877,40.19068],[-4.86136,40.20545],[-4.83407,40.21289],[-4.80633,40.2357],[-4.8169,40.25516],[-4.80291,40.27547],[-4.76025,40.26128],[-4.74129,40.27566],[-4.72726,40.2709],[-4.6968,40.28257],[-4.69281,40.26677],[-4.70046,40.25761],[-4.68586,40.24999],[-4.69234,40.24145],[-4.68592,40.21239],[-4.65266,40.1986],[-4.61557,40.2006],[-4.55941,40.22314],[-4.56788,40.25758],[-4.55459,40.26644],[-4.55416,40.27743],[-4.52775,40.29313],[-4.53852,40.32817],[-4.56711,40.32324],[-4.56228,40.31315],[-4.59531,40.32037],[-4.60349,40.33321],[-4.59337,40.34733],[-4.62958,40.36699],[-4.62018,40.3978],[-4.64311,40.39662],[-4.64289,40.41707],[-4.65936,40.41632],[-4.66407,40.42938],[-4.70428,40.43917],[-4.73904,40.43248],[-4.80659,40.43502],[-4.80634,40.42854],[-4.82733,40.41949],[-4.81645,40.41231],[-4.79583,40.36778],[-4.81122,40.33203],[-4.83188,40.33676],[-4.9075,40.30066],[-4.92599,40.3045],[-4.92683,40.33013],[-4.94746,40.35471],[-4.95945,40.30023],[-4.99997,40.2688],[-5.01362,40.32281],[-5.0615,40.31249],[-5.09579,40.29448],[-5.13016,40.29127],[-5.18116,40.26038],[-5.19785,40.26814],[-5.24491,40.2454],[-5.26778,40.25203],[-5.2818,40.24207],[-5.29225,40.24352],[-5.29847,40.25681],[-5.31433,40.26442],[-5.34186,40.26444],[-5.36832,40.2187],[-5.36563,40.16083],[-5.33463,40.11621],[-5.31449,40.10742],[-5.248,40.10912]]]]}},{"type":"Feature","properties":{"code":"670901"},"geometry":{"type":"MultiPolygon","coordinates":[[[[-4.27468,42.67337],[-4.24829,42.67198],[-4.21338,42.652],[-4.20038,42.66598],[-4.14315,42.66223],[-4.13362,42.64743],[-4.11167,42.64824],[-4.12086,42.64259],[-4.1202,42.62216],[-4.09674,42.61414],[-4.08248,42.63471],[-4.07985,42.62114],[-4.0627,42.61483],[-4.06707,42.62718],[-4.03946,42.60983],[-4.00925,42.62018],[-4.00007,42.63437],[-3.90644,42.62746],[-3.89378,42.61795],[-3.89952,42.60992],[-3.84706,42.59468],[-3.83703,42.5818],[-3.805,42.58701],[-3.77594,42.56125],[-3.75379,42.55181],[-3.74674,42.55581],[-3.73683,42.60724],[-3.74509,42.61636],[-3.73655,42.62815],[-3.7417,42.6548],[-3.71086,42.66977],[-3.68887,42.65136],[-3.64975,42.66203],[-3.63178,42.68045],[-3.61312,42.68077],[-3.59529,42.69347],[-3.56728,42.67988],[-3.56095,42.6873],[-3.53345,42.69167],[-3.50834,42.70638],[-3.52464,42.71562],[-3.51327,42.72714],[-3.52486,42.74369],[-3.47489,42.76478],[-3.49443,42.77672],[-3.54985,42.77942],[-3.56462,42.78745],[-3.60815,42.782],[-3.61981,42.78877],[-3.61516,42.80732],[-3.64899,42.83694],[-3.64242,42.87675],[-3.65216,42.86714],[-3.67331,42.87905],[-3.70521,42.87808],[-3.71477,42.87173],[-3.70961,42.85699],[-3.72921,42.84074],[-3.72539,42.82624],[-3.7844,42.86439],[-3.78749,42.87929],[-3.77861,42.89092],[-3.80713,42.90844],[-3.80364,42.91478],[-3.79414,42.9067],[-3.78015,42.90903],[-3.77089,42.89898],[-3.75889,42.90992],[-3.74702,42.89645],[-3.73765,42.90952],[-3.72643,42.90646],[-3.71528,42.92813],[-3.6593,42.9496],[-3.62924,42.9989],[-3.58406,42.99375],[-3.57179,42.99758],[-3.56985,43.00761],[-3.53591,43.00903],[-3.54473,43.02533],[-3.53931,43.03926],[-3.54982,43.0461],[-3.51777,43.05422],[-3.51826,43.06422],[-3.50562,43.07072],[-3.52451,43.10469],[-3.50712,43.13686],[-3.57149,43.15314],[-3.60222,43.14991],[-3.61112,43.16979],[-3.64884,43.18128],[-3.70335,43.11655],[-3.75072,43.10178],[-3.75568,43.08532],[-3.78894,43.07841],[-3.80887,43.08693],[-3.82192,43.08086],[-3.84562,43.08467],[-3.84938,43.07733],[-3.83043,43.0641],[-3.84781,43.04138],[-3.88971,43.04194],[-3.90792,43.01637],[-3.94412,43.00605],[-3.95947,42.99273],[-3.98963,42.93137],[-3.97151,42.91197],[-3.9283,42.91498],[-3.9322,42.89988],[-3.91015,42.92367],[-3.89023,42.92553],[-3.88604,42.94905],[-3.86575,42.95511],[-3.8382,42.94006],[-3.82859,42.92797],[-3.83221,42.91827],[-3.85074,42.91923],[-3.86726,42.89936],[-3.89003,42.90309],[-3.90648,42.9148],[-3.89159,42.88764],[-3.92301,42.8895],[-3.89613,42.88057],[-3.91349,42.86037],[-3.87885,42.85167],[-3.86716,42.85698],[-3.87271,42.8754],[-3.86239,42.89009],[-3.83545,42.87906],[-3.82401,42.86892],[-3.83244,42.85246],[-3.81517,42.83621],[-3.82087,42.79992],[-3.86203,42.78675],[-3.8931,42.80482],[-3.90832,42.78673],[-3.90961,42.76867],[-3.92924,42.77477],[-3.94745,42.76779],[-3.94524,42.7622],[-3.96435,42.75889],[-3.97754,42.75837],[-3.98932,42.77127],[-4.00175,42.76364],[-4.08422,42.76408],[-4.10821,42.73417],[-4.12264,42.73646],[-4.1246,42.75236],[-4.14479,42.75243],[-4.18404,42.73647],[-4.21722,42.70498],[-4.24757,42.69867],[-4.25569,42.68841],[-4.26629,42.69457],[-4.26534,42.70559],[-4.27915,42.70027],[-4.29182,42.69119],[-4.28804,42.67861],[-4.27468,42.67337]]],[[[-4.24998,42.72684],[-4.24371,42.73627],[-4.25928,42.73918],[-4.2618,42.73077],[-4.24998,42.72684]]]]}},{"type":"Feature","properties":{"code":"670902"},"geometry":{"type":"MultiPolygon","coordinates":[[[[-3.78749,42.87929],[-3.77285,42.8531],[-3.72539,42.82624],[-3.72921,42.84074],[-3.70961,42.85699],[-3.71477,42.87173],[-3.70521,42.87808],[-3.67331,42.87905],[-3.65216,42.86714],[-3.64242,42.87675],[-3.64899,42.83694],[-3.61516,42.80732],[-3.61981,42.78877],[-3.60815,42.782],[-3.56462,42.78745],[-3.54985,42.77942],[-3.49443,42.77672],[-3.47489,42.76478],[-3.52486,42.74369],[-3.51327,42.72714],[-3.52464,42.71562],[-3.50834,42.70638],[-3.51902,42.6983],[-3.56728,42.67988],[-3.59529,42.69347],[-3.6133,42.68331],[-3.61857,42.65676],[-3.60449,42.65946],[-3.59797,42.64709],[-3.63625,42.6149],[-3.61838,42.59227],[-3.57111,42.59599],[-3.56237,42.58775],[-3.56819,42.5557],[-3.53577,42.5431],[-3.52236,42.57699],[-3.5061,42.56857],[-3.47549,42.56858],[-3.46554,42.54849],[-3.44861,42.54557],[-3.41909,42.56775],[-3.40607,42.56633],[-3.39644,42.57393],[-3.39314,42.56516],[-3.37706,42.57548],[-3.36733,42.56929],[-3.3439,42.58101],[-3.33461,42.57129],[-3.34704,42.55254],[-3.39113,42.52546],[-3.40675,42.53434],[-3.41645,42.52039],[-3.40562,42.51801],[-3.41174,42.50573],[-3.41922,42.51078],[-3.44094,42.50237],[-3.42679,42.47327],[-3.43041,42.45724],[-3.40034,42.4557],[-3.40281,42.44421],[-3.38522,42.45033],[-3.3711,42.44065],[-3.37391,42.43425],[-3.35077,42.43728],[-3.3408,42.42593],[-3.34517,42.40288],[-3.33029,42.39648],[-3.31801,42.41898],[-3.28254,42.42676],[-3.29107,42.38365],[-3.28353,42.37874],[-3.261,42.38245],[-3.27045,42.36221],[-3.25709,42.34769],[-3.24001,42.35042],[-3.23775,42.36581],[-3.21636,42.37997],[-3.1958,42.37609],[-3.19924,42.38121],[-3.17523,42.38891],[-3.15346,42.37016],[-3.14299,42.37241],[-3.13998,42.33774],[-3.11758,42.33908],[-3.10795,42.35218],[-3.0624,42.35639],[-3.08351,42.38569],[-3.10309,42.38571],[-3.09443,42.40548],[-3.10004,42.41708],[-3.08905,42.42267],[-3.07687,42.41605],[-3.07738,42.39171],[-3.06311,42.37364],[-3.05184,42.37372],[-3.06199,42.42521],[-3.0447,42.44545],[-3.0629,42.47125],[-3.08911,42.47818],[-3.09339,42.48837],[-3.07799,42.49939],[-3.07059,42.5284],[-3.08799,42.53857],[-3.10615,42.52907],[-3.13296,42.54235],[-3.10244,42.5534],[-3.08105,42.57431],[-3.08489,42.5825],[-3.05852,42.58948],[-3.06915,42.62171],[-3.0851,42.62801],[-3.08285,42.64098],[-3.03948,42.64034],[-3.01671,42.63247],[-3.00345,42.64455],[-2.97927,42.63551],[-2.96909,42.64139],[-2.94515,42.63961],[-2.91471,42.61981],[-2.89333,42.62796],[-2.8927,42.62162],[-2.88084,42.62102],[-2.85679,42.63849],[-2.89442,42.65493],[-2.9012,42.69389],[-2.92902,42.69995],[-2.92928,42.70851],[-2.97933,42.70411],[-2.98807,42.71956],[-3.00822,42.7254],[-3.00454,42.73274],[-3.01501,42.73417],[-3.01565,42.74137],[-3.03946,42.73878],[-3.04726,42.76505],[-3.06289,42.76037],[-3.07954,42.76754],[-3.08313,42.75738],[-3.09934,42.76745],[-3.14661,42.75698],[-3.12195,42.78961],[-3.15792,42.80487],[-3.13961,42.83655],[-3.11184,42.86135],[-3.10388,42.88045],[-3.11363,42.88953],[-3.12439,42.8916],[-3.13741,42.87157],[-3.16154,42.85702],[-3.18938,42.86974],[-3.22087,42.83892],[-3.20422,42.82768],[-3.22453,42.8304],[-3.2813,42.8758],[-3.27593,42.90186],[-3.24724,42.91243],[-3.23425,42.94414],[-3.22342,42.94997],[-3.14342,42.93496],[-3.14953,42.91947],[-3.12522,42.90434],[-3.10336,42.91044],[-3.08821,42.89928],[-3.0176,42.90879],[-3.00402,42.92701],[-2.98017,42.93908],[-2.99478,42.95315],[-3.01833,42.9553],[-3.03931,42.96971],[-3.03565,42.98251],[-3.05895,43.00379],[-3.14348,43.00712],[-3.17649,43.02226],[-3.16894,43.02935],[-3.14099,43.02902],[-3.139,43.06743],[-3.15688,43.07429],[-3.13263,43.09751],[-3.14018,43.11092],[-3.15075,43.10439],[-3.18048,43.12115],[-3.16017,43.14346],[-3.16054,43.15454],[-3.14005,43.16181],[-3.14699,43.17428],[-3.16743,43.17859],[-3.18564,43.16949],[-3.20654,43.17968],[-3.22278,43.17041],[-3.25211,43.19885],[-3.2768,43.1947],[-3.30799,43.17278],[-3.34066,43.16712],[-3.34932,43.15463],[-3.40902,43.13481],[-3.50712,43.13686],[-3.52451,43.10469],[-3.50562,43.07072],[-3.51826,43.06422],[-3.51777,43.05422],[-3.54982,43.0461],[-3.53931,43.03926],[-3.54473,43.02533],[-3.53591,43.00903],[-3.56985,43.00761],[-3.57179,42.99758],[-3.58406,42.99375],[-3.62924,42.9989],[-3.6593,42.9496],[-3.71528,42.92813],[-3.72643,42.90646],[-3.73765,42.90952],[-3.74702,42.89645],[-3.75889,42.90992],[-3.77089,42.89898],[-3.78015,42.90903],[-3.79414,42.9067],[-3.80364,42.91478],[-3.80321,42.90453],[-3.77861,42.89092],[-3.78749,42.87929]],[[-3.13704,42.43401],[-3.11838,42.43148],[-3.1157,42.41254],[-3.12537,42.40081],[-3.1114,42.38534],[-3.14092,42.37599],[-3.15312,42.40195],[-3.14078,42.41677],[-3.15376,42.4261],[-3.13704,42.43401]],[[-3.27549,42.44197],[-3.27549,42.44197],[-3.27549,42.44197],[-3.27549,42.44197],[-3.27549,42.44197],[-3.27549,42.44197],[-3.27549,42.44197],[-3.27549,42.44197],[-3.27549,42.44197],[-3.27549,42.44197],[-3.27549,42.44197],[-3.27549,42.44197],[-3.27549,42.44197],[-3.27549,42.44197],[-3.27549,42.44197],[-3.27549,42.44197],[-3.25554,42.44555],[-3.25393,42.44312],[-3.25924,42.44356],[-3.27556,42.43781],[-3.27549,42.44197]]],[[[-2.94391,42.60418],[-2.9383,42.59475],[-2.92133,42.60112],[-2.9332,42.61437],[-2.94391,42.60418]]],[[[-2.98392,42.61451],[-2.99322,42.61578],[-2.99807,42.60124],[-2.98392,42.61451]]]]}},{"type":"Feature","properties":{"code":"670903"},"geometry":{"type":"Polygon","coordinates":[[[-2.85197,42.7589],[-2.8523,42.74772],[-2.86717,42.7402],[-2.84544,42.73105],[-2.8503,42.72539],[-2.82769,42.7193],[-2.824,42.70922],[-2.78321,42.69923],[-2.7666,42.6663],[-2.71671,42.66231],[-2.69791,42.67513],[-2.6651,42.66648],[-2.65716,42.67268],[-2.63356,42.64808],[-2.55064,42.64955],[-2.54578,42.63767],[-2.51611,42.64662],[-2.52073,42.68432],[-2.53811,42.68687],[-2.54709,42.66909],[-2.57647,42.6685],[-2.59284,42.69033],[-2.60769,42.69625],[-2.59902,42.71555],[-2.58869,42.71105],[-2.57134,42.72546],[-2.55701,42.76302],[-2.58896,42.75081],[-2.60105,42.77092],[-2.64241,42.765],[-2.73026,42.7948],[-2.80905,42.79181],[-2.82552,42.78473],[-2.83418,42.79655],[-2.85197,42.7589]]]}},{"type":"Feature","properties":{"code":"670904"},"geometry":{"type":"Polygon","coordinates":[[[-4.32904,42.41528],[-4.3296,42.39125],[-4.32024,42.3802],[-4.2746,42.39223],[-4.27138,42.38602],[-4.27891,42.36323],[-4.26347,42.35282],[-4.26887,42.34283],[-4.25553,42.32484],[-4.26354,42.31877],[-4.26054,42.30999],[-4.25054,42.31031],[-4.24276,42.25971],[-4.22727,42.24984],[-4.23605,42.23607],[-4.22559,42.22987],[-4.23009,42.20876],[-4.21394,42.2072],[-4.1873,42.17669],[-4.19014,42.16333],[-4.20476,42.1543],[-4.20408,42.13492],[-4.18556,42.12673],[-4.14305,42.12977],[-4.14075,42.11994],[-4.12019,42.12864],[-4.10244,42.11],[-4.05487,42.10122],[-4.07615,42.08299],[-4.1017,42.08736],[-4.10277,42.06194],[-4.07856,42.0371],[-4.06235,42.04396],[-4.04655,42.03936],[-4.03792,42.05366],[-3.99499,42.04528],[-3.98078,42.05159],[-3.96975,42.03353],[-3.99345,42.00572],[-4.01345,41.9989],[-4.03165,41.9544],[-3.98937,41.96007],[-3.9549,41.98134],[-3.90888,41.99728],[-3.89015,41.99696],[-3.89107,41.95788],[-3.93528,41.95731],[-3.95086,41.93563],[-3.98001,41.93102],[-3.97937,41.90094],[-4.03389,41.87412],[-4.06144,41.87744],[-4.08749,41.87097],[-4.07799,41.84877],[-4.08874,41.83119],[-4.03667,41.79018],[-4.05445,41.74101],[-4.06776,41.74149],[-4.07503,41.72641],[-4.05161,41.71989],[-4.0247,41.69271],[-4.03395,41.62095],[-4.02738,41.61473],[-4.0046,41.61969],[-4.0074,41.61036],[-3.99153,41.60898],[-3.97934,41.5837],[-3.9625,41.58641],[-3.95172,41.57376],[-3.89271,41.55212],[-3.88446,41.53263],[-3.86662,41.5328],[-3.82256,41.48146],[-3.78632,41.48619],[-3.7969,41.49225],[-3.80247,41.5249],[-3.76487,41.53825],[-3.76843,41.46048],[-3.74282,41.46139],[-3.73817,41.45111],[-3.72778,41.45795],[-3.73109,41.47022],[-3.7224,41.47953],[-3.72699,41.51796],[-3.69023,41.53486],[-3.67041,41.56076],[-3.61553,41.57748],[-3.60749,41.56645],[-3.59941,41.5708],[-3.57132,41.56572],[-3.56521,41.58028],[-3.54026,41.57793],[-3.53483,41.5868],[-3.54913,41.59691],[-3.52784,41.61296],[-3.5087,41.59752],[-3.47405,41.59728],[-3.45785,41.58996],[-3.43405,41.62237],[-3.43393,41.63971],[-3.42845,41.64661],[-3.41776,41.64444],[-3.41334,41.66517],[-3.39209,41.69095],[-3.35709,41.69376],[-3.35308,41.73759],[-3.32159,41.74126],[-3.30592,41.76048],[-3.28576,41.76046],[-3.27415,41.769],[-3.28456,41.78858],[-3.27408,41.79465],[-3.27703,41.81518],[-3.2854,41.80568],[-3.27983,41.82323],[-3.28743,41.82889],[-3.27773,41.86824],[-3.28826,41.87673],[-3.31383,41.88532],[-3.3348,41.85725],[-3.34608,41.85668],[-3.35558,41.86526],[-3.32945,41.89124],[-3.36042,41.90648],[-3.38816,41.91197],[-3.42228,41.9],[-3.43897,41.90553],[-3.43353,41.91766],[-3.46521,41.91644],[-3.4891,41.9249],[-3.48243,41.93114],[-3.49606,41.93345],[-3.49034,41.94736],[-3.51847,41.9428],[-3.51959,41.93096],[-3.53582,41.94085],[-3.5665,41.92873],[-3.56548,41.94193],[-3.58829,41.94405],[-3.58765,41.96799],[-3.53302,41.97725],[-3.53081,41.96298],[-3.50029,41.96212],[-3.49548,41.98286],[-3.47848,41.98602],[-3.49313,41.98509],[-3.49005,41.99523],[-3.46523,42.00906],[-3.47954,42.03434],[-3.49691,42.03928],[-3.48815,42.0498],[-3.48943,42.07199],[-3.49973,42.07864],[-3.4965,42.09369],[-3.51622,42.10213],[-3.49922,42.12022],[-3.5224,42.12633],[-3.55075,42.12682],[-3.56116,42.12001],[-3.5766,42.12496],[-3.58455,42.11268],[-3.61413,42.10981],[-3.62081,42.12119],[-3.60606,42.13005],[-3.62467,42.15354],[-3.61337,42.15768],[-3.59114,42.14292],[-3.62634,42.1731],[-3.57544,42.17387],[-3.57533,42.15189],[-3.54408,42.13468],[-3.52032,42.13978],[-3.53309,42.16158],[-3.51408,42.1845],[-3.48955,42.19622],[-3.49745,42.201],[-3.48636,42.20351],[-3.49064,42.2295],[-3.40079,42.2145],[-3.35615,42.21695],[-3.35833,42.23013],[-3.33801,42.24748],[-3.3825,42.24172],[-3.41042,42.24594],[-3.4323,42.25462],[-3.44409,42.27836],[-3.46877,42.26355],[-3.5064,42.25303],[-3.51345,42.25699],[-3.50792,42.28182],[-3.4742,42.28333],[-3.46563,42.29134],[-3.44771,42.28094],[-3.44425,42.28516],[-3.44761,42.2979],[-3.5047,42.32037],[-3.49569,42.33659],[-3.50628,42.35142],[-3.48974,42.36347],[-3.48851,42.37983],[-3.47547,42.38514],[-3.48847,42.40398],[-3.45098,42.42355],[-3.41842,42.3791],[-3.38986,42.36095],[-3.38194,42.37095],[-3.39026,42.37453],[-3.39239,42.39303],[-3.40417,42.39114],[-3.40821,42.42178],[-3.38689,42.434],[-3.38522,42.45033],[-3.40281,42.44421],[-3.40034,42.4557],[-3.43041,42.45724],[-3.42679,42.47327],[-3.44094,42.50237],[-3.41922,42.51078],[-3.41174,42.50573],[-3.40562,42.51801],[-3.41645,42.52039],[-3.40675,42.53434],[-3.39113,42.52546],[-3.34704,42.55254],[-3.33461,42.57129],[-3.3439,42.58101],[-3.36733,42.56929],[-3.38538,42.5737],[-3.39314,42.56516],[-3.39644,42.57393],[-3.45608,42.54554],[-3.47549,42.56858],[-3.5061,42.56857],[-3.52236,42.57699],[-3.53577,42.5431],[-3.56036,42.55054],[-3.56819,42.5557],[-3.56237,42.58775],[-3.57111,42.59599],[-3.61838,42.59227],[-3.63625,42.6149],[-3.59797,42.64709],[-3.60449,42.65946],[-3.61857,42.65676],[-3.61312,42.68077],[-3.63178,42.68045],[-3.64975,42.66203],[-3.68887,42.65136],[-3.71086,42.66977],[-3.7417,42.6548],[-3.73764,42.59248],[-3.75379,42.55181],[-3.78454,42.56693],[-3.79585,42.58382],[-3.83469,42.58121],[-3.84706,42.59468],[-3.89952,42.60992],[-3.89378,42.61795],[-3.90644,42.62746],[-4.00007,42.63437],[-4.00925,42.62018],[-4.03946,42.60983],[-4.06707,42.62718],[-4.0627,42.61483],[-4.07985,42.62114],[-4.08248,42.63471],[-4.09674,42.61414],[-4.1202,42.62216],[-4.12086,42.64259],[-4.11167,42.64824],[-4.13362,42.64743],[-4.14315,42.66223],[-4.20038,42.66598],[-4.21338,42.652],[-4.24829,42.67198],[-4.27468,42.67337],[-4.27584,42.64356],[-4.26252,42.61825],[-4.29311,42.60323],[-4.28408,42.58228],[-4.26946,42.58169],[-4.30399,42.57111],[-4.29629,42.56068],[-4.30165,42.55526],[-4.27634,42.54499],[-4.2708,42.52028],[-4.28485,42.51228],[-4.2613,42.51214],[-4.24569,42.49502],[-4.24351,42.47241],[-4.25304,42.46822],[-4.24125,42.45654],[-4.30568,42.45366],[-4.31574,42.45923],[-4.33399,42.43092],[-4.32904,42.41528]],[[-4.03061,42.07895],[-4.0321,42.10728],[-4.02304,42.08386],[-4.03061,42.07895]],[[-4.0608,42.13189],[-4.08214,42.14158],[-4.1014,42.13755],[-4.11051,42.15889],[-4.09289,42.15803],[-4.07496,42.16817],[-4.0643,42.16381],[-4.07315,42.15643],[-4.0608,42.13189]]]}},{"type":"Feature","properties":{"code":"670905"},"geometry":{"type":"MultiPolygon","coordinates":[[[[-3.62467,42.15354],[-3.60606,42.13005],[-3.62081,42.12119],[-3.61413,42.10981],[-3.58455,42.11268],[-3.5766,42.12496],[-3.56116,42.12001],[-3.55075,42.12682],[-3.5224,42.12633],[-3.49922,42.12022],[-3.51622,42.10213],[-3.4965,42.09369],[-3.49973,42.07864],[-3.48943,42.07199],[-3.48815,42.0498],[-3.49691,42.03928],[-3.47954,42.03434],[-3.46523,42.00906],[-3.49005,41.99523],[-3.49313,41.98509],[-3.47848,41.98602],[-3.49548,41.98286],[-3.50029,41.96212],[-3.53081,41.96298],[-3.53302,41.97725],[-3.58765,41.96799],[-3.58829,41.94405],[-3.56548,41.94193],[-3.5717,41.92921],[-3.53582,41.94085],[-3.51959,41.93096],[-3.51847,41.9428],[-3.49034,41.94736],[-3.49606,41.93345],[-3.48243,41.93114],[-3.4891,41.9249],[-3.46521,41.91644],[-3.43353,41.91766],[-3.43897,41.90553],[-3.42228,41.9],[-3.38816,41.91197],[-3.36042,41.90648],[-3.32945,41.89124],[-3.35558,41.86526],[-3.34608,41.85668],[-3.3348,41.85725],[-3.31383,41.88532],[-3.28826,41.87673],[-3.28245,41.88413],[-3.27344,41.88246],[-3.26819,41.86961],[-3.24204,41.86432],[-3.2455,41.85665],[-3.23308,41.84097],[-3.19319,41.82925],[-3.19691,41.81754],[-3.18728,41.80199],[-3.17005,41.79334],[-3.1349,41.81227],[-3.09586,41.86171],[-3.09586,41.88138],[-3.0905,41.87622],[-3.06231,41.88369],[-3.05733,41.89164],[-3.01546,41.88723],[-3.00677,41.92254],[-2.99718,41.93292],[-2.96949,41.92959],[-2.95877,41.95044],[-2.9645,41.96635],[-2.94922,41.99421],[-2.93087,42.01829],[-2.91232,42.02316],[-2.92987,42.08708],[-3.03307,42.08627],[-3.05765,42.12728],[-3.08527,42.13623],[-3.09527,42.16976],[-3.11159,42.17631],[-3.12809,42.19976],[-3.10471,42.21207],[-3.10118,42.23254],[-3.08728,42.24603],[-3.09641,42.2634],[-3.08832,42.27335],[-3.10529,42.31218],[-3.09456,42.32721],[-3.10823,42.3465],[-3.11758,42.33908],[-3.13998,42.33774],[-3.14299,42.37241],[-3.15346,42.37016],[-3.17523,42.38891],[-3.19924,42.38121],[-3.1958,42.37609],[-3.21636,42.37997],[-3.23775,42.36581],[-3.24001,42.35042],[-3.25709,42.34769],[-3.27045,42.36221],[-3.261,42.38245],[-3.28353,42.37874],[-3.29107,42.38365],[-3.28254,42.42676],[-3.31801,42.41898],[-3.33029,42.39648],[-3.34517,42.40288],[-3.34426,42.43262],[-3.37391,42.43425],[-3.3711,42.44065],[-3.38448,42.44745],[-3.38689,42.434],[-3.40821,42.42178],[-3.40417,42.39114],[-3.39239,42.39303],[-3.39026,42.37453],[-3.38194,42.37095],[-3.38986,42.36095],[-3.42294,42.38301],[-3.42987,42.40363],[-3.4411,42.40262],[-3.45098,42.42355],[-3.48847,42.40398],[-3.47547,42.38514],[-3.48851,42.37983],[-3.48974,42.36347],[-3.50628,42.35142],[-3.49569,42.33659],[-3.5047,42.32037],[-3.44761,42.2979],[-3.44425,42.28516],[-3.44771,42.28094],[-3.46563,42.29134],[-3.4742,42.28333],[-3.50792,42.28182],[-3.51345,42.25699],[-3.5064,42.25303],[-3.46877,42.26355],[-3.44409,42.27836],[-3.4323,42.25462],[-3.41042,42.24594],[-3.3825,42.24172],[-3.33801,42.24748],[-3.35833,42.23013],[-3.35615,42.21695],[-3.40079,42.2145],[-3.49064,42.2295],[-3.48636,42.20351],[-3.49745,42.201],[-3.48955,42.19622],[-3.51408,42.1845],[-3.53309,42.16158],[-3.52032,42.13978],[-3.54408,42.13468],[-3.56692,42.14306],[-3.57544,42.17387],[-3.62634,42.1731],[-3.59114,42.14292],[-3.61337,42.15768],[-3.62467,42.15354]]],[[[-3.13704,42.43401],[-3.15376,42.4261],[-3.14078,42.41677],[-3.15312,42.40195],[-3.14092,42.37599],[-3.1114,42.38534],[-3.12537,42.40081],[-3.1157,42.41254],[-3.11838,42.43148],[-3.13704,42.43401]]],[[[-3.27549,42.44197],[-3.27556,42.43781],[-3.25924,42.44356],[-3.25393,42.44312],[-3.25554,42.44555],[-3.27549,42.44197]]]]}},{"type":"Feature","properties":{"code":"672401"},"geometry":{"type":"Polygon","coordinates":[[[-6.83988,42.83267],[-6.83127,42.84453],[-6.81509,42.8454],[-6.79652,42.83551],[-6.78386,42.81191],[-6.74115,42.80076],[-6.74419,42.77363],[-6.72875,42.7758],[-6.68773,42.76117],[-6.6844,42.78034],[-6.66413,42.79105],[-6.64549,42.78085],[-6.64997,42.81515],[-6.61992,42.83122],[-6.59545,42.80874],[-6.59775,42.79969],[-6.5729,42.79459],[-6.57516,42.78603],[-6.55545,42.7821],[-6.55737,42.76886],[-6.54225,42.76968],[-6.53393,42.75914],[-6.53074,42.76829],[-6.54279,42.76804],[-6.53763,42.77316],[-6.52253,42.76898],[-6.52301,42.75604],[-6.43459,42.7752],[-6.38378,42.75951],[-6.36262,42.74393],[-6.36498,42.7309],[-6.34702,42.72322],[-6.33497,42.6897],[-6.34236,42.67235],[-6.31846,42.6775],[-6.29163,42.70914],[-6.26623,42.69959],[-6.27758,42.64819],[-6.29413,42.62345],[-6.32318,42.60599],[-6.33886,42.60397],[-6.37028,42.62454],[-6.39504,42.60957],[-6.38264,42.58698],[-6.39869,42.55161],[-6.38352,42.54796],[-6.39194,42.53755],[-6.36741,42.51234],[-6.41326,42.54845],[-6.4568,42.55373],[-6.46814,42.56317],[-6.52422,42.5615],[-6.53605,42.56751],[-6.5499,42.55275],[-6.54202,42.53698],[-6.51649,42.5299],[-6.44609,42.48286],[-6.41455,42.47854],[-6.40573,42.47039],[-6.42567,42.43869],[-6.4388,42.44163],[-6.49092,42.42609],[-6.48589,42.41184],[-6.46681,42.40493],[-6.47484,42.388],[-6.49527,42.38655],[-6.52016,42.40311],[-6.55408,42.40339],[-6.60089,42.44111],[-6.60504,42.43545],[-6.61403,42.44577],[-6.63825,42.45208],[-6.66059,42.44876],[-6.66609,42.45842],[-6.68815,42.4604],[-6.72248,42.43194],[-6.71996,42.41305],[-6.77271,42.37916],[-6.76509,42.36538],[-6.73251,42.35944],[-6.73905,42.32903],[-6.73285,42.31902],[-6.76555,42.25779],[-6.78287,42.25395],[-6.75765,42.239],[-6.74155,42.24051],[-6.73185,42.22436],[-6.70235,42.20971],[-6.63721,42.21763],[-6.61183,42.20355],[-6.5862,42.20832],[-6.52456,42.20369],[-6.50462,42.19434],[-6.50686,42.18468],[-6.47681,42.18256],[-6.45843,42.19748],[-6.44078,42.19387],[-6.42646,42.20228],[-6.40841,42.19602],[-6.34028,42.20542],[-6.32803,42.2002],[-6.28639,42.21307],[-6.29732,42.24619],[-6.27849,42.27734],[-6.25442,42.27045],[-6.2463,42.28057],[-6.18991,42.26544],[-6.17677,42.28569],[-6.16306,42.28884],[-6.15784,42.31723],[-6.17162,42.31779],[-6.15754,42.34724],[-6.20024,42.36329],[-6.21346,42.37896],[-6.20756,42.39828],[-6.19346,42.39854],[-6.15786,42.44831],[-6.18911,42.45943],[-6.20489,42.48081],[-6.18665,42.48052],[-6.17904,42.4899],[-6.09455,42.47483],[-6.08456,42.49074],[-6.10008,42.50983],[-6.09948,42.5263],[-6.15473,42.54376],[-6.16971,42.55963],[-6.15469,42.60232],[-6.13488,42.61646],[-6.11324,42.61568],[-6.07632,42.60003],[-6.05201,42.62965],[-5.99239,42.6231],[-5.98622,42.63378],[-5.96459,42.60297],[-5.97669,42.58861],[-5.96065,42.58033],[-5.93756,42.59324],[-5.90856,42.59774],[-5.90866,42.62551],[-5.91665,42.63707],[-5.92412,42.63263],[-5.94486,42.6746],[-5.911,42.67982],[-5.91409,42.66873],[-5.89677,42.67551],[-5.86043,42.67277],[-5.82741,42.65582],[-5.81938,42.65928],[-5.8188,42.68224],[-5.79252,42.67819],[-5.77471,42.66589],[-5.75726,42.63581],[-5.73963,42.63097],[-5.74722,42.65139],[-5.7352,42.67707],[-5.68554,42.6637],[-5.63716,42.66736],[-5.61449,42.66026],[-5.61352,42.70072],[-5.59147,42.70096],[-5.58646,42.69138],[-5.55914,42.69171],[-5.51784,42.66752],[-5.4853,42.69676],[-5.48077,42.72066],[-5.47007,42.72498],[-5.41716,42.70973],[-5.41052,42.69778],[-5.38689,42.7017],[-5.37514,42.68702],[-5.36057,42.70323],[-5.35657,42.73114],[-5.29434,42.74015],[-5.29092,42.72821],[-5.30734,42.69269],[-5.32449,42.66956],[-5.33502,42.67208],[-5.33242,42.65328],[-5.36572,42.62488],[-5.35625,42.61302],[-5.38524,42.5926],[-5.38516,42.5718],[-5.36596,42.55525],[-5.3393,42.56756],[-5.33069,42.55335],[-5.30453,42.55211],[-5.29126,42.56192],[-5.28617,42.58014],[-5.22178,42.61626],[-5.18034,42.6146],[-5.19381,42.6055],[-5.18115,42.60045],[-5.16379,42.60412],[-5.15913,42.61311],[-5.15117,42.6021],[-5.14417,42.60807],[-5.15057,42.61818],[-5.1391,42.6123],[-5.10992,42.6236],[-5.08737,42.60496],[-5.06513,42.5978],[-5.04679,42.60131],[-5.02272,42.5914],[-5.00416,42.60227],[-5.0053,42.61751],[-4.96343,42.65386],[-4.90966,42.71908],[-4.91709,42.73453],[-4.93498,42.74476],[-4.93418,42.75675],[-4.91924,42.75776],[-4.90771,42.77972],[-4.89483,42.7847],[-4.90148,42.81026],[-4.88718,42.84142],[-4.89943,42.85188],[-4.89699,42.86342],[-4.86421,42.86084],[-4.85412,42.89199],[-4.83701,42.8956],[-4.83648,42.90702],[-4.80786,42.93062],[-4.80588,42.96799],[-4.7943,42.97415],[-4.79344,42.98693],[-4.75562,43.01578],[-4.73746,43.01873],[-4.73285,43.04735],[-4.74261,43.05673],[-4.76474,43.05591],[-4.76513,43.07482],[-4.83143,43.10294],[-4.83443,43.11657],[-4.85005,43.12622],[-4.83319,43.15774],[-4.85036,43.17315],[-4.83782,43.19003],[-4.86031,43.20589],[-4.85878,43.21868],[-4.86986,43.2284],[-4.90608,43.23822],[-4.96253,43.21271],[-4.99507,43.18606],[-4.99547,43.17337],[-5.01953,43.18538],[-5.0749,43.18119],[-5.07706,43.16074],[-5.09343,43.14365],[-5.10034,43.10212],[-5.13929,43.10319],[-5.14641,43.1154],[-5.2188,43.08393],[-5.26711,43.08784],[-5.28072,43.07771],[-5.3353,43.08223],[-5.34342,43.09447],[-5.36773,43.09486],[-5.3817,43.08752],[-5.38905,43.04962],[-5.47712,43.05519],[-5.49235,43.02164],[-5.5046,43.02892],[-5.539,43.01864],[-5.56874,43.02302],[-5.57319,43.03251],[-5.63496,43.0355],[-5.69194,43.05677],[-5.72696,43.0428],[-5.7651,42.98637],[-5.76245,42.97042],[-5.80259,42.96291],[-5.82293,42.96847],[-5.84171,42.96457],[-5.86249,42.98167],[-5.88773,42.97932],[-5.88579,42.99438],[-5.9132,42.99299],[-5.91824,43.00308],[-5.95532,43.01888],[-5.96882,43.04158],[-5.9657,43.05865],[-5.98779,43.06811],[-6.01879,43.05517],[-6.05081,43.0683],[-6.06585,43.06601],[-6.08045,43.07601],[-6.09042,43.06721],[-6.09547,43.03093],[-6.13524,43.02129],[-6.18466,43.04984],[-6.19363,43.043],[-6.21246,43.04695],[-6.22537,43.00921],[-6.26325,43.01709],[-6.28375,43.03666],[-6.29373,43.0272],[-6.32505,43.03163],[-6.33172,43.04678],[-6.35765,43.05987],[-6.3721,43.0414],[-6.3956,43.03862],[-6.39291,43.01691],[-6.40966,43.01723],[-6.40613,42.99979],[-6.42264,42.98817],[-6.43566,42.99333],[-6.445,42.98247],[-6.47587,42.9922],[-6.47157,42.96805],[-6.4322,42.96446],[-6.44017,42.94761],[-6.43166,42.94006],[-6.47714,42.93387],[-6.48833,42.92055],[-6.50913,42.92904],[-6.5355,42.92117],[-6.53979,42.91281],[-6.60505,42.91641],[-6.61148,42.92486],[-6.62713,42.9198],[-6.63733,42.92577],[-6.68845,42.92277],[-6.72174,42.91769],[-6.75521,42.88337],[-6.77006,42.88286],[-6.76921,42.89893],[-6.82273,42.91537],[-6.84653,42.91463],[-6.81343,42.87113],[-6.83395,42.87394],[-6.83228,42.88237],[-6.86982,42.87415],[-6.85167,42.83904],[-6.83988,42.83267]]]}},{"type":"Feature","properties":{"code":"672402"},"geometry":{"type":"Polygon","coordinates":[[[-7.03334,42.58769],[-7.05327,42.57196],[-7.06133,42.55305],[-7.06745,42.55479],[-7.06949,42.53826],[-7.05985,42.5375],[-7.05839,42.52965],[-7.07559,42.50852],[-7.04429,42.50811],[-7.02723,42.4982],[-6.9995,42.50603],[-6.9721,42.49434],[-6.95905,42.51783],[-6.93074,42.52087],[-6.85861,42.48909],[-6.83894,42.48969],[-6.83594,42.49591],[-6.82133,42.49118],[-6.80694,42.46939],[-6.82132,42.45324],[-6.81282,42.42768],[-6.82336,42.42622],[-6.82983,42.40868],[-6.84206,42.40618],[-6.81935,42.38598],[-6.77271,42.37916],[-6.75821,42.38685],[-6.71996,42.41305],[-6.72248,42.43194],[-6.68815,42.4604],[-6.66609,42.45842],[-6.66059,42.44876],[-6.63825,42.45208],[-6.61403,42.44577],[-6.60504,42.43545],[-6.60089,42.44111],[-6.55408,42.40339],[-6.52016,42.40311],[-6.49527,42.38655],[-6.47484,42.388],[-6.46681,42.40493],[-6.48589,42.41184],[-6.49092,42.42609],[-6.4388,42.44163],[-6.42567,42.43869],[-6.40573,42.47039],[-6.41455,42.47854],[-6.44609,42.48286],[-6.51649,42.5299],[-6.54202,42.53698],[-6.5499,42.55275],[-6.53605,42.56751],[-6.52422,42.5615],[-6.46814,42.56317],[-6.4568,42.55373],[-6.41326,42.54845],[-6.36741,42.51234],[-6.39194,42.53755],[-6.38352,42.54796],[-6.39869,42.55161],[-6.38264,42.58698],[-6.39504,42.60957],[-6.37028,42.62454],[-6.33886,42.60397],[-6.32318,42.60599],[-6.29413,42.62345],[-6.27758,42.64819],[-6.26623,42.69959],[-6.29163,42.70914],[-6.31846,42.6775],[-6.34236,42.67235],[-6.33497,42.6897],[-6.34702,42.72322],[-6.36498,42.7309],[-6.36262,42.74393],[-6.38378,42.75951],[-6.43459,42.7752],[-6.52301,42.75604],[-6.52253,42.76898],[-6.53763,42.77316],[-6.54279,42.76804],[-6.53074,42.76829],[-6.53393,42.75914],[-6.54225,42.76968],[-6.55737,42.76886],[-6.55545,42.7821],[-6.57516,42.78603],[-6.5729,42.79459],[-6.59775,42.79969],[-6.59545,42.80874],[-6.61992,42.83122],[-6.64997,42.81515],[-6.64549,42.78085],[-6.66413,42.79105],[-6.6844,42.78034],[-6.68773,42.76117],[-6.72875,42.7758],[-6.74419,42.77363],[-6.74115,42.80076],[-6.771,42.80532],[-6.7873,42.81552],[-6.79652,42.83551],[-6.81509,42.8454],[-6.83127,42.84453],[-6.83886,42.82368],[-6.8678,42.80111],[-6.86597,42.78749],[-6.88932,42.7776],[-6.89476,42.76543],[-6.93476,42.74107],[-6.95802,42.75535],[-6.97142,42.72533],[-6.98228,42.71901],[-6.98873,42.72693],[-7.00943,42.72398],[-7.04373,42.69509],[-7.01405,42.66492],[-7.02002,42.65227],[-7.0029,42.6432],[-7.01636,42.64554],[-7.04554,42.63303],[-7.04871,42.59764],[-7.03334,42.58769]]]}},{"type":"Feature","properties":{"code":"672403"},"geometry":{"type":"Polygon","coordinates":[[[-6.29231,42.17837],[-6.25054,42.17339],[-6.2527,42.16738],[-6.22439,42.16229],[-6.21097,42.14841],[-6.15879,42.16611],[-6.14199,42.15916],[-6.13585,42.16505],[-6.12329,42.1592],[-6.02736,42.15793],[-5.95206,42.12402],[-5.94671,42.14225],[-5.91019,42.14092],[-5.89602,42.15643],[-5.87959,42.14565],[-5.88341,42.13878],[-5.86786,42.12251],[-5.84344,42.11105],[-5.80509,42.13089],[-5.80393,42.12492],[-5.76857,42.13628],[-5.75379,42.13696],[-5.73989,42.11369],[-5.67537,42.12067],[-5.68561,42.13859],[-5.66394,42.14148],[-5.64383,42.13249],[-5.61809,42.1053],[-5.63698,42.08541],[-5.58999,42.07899],[-5.58521,42.05124],[-5.57633,42.06578],[-5.55931,42.0563],[-5.54197,42.09971],[-5.52561,42.10463],[-5.49707,42.084],[-5.47954,42.05276],[-5.43729,42.03183],[-5.42339,42.03597],[-5.41069,42.03079],[-5.37491,42.04179],[-5.37305,42.06846],[-5.38873,42.09014],[-5.37501,42.09984],[-5.37014,42.13039],[-5.3875,42.17579],[-5.37884,42.19821],[-5.38671,42.22177],[-5.35984,42.22547],[-5.30607,42.19959],[-5.30049,42.22247],[-5.28554,42.23025],[-5.26426,42.21122],[-5.2401,42.21484],[-5.22638,42.23021],[-5.25261,42.24009],[-5.23511,42.27367],[-5.22891,42.27597],[-5.22707,42.26278],[-5.21893,42.27824],[-5.19652,42.26086],[-5.18134,42.26453],[-5.14293,42.28186],[-5.11062,42.31215],[-5.09237,42.30961],[-5.07377,42.2792],[-5.06081,42.2782],[-5.06681,42.26151],[-5.05343,42.25784],[-5.04022,42.26787],[-5.03697,42.29744],[-4.97212,42.289],[-4.95207,42.29747],[-4.94112,42.34686],[-4.98073,42.33799],[-4.98211,42.34276],[-4.96312,42.38005],[-4.94345,42.37678],[-4.93192,42.38511],[-4.90186,42.38683],[-4.91294,42.4015],[-4.90361,42.42486],[-4.90855,42.43422],[-4.92261,42.43645],[-4.89862,42.45099],[-4.88661,42.53733],[-4.91314,42.54502],[-4.91386,42.56054],[-4.90084,42.57929],[-4.90343,42.60344],[-4.89328,42.62416],[-4.89904,42.66954],[-4.8892,42.69313],[-4.87029,42.70829],[-4.88991,42.7237],[-4.90966,42.71908],[-4.96343,42.65386],[-5.0053,42.61751],[-5.00416,42.60227],[-5.02272,42.5914],[-5.04679,42.60131],[-5.06513,42.5978],[-5.08737,42.60496],[-5.10992,42.6236],[-5.1391,42.6123],[-5.15057,42.61818],[-5.14417,42.60807],[-5.15117,42.6021],[-5.15913,42.61311],[-5.16379,42.60412],[-5.18115,42.60045],[-5.19381,42.6055],[-5.18034,42.6146],[-5.22178,42.61626],[-5.28617,42.58014],[-5.29126,42.56192],[-5.30453,42.55211],[-5.33069,42.55335],[-5.3393,42.56756],[-5.36596,42.55525],[-5.38923,42.5818],[-5.35625,42.61302],[-5.36572,42.62488],[-5.33242,42.65328],[-5.33502,42.67208],[-5.32449,42.66956],[-5.30734,42.69269],[-5.29092,42.72821],[-5.29434,42.74015],[-5.35657,42.73114],[-5.36057,42.70323],[-5.37514,42.68702],[-5.38689,42.7017],[-5.41052,42.69778],[-5.41716,42.70973],[-5.47007,42.72498],[-5.48077,42.72066],[-5.4853,42.69676],[-5.51784,42.66752],[-5.55914,42.69171],[-5.58646,42.69138],[-5.59147,42.70096],[-5.61352,42.70072],[-5.61449,42.66026],[-5.63716,42.66736],[-5.68554,42.6637],[-5.7352,42.67707],[-5.74722,42.65139],[-5.73963,42.63097],[-5.75726,42.63581],[-5.77471,42.66589],[-5.79252,42.67819],[-5.8188,42.68224],[-5.81938,42.65928],[-5.82741,42.65582],[-5.86043,42.67277],[-5.89677,42.67551],[-5.91409,42.66873],[-5.911,42.67982],[-5.94486,42.6746],[-5.92412,42.63263],[-5.91665,42.63707],[-5.90866,42.62551],[-5.90676,42.60241],[-5.96065,42.58033],[-5.97669,42.58861],[-5.96459,42.60297],[-5.98622,42.63378],[-5.99239,42.6231],[-6.05201,42.62965],[-6.07632,42.60003],[-6.11324,42.61568],[-6.13488,42.61646],[-6.15469,42.60232],[-6.16971,42.55963],[-6.15473,42.54376],[-6.09379,42.52089],[-6.10008,42.50983],[-6.08585,42.49798],[-6.08709,42.48015],[-6.09455,42.47483],[-6.17904,42.4899],[-6.18665,42.48052],[-6.20489,42.48081],[-6.18911,42.45943],[-6.15786,42.44831],[-6.19346,42.39854],[-6.20756,42.39828],[-6.21346,42.37896],[-6.20024,42.36329],[-6.15754,42.34724],[-6.17162,42.31779],[-6.15784,42.31723],[-6.16306,42.28884],[-6.17677,42.28569],[-6.18991,42.26544],[-6.2463,42.28057],[-6.25442,42.27045],[-6.27849,42.27734],[-6.29732,42.24619],[-6.28639,42.21307],[-6.31116,42.20692],[-6.29231,42.17837]],[[-5.33572,42.23115],[-5.34395,42.26809],[-5.32711,42.27446],[-5.31893,42.26751],[-5.30505,42.2719],[-5.30193,42.25232],[-5.31537,42.24987],[-5.31505,42.24144],[-5.33145,42.23904],[-5.33572,42.23115]]]}},{"type":"Feature","properties":{"code":"673401"},"geometry":{"type":"Polygon","coordinates":[[[-4.93418,42.75675],[-4.93498,42.74476],[-4.91709,42.73453],[-4.91451,42.72085],[-4.88991,42.7237],[-4.87029,42.70829],[-4.8892,42.69313],[-4.89904,42.66954],[-4.8959,42.64424],[-4.86288,42.64497],[-4.80065,42.63102],[-4.7999,42.61897],[-4.81098,42.61096],[-4.80078,42.5945],[-4.78799,42.59734],[-4.76783,42.58606],[-4.76139,42.59509],[-4.77901,42.63398],[-4.76981,42.63831],[-4.74311,42.63162],[-4.73118,42.636],[-4.71913,42.61303],[-4.68638,42.63143],[-4.66529,42.61718],[-4.64418,42.61375],[-4.63773,42.62096],[-4.64397,42.63219],[-4.69386,42.67298],[-4.68904,42.68618],[-4.67888,42.69458],[-4.62735,42.66107],[-4.59242,42.66253],[-4.57017,42.68228],[-4.5569,42.67269],[-4.5545,42.65185],[-4.51178,42.66048],[-4.50598,42.68233],[-4.53784,42.70456],[-4.53974,42.7265],[-4.56669,42.72716],[-4.55666,42.7492],[-4.52662,42.76603],[-4.52971,42.7324],[-4.51551,42.72933],[-4.49053,42.70377],[-4.44378,42.70901],[-4.48455,42.73003],[-4.52358,42.76634],[-4.49921,42.79992],[-4.47567,42.81343],[-4.47656,42.80023],[-4.46106,42.78599],[-4.44465,42.78565],[-4.4274,42.77136],[-4.42373,42.75159],[-4.39227,42.7835],[-4.36668,42.79031],[-4.4242,42.82242],[-4.40696,42.82185],[-4.3949,42.83287],[-4.3797,42.82506],[-4.3675,42.83276],[-4.35654,42.82285],[-4.33394,42.82353],[-4.3311,42.83452],[-4.34534,42.83721],[-4.35101,42.8502],[-4.32455,42.85984],[-4.27573,42.84188],[-4.26158,42.86462],[-4.24471,42.87104],[-4.25351,42.90374],[-4.22926,42.89697],[-4.22121,42.91126],[-4.23535,42.91739],[-4.23714,42.95465],[-4.26087,42.96555],[-4.34597,42.97243],[-4.39676,43.03514],[-4.4597,43.06098],[-4.47435,43.03898],[-4.51957,43.04764],[-4.55709,43.01979],[-4.60472,43.03604],[-4.63677,43.01695],[-4.68899,43.02666],[-4.75562,43.01578],[-4.79344,42.98693],[-4.7943,42.97415],[-4.80588,42.96799],[-4.80786,42.93062],[-4.83648,42.90702],[-4.83701,42.8956],[-4.85412,42.89199],[-4.86421,42.86084],[-4.89699,42.86342],[-4.89943,42.85188],[-4.88718,42.84142],[-4.90148,42.81026],[-4.89483,42.7847],[-4.90771,42.77972],[-4.91924,42.75776],[-4.93418,42.75675]]]}},{"type":"Feature","properties":{"code":"673402"},"geometry":{"type":"MultiPolygon","coordinates":[[[[-5.02559,42.15423],[-5.01365,42.15711],[-4.98711,42.1447],[-4.96503,42.15608],[-4.96107,42.14992],[-4.92613,42.15053],[-4.92734,42.11863],[-4.90281,42.07871],[-4.92638,42.07382],[-4.94833,42.05134],[-4.93464,42.01824],[-4.96417,42.00738],[-4.97474,41.97394],[-4.99271,41.96289],[-5.00348,41.93827],[-4.98232,41.91035],[-4.94822,41.93415],[-4.93108,41.92698],[-4.92657,41.91536],[-4.91043,41.91599],[-4.88842,41.93311],[-4.86772,41.93205],[-4.86634,41.91793],[-4.83691,41.89886],[-4.78789,41.81835],[-4.75707,41.82611],[-4.72509,41.85484],[-4.72689,41.86915],[-4.66833,41.90083],[-4.63596,41.88843],[-4.63145,41.86349],[-4.56474,41.8129],[-4.5633,41.8187],[-4.54673,41.81931],[-4.54781,41.83134],[-4.51078,41.82363],[-4.50725,41.83264],[-4.47196,41.84335],[-4.47697,41.82891],[-4.45981,41.82069],[-4.486,41.82042],[-4.49106,41.77898],[-4.49984,41.77173],[-4.4529,41.75949],[-4.44085,41.75898],[-4.38796,41.7881],[-4.3163,41.76377],[-4.30545,41.77625],[-4.28524,41.77521],[-4.2589,41.80558],[-4.2461,41.80325],[-4.23469,41.81429],[-4.21261,41.79973],[-4.17749,41.80384],[-4.15253,41.79654],[-4.12186,41.80763],[-4.0982,41.77472],[-4.08776,41.77995],[-4.0703,41.77095],[-4.06012,41.77506],[-4.03954,41.76868],[-4.03667,41.79018],[-4.08874,41.83119],[-4.07799,41.84877],[-4.08749,41.87097],[-4.06144,41.87744],[-4.03389,41.87412],[-3.97937,41.90094],[-3.98001,41.93102],[-3.95086,41.93563],[-3.93528,41.95731],[-3.89107,41.95788],[-3.89015,41.99696],[-3.90888,41.99728],[-3.9549,41.98134],[-3.98937,41.96007],[-4.03165,41.9544],[-4.01345,41.9989],[-3.99345,42.00572],[-3.96975,42.03353],[-3.98078,42.05159],[-3.99499,42.04528],[-4.03792,42.05366],[-4.04655,42.03936],[-4.06235,42.04396],[-4.07856,42.0371],[-4.10277,42.06194],[-4.1017,42.08736],[-4.07615,42.08299],[-4.05487,42.10122],[-4.10244,42.11],[-4.12019,42.12864],[-4.14075,42.11994],[-4.14305,42.12977],[-4.18556,42.12673],[-4.20408,42.13492],[-4.20476,42.1543],[-4.19014,42.16333],[-4.1873,42.17669],[-4.21394,42.2072],[-4.23009,42.20876],[-4.22559,42.22987],[-4.23605,42.23607],[-4.22727,42.24984],[-4.24276,42.25971],[-4.25054,42.31031],[-4.26054,42.30999],[-4.26354,42.31877],[-4.25553,42.32484],[-4.26887,42.34283],[-4.26347,42.35282],[-4.27891,42.36323],[-4.27138,42.38602],[-4.2746,42.39223],[-4.32024,42.3802],[-4.3296,42.39125],[-4.33399,42.43092],[-4.31574,42.45923],[-4.30568,42.45366],[-4.24125,42.45654],[-4.25304,42.46822],[-4.24351,42.47241],[-4.24569,42.49502],[-4.2613,42.51214],[-4.28485,42.51228],[-4.2708,42.52028],[-4.27634,42.54499],[-4.30165,42.55526],[-4.29629,42.56068],[-4.30399,42.57111],[-4.26946,42.58169],[-4.28408,42.58228],[-4.29124,42.60626],[-4.26252,42.61825],[-4.27584,42.64356],[-4.27468,42.67337],[-4.28804,42.67861],[-4.29182,42.69119],[-4.26534,42.70559],[-4.26629,42.69457],[-4.25569,42.68841],[-4.24757,42.69867],[-4.21722,42.70498],[-4.18404,42.73647],[-4.14479,42.75243],[-4.1246,42.75236],[-4.12264,42.73646],[-4.10821,42.73417],[-4.07999,42.76175],[-4.09714,42.79147],[-4.14856,42.7896],[-4.18135,42.81063],[-4.17721,42.82653],[-4.1641,42.82849],[-4.16047,42.83637],[-4.1391,42.82929],[-4.12477,42.85692],[-4.14391,42.8625],[-4.14855,42.87142],[-4.20763,42.84506],[-4.22435,42.85917],[-4.22926,42.89697],[-4.25351,42.90374],[-4.24471,42.87104],[-4.26158,42.86462],[-4.27573,42.84188],[-4.32455,42.85984],[-4.35101,42.8502],[-4.34534,42.83721],[-4.3311,42.83452],[-4.33394,42.82353],[-4.35654,42.82285],[-4.3675,42.83276],[-4.3797,42.82506],[-4.3949,42.83287],[-4.40696,42.82185],[-4.4242,42.82242],[-4.36668,42.79031],[-4.39227,42.7835],[-4.42373,42.75159],[-4.4274,42.77136],[-4.44465,42.78565],[-4.46106,42.78599],[-4.47656,42.80023],[-4.47567,42.81343],[-4.48752,42.81053],[-4.52358,42.76634],[-4.48455,42.73003],[-4.44378,42.70901],[-4.49053,42.70377],[-4.51551,42.72933],[-4.52971,42.7324],[-4.52662,42.76603],[-4.5385,42.7633],[-4.55666,42.7492],[-4.56669,42.72716],[-4.53974,42.7265],[-4.53784,42.70456],[-4.50598,42.68233],[-4.51178,42.66048],[-4.5545,42.65185],[-4.5569,42.67269],[-4.57017,42.68228],[-4.59242,42.66253],[-4.63435,42.66247],[-4.67888,42.69458],[-4.69386,42.67298],[-4.64397,42.63219],[-4.63773,42.62096],[-4.64418,42.61375],[-4.66529,42.61718],[-4.68638,42.63143],[-4.71913,42.61303],[-4.73118,42.636],[-4.74311,42.63162],[-4.76981,42.63831],[-4.77901,42.63398],[-4.76139,42.59509],[-4.76783,42.58606],[-4.78799,42.59734],[-4.80078,42.5945],[-4.81098,42.61096],[-4.7999,42.61897],[-4.80065,42.63102],[-4.86288,42.64497],[-4.8959,42.64424],[-4.90084,42.57929],[-4.91436,42.5502],[-4.90908,42.54174],[-4.88661,42.53733],[-4.8865,42.50925],[-4.89862,42.45099],[-4.92261,42.43645],[-4.90855,42.43422],[-4.90361,42.42486],[-4.91294,42.4015],[-4.90186,42.38683],[-4.97117,42.37469],[-4.98283,42.33818],[-4.94112,42.34686],[-4.93936,42.33595],[-4.95207,42.29747],[-4.97212,42.289],[-4.9853,42.29417],[-5.00076,42.28944],[-5.00728,42.26177],[-5.01517,42.25928],[-5.00896,42.22843],[-5.02352,42.21761],[-5.01102,42.19008],[-5.03052,42.17395],[-5.02559,42.15423]],[[-4.24998,42.72684],[-4.2618,42.73077],[-4.25928,42.73918],[-4.24371,42.73627],[-4.24998,42.72684]]],[[[-4.04456,42.7669],[-4.00175,42.76364],[-3.9946,42.78651],[-4.00221,42.83169],[-4.01943,42.81963],[-4.01284,42.80666],[-4.03157,42.80154],[-4.02852,42.78863],[-4.04241,42.78908],[-4.04801,42.78151],[-4.04456,42.7669]]],[[[-4.03636,42.1029],[-4.02627,42.08816],[-4.03061,42.07895],[-4.02431,42.09186],[-4.0321,42.10728],[-4.03636,42.1029]]],[[[-4.1014,42.13755],[-4.08214,42.14158],[-4.0608,42.13189],[-4.07315,42.15643],[-4.0643,42.16381],[-4.07496,42.16817],[-4.09289,42.15803],[-4.11051,42.15889],[-4.1014,42.13755]]],[[[-4.09969,42.79425],[-4.08772,42.80018],[-4.08717,42.81878],[-4.10569,42.82805],[-4.11173,42.81697],[-4.09969,42.79425]]],[[[-4.15938,42.81826],[-4.18099,42.82063],[-4.17321,42.8119],[-4.15938,42.81826]]]]}},{"type":"Feature","properties":{"code":"673701"},"geometry":{"type":"Polygon","coordinates":[[[-6.84543,40.25483],[-6.80532,40.24192],[-6.80078,40.24996],[-6.78018,40.24949],[-6.75423,40.23933],[-6.75007,40.25062],[-6.71685,40.26964],[-6.68876,40.24306],[-6.67038,40.26363],[-6.58565,40.27112],[-6.5548,40.29118],[-6.55903,40.32945],[-6.53491,40.34764],[-6.47334,40.37051],[-6.44886,40.37126],[-6.44448,40.41335],[-6.45428,40.45551],[-6.42779,40.47389],[-6.40339,40.4474],[-6.39182,40.45018],[-6.38054,40.47021],[-6.39118,40.4808],[-6.38242,40.48079],[-6.37337,40.50004],[-6.38203,40.50552],[-6.38728,40.53357],[-6.41134,40.53806],[-6.4132,40.54478],[-6.40207,40.56341],[-6.4107,40.59068],[-6.39993,40.60603],[-6.3886,40.60975],[-6.38293,40.60339],[-6.36988,40.56457],[-6.33928,40.58158],[-6.32746,40.5995],[-6.31773,40.58947],[-6.32069,40.56579],[-6.30948,40.56345],[-6.31403,40.55423],[-6.28684,40.54664],[-6.2434,40.56783],[-6.23128,40.58902],[-6.21194,40.58651],[-6.16854,40.59919],[-6.16671,40.5896],[-6.14477,40.58296],[-6.15996,40.60383],[-6.15677,40.62189],[-6.13694,40.62021],[-6.12308,40.63498],[-6.08557,40.63437],[-6.07228,40.62716],[-6.04989,40.63076],[-6.0434,40.6174],[-6.03053,40.62812],[-6.01544,40.62811],[-5.98183,40.61641],[-5.95523,40.64433],[-5.96712,40.66132],[-5.99,40.65815],[-5.99426,40.66324],[-5.99069,40.68465],[-5.96921,40.68215],[-5.9547,40.70191],[-5.97562,40.72781],[-5.95261,40.74169],[-5.93865,40.73809],[-5.92414,40.75283],[-5.89549,40.72223],[-5.88461,40.75547],[-5.86532,40.75086],[-5.80678,40.78232],[-5.78993,40.77933],[-5.78908,40.76823],[-5.79597,40.76731],[-5.78386,40.7584],[-5.78412,40.74293],[-5.75649,40.75549],[-5.73795,40.75249],[-5.73336,40.73316],[-5.75365,40.73192],[-5.76532,40.72105],[-5.76816,40.68876],[-5.73712,40.66833],[-5.7234,40.64868],[-5.73494,40.63741],[-5.75711,40.64455],[-5.75975,40.63945],[-5.73623,40.61848],[-5.73749,40.57682],[-5.70564,40.56838],[-5.70342,40.55339],[-5.72052,40.54549],[-5.70861,40.52994],[-5.71735,40.52626],[-5.67301,40.52439],[-5.6304,40.54364],[-5.62868,40.53465],[-5.59858,40.52158],[-5.60732,40.50654],[-5.63309,40.49579],[-5.63996,40.48034],[-5.6214,40.46614],[-5.55956,40.47748],[-5.5597,40.46183],[-5.57324,40.44463],[-5.5434,40.42348],[-5.51351,40.42377],[-5.50927,40.44244],[-5.51656,40.45326],[-5.50847,40.46405],[-5.4812,40.45706],[-5.46419,40.4663],[-5.4606,40.49157],[-5.451,40.49447],[-5.4242,40.55702],[-5.43669,40.56666],[-5.52333,40.54111],[-5.52782,40.55271],[-5.51521,40.5676],[-5.51486,40.58576],[-5.4995,40.59773],[-5.4983,40.58197],[-5.44629,40.57997],[-5.42137,40.60563],[-5.3816,40.62114],[-5.37181,40.63918],[-5.37706,40.64587],[-5.36453,40.64915],[-5.38277,40.66202],[-5.3841,40.67182],[-5.3358,40.68965],[-5.3274,40.7058],[-5.29149,40.71064],[-5.24693,40.74401],[-5.21308,40.7582],[-5.21763,40.77334],[-5.18305,40.78906],[-5.17627,40.80564],[-5.16015,40.81437],[-5.15611,40.82448],[-5.1676,40.84036],[-5.16245,40.86875],[-5.1287,40.90069],[-5.11417,40.90266],[-5.10986,40.91529],[-5.12624,40.95448],[-5.10348,40.96061],[-5.09828,40.98993],[-5.08848,40.99699],[-5.10239,41.02686],[-5.13943,41.0376],[-5.15163,41.0641],[-5.15004,41.08569],[-5.12781,41.10573],[-5.12357,41.1324],[-5.1783,41.16765],[-5.1899,41.16246],[-5.20656,41.16719],[-5.21686,41.15994],[-5.22789,41.19019],[-5.2516,41.20013],[-5.2871,41.19597],[-5.29649,41.12623],[-5.31468,41.11945],[-5.33048,41.11833],[-5.35562,41.14118],[-5.38241,41.13468],[-5.39882,41.14579],[-5.39521,41.1634],[-5.40622,41.18595],[-5.4755,41.17868],[-5.46846,41.1583],[-5.48297,41.14586],[-5.48388,41.17921],[-5.50503,41.18063],[-5.5167,41.19522],[-5.56369,41.21739],[-5.58655,41.2028],[-5.62695,41.21481],[-5.63307,41.23223],[-5.66141,41.24617],[-5.67756,41.23223],[-5.74987,41.22622],[-5.76593,41.21606],[-5.78945,41.21638],[-5.80732,41.22483],[-5.83384,41.2207],[-5.89629,41.23895],[-5.91994,41.21851],[-5.91175,41.1787],[-5.95186,41.14046],[-5.97542,41.17439],[-6.00118,41.1535],[-6.0225,41.15773],[-6.02611,41.17949],[-6.00744,41.20086],[-6.04533,41.20937],[-6.06062,41.22141],[-6.07265,41.21168],[-6.10792,41.21298],[-6.1331,41.19075],[-6.22378,41.2281],[-6.26677,41.25597],[-6.29534,41.25681],[-6.31628,41.27126],[-6.34622,41.27305],[-6.37087,41.28667],[-6.41332,41.27635],[-6.41552,41.28314],[-6.44394,41.28422],[-6.4529,41.29245],[-6.47614,41.28795],[-6.47829,41.29472],[-6.49038,41.28605],[-6.47728,41.27533],[-6.5104,41.26459],[-6.52041,41.27637],[-6.54531,41.25852],[-6.55053,41.24563],[-6.56984,41.2394],[-6.58353,41.24221],[-6.58998,41.25583],[-6.5977,41.24461],[-6.6075,41.25011],[-6.62854,41.24299],[-6.6459,41.24818],[-6.65139,41.23602],[-6.69053,41.2087],[-6.70044,41.18031],[-6.766,41.13559],[-6.76892,41.12483],[-6.75239,41.10367],[-6.80695,41.03686],[-6.85163,41.02736],[-6.91452,41.03924],[-6.92867,41.03046],[-6.92015,41.00372],[-6.90716,40.99934],[-6.85876,40.94929],[-6.84707,40.90123],[-6.82871,40.88521],[-6.80803,40.88305],[-6.7989,40.84867],[-6.82471,40.84364],[-6.81558,40.80157],[-6.8298,40.75304],[-6.82323,40.73007],[-6.80962,40.71772],[-6.80409,40.66908],[-6.7925,40.66208],[-6.83592,40.5951],[-6.84343,40.56628],[-6.79944,40.55103],[-6.79364,40.51232],[-6.81334,40.50203],[-6.84831,40.45298],[-6.83342,40.40855],[-6.77962,40.36507],[-6.79209,40.35649],[-6.79281,40.3292],[-6.8223,40.32375],[-6.85988,40.29997],[-6.86371,40.27104],[-6.84543,40.25483]],[[-6.46241,40.38994],[-6.48253,40.39647],[-6.45681,40.40095],[-6.4535,40.39392],[-6.46241,40.38994]]]}},{"type":"Feature","properties":{"code":"673702"},"geometry":{"type":"MultiPolygon","coordinates":[[[[-6.45265,40.4578],[-6.44448,40.41335],[-6.44886,40.37126],[-6.43694,40.37317],[-6.43827,40.38197],[-6.41745,40.39969],[-6.37459,40.40059],[-6.36049,40.40748],[-6.36417,40.42277],[-6.34327,40.44317],[-6.27395,40.45891],[-6.23856,40.48625],[-6.2,40.48327],[-6.17906,40.46259],[-6.15312,40.45493],[-6.14564,40.43651],[-6.11475,40.44197],[-6.09745,40.45819],[-6.06972,40.46136],[-6.07722,40.4726],[-6.0738,40.50664],[-6.11734,40.51142],[-6.08671,40.5433],[-6.04493,40.53511],[-6.03791,40.52441],[-6.01043,40.53593],[-5.9846,40.52125],[-5.97949,40.5295],[-6.00721,40.56029],[-6.00816,40.58684],[-5.96937,40.58187],[-5.9448,40.56501],[-5.92946,40.56798],[-5.8911,40.5554],[-5.86992,40.5681],[-5.87694,40.59495],[-5.90167,40.59172],[-5.91637,40.60622],[-5.92927,40.60613],[-5.91444,40.62451],[-5.89597,40.61511],[-5.88877,40.61928],[-5.8934,40.63031],[-5.88344,40.65987],[-5.86247,40.66452],[-5.84415,40.65597],[-5.8203,40.65805],[-5.81938,40.64264],[-5.80535,40.64312],[-5.81166,40.63273],[-5.79441,40.60953],[-5.76914,40.59719],[-5.7698,40.52412],[-5.71735,40.52626],[-5.70861,40.52994],[-5.72052,40.54549],[-5.70342,40.55339],[-5.70564,40.56838],[-5.73749,40.57682],[-5.73623,40.61848],[-5.75975,40.63945],[-5.75711,40.64455],[-5.73494,40.63741],[-5.7234,40.64868],[-5.73712,40.66833],[-5.76816,40.68876],[-5.76532,40.72105],[-5.75365,40.73192],[-5.73336,40.73316],[-5.73795,40.75249],[-5.75649,40.75549],[-5.78412,40.74293],[-5.78386,40.7584],[-5.79597,40.76731],[-5.78908,40.76823],[-5.78993,40.77933],[-5.81344,40.78141],[-5.86532,40.75086],[-5.88461,40.75547],[-5.89549,40.72223],[-5.92414,40.75283],[-5.93865,40.73809],[-5.95261,40.74169],[-5.97846,40.72473],[-5.9547,40.70191],[-5.96921,40.68215],[-5.99069,40.68465],[-5.99426,40.66324],[-5.99,40.65815],[-5.96712,40.66132],[-5.95523,40.64433],[-5.98183,40.61641],[-6.01544,40.62811],[-6.03053,40.62812],[-6.0434,40.6174],[-6.04989,40.63076],[-6.07228,40.62716],[-6.08557,40.63437],[-6.12308,40.63498],[-6.13694,40.62021],[-6.15677,40.62189],[-6.15996,40.60383],[-6.14477,40.58296],[-6.16671,40.5896],[-6.16854,40.59919],[-6.21194,40.58651],[-6.23128,40.58902],[-6.2434,40.56783],[-6.28684,40.54664],[-6.31403,40.55423],[-6.30948,40.56345],[-6.32069,40.56579],[-6.31773,40.58947],[-6.32746,40.5995],[-6.33928,40.58158],[-6.36988,40.56457],[-6.38293,40.60339],[-6.3886,40.60975],[-6.39993,40.60603],[-6.4107,40.59068],[-6.40207,40.56341],[-6.4132,40.54478],[-6.41134,40.53806],[-6.38728,40.53357],[-6.38203,40.50552],[-6.37337,40.50004],[-6.38242,40.48079],[-6.39118,40.4808],[-6.38054,40.47021],[-6.38532,40.45635],[-6.40339,40.4474],[-6.42779,40.47389],[-6.45265,40.4578]]],[[[-5.71735,40.52626],[-5.7227,40.50822],[-5.74024,40.4979],[-5.75089,40.47851],[-5.74709,40.46287],[-5.77452,40.44947],[-5.79581,40.45609],[-5.80689,40.42456],[-5.8031,40.40926],[-5.82541,40.39655],[-5.88444,40.3318],[-5.8727,40.32703],[-5.84857,40.33859],[-5.84576,40.32844],[-5.81512,40.3515],[-5.79615,40.35363],[-5.78063,40.31285],[-5.80137,40.29802],[-5.79178,40.28709],[-5.76363,40.28117],[-5.7362,40.29451],[-5.71296,40.32569],[-5.67167,40.34892],[-5.685,40.35576],[-5.67708,40.3874],[-5.68983,40.42238],[-5.65519,40.43719],[-5.6214,40.46614],[-5.63996,40.48034],[-5.63309,40.49579],[-5.60732,40.50654],[-5.59858,40.52158],[-5.62868,40.53465],[-5.6304,40.54364],[-5.67301,40.52439],[-5.71735,40.52626]]],[[[-6.46241,40.38994],[-6.4535,40.39392],[-6.45681,40.40095],[-6.48253,40.39647],[-6.46241,40.38994]]]]}},{"type":"Feature","properties":{"code":"673703"},"geometry":{"type":"Polygon","coordinates":[[[-6.11661,40.41625],[-6.06359,40.39671],[-6.0838,40.39088],[-6.07079,40.38739],[-6.08496,40.37842],[-6.08075,40.36388],[-6.10435,40.35719],[-6.05079,40.34194],[-6.01465,40.34068],[-6.01822,40.32304],[-6.00395,40.30576],[-5.91581,40.27809],[-5.87624,40.34332],[-5.82541,40.39655],[-5.8031,40.40926],[-5.80689,40.42456],[-5.79581,40.45609],[-5.77452,40.44947],[-5.74709,40.46287],[-5.75089,40.47851],[-5.74024,40.4979],[-5.7227,40.50822],[-5.71735,40.52626],[-5.7698,40.52412],[-5.76914,40.59719],[-5.79441,40.60953],[-5.81166,40.63273],[-5.80535,40.64312],[-5.81938,40.64264],[-5.8203,40.65805],[-5.84415,40.65597],[-5.86247,40.66452],[-5.88344,40.65987],[-5.8934,40.63031],[-5.88877,40.61928],[-5.9222,40.6204],[-5.92927,40.60613],[-5.91637,40.60622],[-5.90167,40.59172],[-5.87694,40.59495],[-5.86992,40.5681],[-5.8911,40.5554],[-5.92946,40.56798],[-5.9448,40.56501],[-5.96937,40.58187],[-6.00816,40.58684],[-6.00721,40.56029],[-5.97949,40.5295],[-5.9846,40.52125],[-6.01043,40.53593],[-6.03791,40.52441],[-6.04493,40.53511],[-6.07663,40.54501],[-6.09219,40.53956],[-6.09261,40.53076],[-6.11734,40.51142],[-6.0738,40.50664],[-6.07722,40.4726],[-6.06972,40.46136],[-6.10858,40.45049],[-6.12811,40.42118],[-6.11661,40.41625]]]}},{"type":"Feature","properties":{"code":"674001"},"geometry":{"type":"MultiPolygon","coordinates":[[[[-4.71538,41.133],[-4.72331,41.12378],[-4.70868,41.09962],[-4.71654,41.09036],[-4.7058,41.08913],[-4.71137,41.06246],[-4.63695,41.03166],[-4.61591,41.00401],[-4.60541,40.97116],[-4.56501,40.95656],[-4.55111,40.90782],[-4.55823,40.88621],[-4.53397,40.87273],[-4.53023,40.859],[-4.54852,40.85371],[-4.55758,40.83995],[-4.5495,40.82963],[-4.52328,40.82613],[-4.49244,40.83388],[-4.46921,40.80051],[-4.45319,40.8266],[-4.43477,40.82951],[-4.4386,40.84149],[-4.42608,40.86323],[-4.40345,40.85331],[-4.40951,40.83143],[-4.40215,40.82345],[-4.38491,40.82071],[-4.3609,40.82826],[-4.34783,40.82387],[-4.32265,40.83038],[-4.33105,40.84626],[-4.28667,40.85312],[-4.30394,40.87375],[-4.28824,40.87165],[-4.28223,40.88251],[-4.26942,40.87791],[-4.26615,40.89107],[-4.22102,40.90288],[-4.21814,40.9228],[-4.20445,40.92326],[-4.19753,40.93646],[-4.17605,40.94574],[-4.19051,40.96031],[-4.17852,40.97129],[-4.16412,40.96732],[-4.15356,40.97242],[-4.15133,40.98725],[-4.12825,40.9894],[-4.12102,41.02002],[-4.11453,41.01555],[-4.09941,41.03329],[-4.07258,41.04157],[-4.07918,41.07829],[-4.0698,41.07077],[-4.0418,41.07196],[-4.01528,41.05344],[-4.00153,41.06644],[-3.96013,41.05668],[-3.93326,41.07157],[-3.9136,41.06903],[-3.91079,41.08283],[-3.94103,41.08955],[-3.94743,41.0997],[-3.96152,41.0992],[-3.98313,41.1127],[-3.99203,41.12974],[-3.97545,41.13547],[-3.97388,41.14924],[-3.95514,41.14155],[-3.95432,41.15127],[-3.92624,41.16156],[-3.91656,41.18244],[-3.90442,41.17753],[-3.90817,41.16643],[-3.89906,41.15716],[-3.87904,41.15071],[-3.86355,41.16808],[-3.83461,41.17832],[-3.82658,41.20081],[-3.85657,41.21236],[-3.83947,41.2295],[-3.82975,41.25896],[-3.81268,41.2598],[-3.79486,41.23715],[-3.77727,41.23525],[-3.78421,41.21674],[-3.68637,41.227],[-3.67156,41.23429],[-3.6704,41.24508],[-3.65472,41.24813],[-3.60316,41.24222],[-3.61434,41.24973],[-3.6042,41.25483],[-3.60874,41.26361],[-3.63658,41.27776],[-3.63651,41.29025],[-3.62126,41.30381],[-3.66228,41.34407],[-3.62689,41.36796],[-3.60513,41.35936],[-3.56285,41.36464],[-3.55964,41.32528],[-3.54784,41.34803],[-3.53809,41.34583],[-3.52442,41.36431],[-3.54731,41.38989],[-3.54713,41.41057],[-3.51155,41.41814],[-3.49613,41.41027],[-3.47351,41.4109],[-3.47657,41.38705],[-3.45423,41.35852],[-3.44599,41.38233],[-3.42414,41.40311],[-3.44598,41.42077],[-3.41792,41.43697],[-3.40028,41.42478],[-3.36366,41.46789],[-3.3798,41.46513],[-3.42273,41.48306],[-3.41936,41.51303],[-3.45022,41.53419],[-3.45676,41.53718],[-3.47838,41.52124],[-3.5336,41.54899],[-3.54026,41.57793],[-3.55165,41.58107],[-3.56521,41.58028],[-3.57132,41.56572],[-3.59941,41.5708],[-3.60749,41.56645],[-3.61553,41.57748],[-3.67041,41.56076],[-3.69023,41.53486],[-3.72699,41.51796],[-3.7224,41.47953],[-3.73109,41.47022],[-3.72778,41.45795],[-3.73817,41.45111],[-3.74282,41.46139],[-3.76843,41.46048],[-3.76487,41.53825],[-3.80247,41.5249],[-3.7969,41.49225],[-3.78632,41.48619],[-3.82256,41.48146],[-3.86662,41.5328],[-3.88446,41.53263],[-3.89271,41.55212],[-3.95172,41.57376],[-3.9625,41.58641],[-3.97934,41.5837],[-3.99857,41.51643],[-4.02607,41.51812],[-4.06394,41.49507],[-4.13517,41.47733],[-4.14115,41.47027],[-4.15698,41.48243],[-4.23216,41.45607],[-4.2469,41.46242],[-4.25976,41.45092],[-4.26879,41.46161],[-4.31788,41.45365],[-4.32652,41.44512],[-4.36105,41.45027],[-4.36357,41.43634],[-4.37547,41.44207],[-4.41755,41.44017],[-4.46681,41.41342],[-4.51515,41.40886],[-4.51393,41.39443],[-4.48266,41.36714],[-4.49456,41.36427],[-4.49534,41.34995],[-4.50313,41.34754],[-4.49256,41.32675],[-4.46891,41.31785],[-4.46644,41.29623],[-4.47012,41.29191],[-4.49872,41.30126],[-4.50403,41.31163],[-4.52728,41.32144],[-4.55819,41.30251],[-4.5955,41.32093],[-4.6038,41.31348],[-4.60063,41.303],[-4.57254,41.27555],[-4.59733,41.26451],[-4.61383,41.24171],[-4.64952,41.22177],[-4.64928,41.20045],[-4.62641,41.17114],[-4.64235,41.16845],[-4.67922,41.18608],[-4.71999,41.15732],[-4.71538,41.133]]],[[[-3.44764,41.35662],[-3.44523,41.34425],[-3.43619,41.35563],[-3.44764,41.35662]]]]}},{"type":"Feature","properties":{"code":"674002"},"geometry":{"type":"Polygon","coordinates":[[[-4.41829,40.63379],[-4.3313,40.6375],[-4.31838,40.64788],[-4.32344,40.65809],[-4.31608,40.6673],[-4.2891,40.68075],[-4.27379,40.67667],[-4.25158,40.6899],[-4.18238,40.69839],[-4.15893,40.69021],[-4.14372,40.69552],[-4.13353,40.71912],[-4.11374,40.74265],[-4.09633,40.74842],[-4.09503,40.76557],[-4.06873,40.79416],[-4.02011,40.78162],[-4.00121,40.78879],[-3.9784,40.78453],[-3.97834,40.8002],[-3.96078,40.82245],[-3.96357,40.83881],[-3.94531,40.86511],[-3.94159,40.88763],[-3.9514,40.89383],[-3.93648,40.92752],[-3.9212,40.93021],[-3.89378,40.96732],[-3.78323,40.99931],[-3.73796,41.05421],[-3.70432,41.07786],[-3.67551,41.08679],[-3.61234,41.14943],[-3.58215,41.16141],[-3.51457,41.16279],[-3.49937,41.17944],[-3.46561,41.18361],[-3.44285,41.21568],[-3.40118,41.21396],[-3.3982,41.25488],[-3.41385,41.27354],[-3.40848,41.26096],[-3.33505,41.25337],[-3.32232,41.26208],[-3.28887,41.25827],[-3.27446,41.27538],[-3.27297,41.26061],[-3.25297,41.25873],[-3.23764,41.28828],[-3.20737,41.3081],[-3.23556,41.31887],[-3.23499,41.33063],[-3.26803,41.34188],[-3.27083,41.35307],[-3.32792,41.37661],[-3.34923,41.39521],[-3.33807,41.45262],[-3.32908,41.46105],[-3.34701,41.45683],[-3.36366,41.46789],[-3.40028,41.42478],[-3.41792,41.43697],[-3.44052,41.42617],[-3.4447,41.41688],[-3.42414,41.40311],[-3.44599,41.38233],[-3.45423,41.35852],[-3.47657,41.38705],[-3.47351,41.4109],[-3.49613,41.41027],[-3.51155,41.41814],[-3.54713,41.41057],[-3.54731,41.38989],[-3.52442,41.36431],[-3.53809,41.34583],[-3.54784,41.34803],[-3.55964,41.32528],[-3.56285,41.36464],[-3.60513,41.35936],[-3.62689,41.36796],[-3.66228,41.34407],[-3.62126,41.30381],[-3.63651,41.29025],[-3.63658,41.27776],[-3.60874,41.26361],[-3.6042,41.25483],[-3.61434,41.24973],[-3.60316,41.24222],[-3.65472,41.24813],[-3.6704,41.24508],[-3.67156,41.23429],[-3.68637,41.227],[-3.78421,41.21674],[-3.77727,41.23525],[-3.79486,41.23715],[-3.81268,41.2598],[-3.82975,41.25896],[-3.83947,41.2295],[-3.85657,41.21236],[-3.82658,41.20081],[-3.83461,41.17832],[-3.86355,41.16808],[-3.87904,41.15071],[-3.89906,41.15716],[-3.90817,41.16643],[-3.90442,41.17753],[-3.91656,41.18244],[-3.92624,41.16156],[-3.95432,41.15127],[-3.95514,41.14155],[-3.97388,41.14924],[-3.97545,41.13547],[-3.99203,41.12974],[-3.98313,41.1127],[-3.96152,41.0992],[-3.94743,41.0997],[-3.94103,41.08955],[-3.91079,41.08283],[-3.9136,41.06903],[-3.93326,41.07157],[-3.96013,41.05668],[-4.00153,41.06644],[-4.01528,41.05344],[-4.0418,41.07196],[-4.0698,41.07077],[-4.07918,41.07829],[-4.07258,41.04157],[-4.09941,41.03329],[-4.11453,41.01555],[-4.12102,41.02002],[-4.12825,40.9894],[-4.15133,40.98725],[-4.15356,40.97242],[-4.16412,40.96732],[-4.17852,40.97129],[-4.19051,40.96031],[-4.17605,40.94574],[-4.19753,40.93646],[-4.20445,40.92326],[-4.21814,40.9228],[-4.22102,40.90288],[-4.26615,40.89107],[-4.26942,40.87791],[-4.28223,40.88251],[-4.28824,40.87165],[-4.30394,40.87375],[-4.28667,40.85312],[-4.33105,40.84626],[-4.32265,40.83038],[-4.40215,40.82345],[-4.40951,40.83143],[-4.40345,40.85331],[-4.43055,40.86065],[-4.43477,40.82951],[-4.45319,40.8266],[-4.47982,40.78701],[-4.45855,40.75919],[-4.42979,40.74275],[-4.43335,40.70654],[-4.42077,40.67562],[-4.41829,40.63379]],[[-3.44764,41.35662],[-3.43619,41.35563],[-3.44523,41.34425],[-3.44764,41.35662]]]}},{"type":"Feature","properties":{"code":"674201"},"geometry":{"type":"Polygon","coordinates":[[[-3.28826,41.87673],[-3.27773,41.86824],[-3.2877,41.84279],[-3.27983,41.82323],[-3.2854,41.80568],[-3.27703,41.81518],[-3.27408,41.80023],[-3.28456,41.78858],[-3.27415,41.769],[-3.28464,41.76032],[-3.26112,41.73754],[-3.2353,41.73645],[-3.18954,41.75865],[-3.1271,41.72708],[-3.11675,41.74764],[-3.08837,41.76423],[-3.06784,41.74798],[-3.0287,41.73497],[-2.99733,41.74768],[-2.99155,41.73147],[-2.99987,41.70954],[-2.98415,41.69614],[-2.97563,41.67321],[-2.95908,41.66338],[-2.9173,41.71875],[-2.89007,41.713],[-2.88333,41.70012],[-2.8553,41.69928],[-2.83852,41.68601],[-2.83453,41.66938],[-2.82047,41.66982],[-2.80093,41.65571],[-2.79641,41.6405],[-2.805,41.61719],[-2.76171,41.62093],[-2.77897,41.64417],[-2.75574,41.65758],[-2.74974,41.67513],[-2.71634,41.67291],[-2.66834,41.692],[-2.60378,41.69694],[-2.56647,41.68085],[-2.56631,41.67435],[-2.5544,41.67964],[-2.55275,41.70972],[-2.53473,41.70993],[-2.4804,41.7389],[-2.45666,41.71643],[-2.46874,41.70592],[-2.46628,41.69651],[-2.44783,41.70142],[-2.4319,41.6902],[-2.43127,41.70115],[-2.41002,41.70539],[-2.41968,41.72916],[-2.45102,41.72361],[-2.45229,41.73152],[-2.41752,41.74018],[-2.41732,41.74871],[-2.38296,41.78012],[-2.37194,41.78023],[-2.34908,41.75344],[-2.33663,41.75214],[-2.32438,41.7577],[-2.31867,41.77754],[-2.2931,41.77238],[-2.28894,41.7318],[-2.24919,41.72699],[-2.23748,41.70646],[-2.24678,41.67254],[-2.20407,41.65922],[-2.16617,41.67367],[-2.13639,41.65742],[-2.14007,41.63626],[-2.10494,41.60224],[-2.11222,41.5978],[-2.09183,41.57922],[-2.09161,41.55684],[-2.05514,41.50864],[-2.02121,41.53218],[-1.97691,41.52701],[-1.97071,41.53314],[-1.96729,41.5516],[-1.99376,41.58204],[-1.98324,41.60739],[-1.92183,41.59866],[-1.89663,41.63273],[-1.87271,41.6383],[-1.85772,41.66185],[-1.80495,41.66458],[-1.8108,41.68677],[-1.78559,41.69975],[-1.7741,41.72511],[-1.7865,41.73445],[-1.80794,41.73698],[-1.80141,41.75154],[-1.82405,41.77869],[-1.85165,41.78988],[-1.81729,41.83027],[-1.81633,41.85369],[-1.82132,41.86575],[-1.83086,41.86364],[-1.83751,41.88933],[-1.85601,41.90983],[-1.85527,41.96671],[-1.87632,41.95274],[-1.90539,41.9459],[-1.9139,41.93256],[-1.98081,41.91958],[-2.02704,41.9537],[-2.03511,41.93971],[-2.06096,41.95474],[-2.07494,41.95119],[-2.10868,41.95818],[-2.12279,41.99562],[-2.10635,42.00308],[-2.11573,42.02182],[-2.15348,42.04735],[-2.16063,42.06704],[-2.1258,42.0812],[-2.12604,42.09748],[-2.14683,42.10476],[-2.2076,42.10497],[-2.2228,42.09846],[-2.2352,42.10281],[-2.25761,42.08759],[-2.26831,42.08886],[-2.28046,42.1087],[-2.28088,42.13201],[-2.31446,42.1448],[-2.43998,42.13679],[-2.45733,42.11562],[-2.48308,42.10666],[-2.51339,42.11485],[-2.52137,42.08319],[-2.51359,42.06917],[-2.54778,42.05182],[-2.57862,41.99658],[-2.62534,42.00682],[-2.6585,42.00568],[-2.67229,41.99838],[-2.70384,42.01545],[-2.74487,42.00899],[-2.75629,42.03293],[-2.70713,42.0866],[-2.70543,42.10598],[-2.72721,42.12318],[-2.7451,42.12425],[-2.74988,42.11808],[-2.76937,42.12525],[-2.79031,42.10906],[-2.78885,42.09453],[-2.80204,42.08079],[-2.79669,42.04715],[-2.81134,42.03695],[-2.8224,42.04134],[-2.84333,42.03478],[-2.88252,42.0098],[-2.91232,42.02316],[-2.93087,42.01829],[-2.9645,41.96635],[-2.95877,41.95044],[-2.96949,41.92959],[-2.99718,41.93292],[-3.01546,41.88723],[-3.05733,41.89164],[-3.06231,41.88369],[-3.0905,41.87622],[-3.09586,41.88138],[-3.09586,41.86171],[-3.1349,41.81227],[-3.17005,41.79334],[-3.18728,41.80199],[-3.19691,41.81754],[-3.19319,41.82925],[-3.2413,41.84755],[-3.24204,41.86432],[-3.26819,41.86961],[-3.27344,41.88246],[-3.28245,41.88413],[-3.28826,41.87673]]]}},{"type":"Feature","properties":{"code":"674202"},"geometry":{"type":"Polygon","coordinates":[[[-3.54026,41.57793],[-3.53702,41.55234],[-3.50064,41.52951],[-3.47838,41.52124],[-3.45676,41.53718],[-3.42315,41.51705],[-3.42273,41.48306],[-3.41201,41.47645],[-3.3798,41.46513],[-3.36366,41.46789],[-3.34701,41.45683],[-3.32908,41.46105],[-3.34474,41.42936],[-3.34037,41.41735],[-3.288,41.42875],[-3.26158,41.4143],[-3.23328,41.4172],[-3.21807,41.42754],[-3.16966,41.41327],[-3.12015,41.43287],[-3.102,41.4491],[-3.04871,41.44018],[-3.01758,41.46645],[-3.01813,41.48353],[-2.98771,41.49066],[-2.97081,41.48152],[-2.96775,41.49014],[-2.9392,41.48384],[-2.91807,41.48999],[-2.92066,41.45817],[-2.90998,41.44222],[-2.90932,41.45457],[-2.88751,41.46438],[-2.87858,41.48109],[-2.89223,41.50258],[-2.87499,41.51084],[-2.86817,41.52939],[-2.8614,41.51869],[-2.83815,41.51109],[-2.82668,41.52982],[-2.80415,41.53174],[-2.80094,41.53864],[-2.78093,41.52552],[-2.74644,41.53132],[-2.73914,41.5242],[-2.75084,41.50506],[-2.79606,41.49373],[-2.80781,41.46366],[-2.80142,41.45877],[-2.75386,41.45402],[-2.73952,41.43396],[-2.68722,41.4131],[-2.69528,41.40162],[-2.68377,41.39255],[-2.64484,41.39364],[-2.63932,41.38615],[-2.59646,41.3919],[-2.5866,41.37899],[-2.54479,41.3791],[-2.52715,41.37139],[-2.49656,41.37549],[-2.46359,41.40819],[-2.45262,41.3715],[-2.38451,41.35711],[-2.3701,41.34408],[-2.3661,41.33304],[-2.41764,41.30949],[-2.42161,41.28797],[-2.39869,41.25084],[-2.37821,41.26044],[-2.36214,41.24392],[-2.3504,41.2441],[-2.36553,41.25566],[-2.34692,41.27266],[-2.34997,41.33456],[-2.2986,41.33878],[-2.27777,41.32768],[-2.29502,41.24697],[-2.25705,41.24878],[-2.20992,41.26916],[-2.20988,41.25372],[-2.18698,41.24211],[-2.16715,41.21582],[-2.16004,41.17446],[-2.13243,41.16479],[-2.14039,41.14806],[-2.12747,41.13151],[-2.12681,41.16135],[-2.09383,41.158],[-2.07863,41.17132],[-2.14497,41.18473],[-2.16224,41.28353],[-2.1724,41.28842],[-2.16921,41.31917],[-2.15584,41.3343],[-2.16186,41.35568],[-2.14856,41.35621],[-2.11476,41.38238],[-2.10937,41.43573],[-2.10025,41.44612],[-2.04583,41.43466],[-2.03435,41.42722],[-2.04108,41.38933],[-2.02384,41.38413],[-1.98061,41.40265],[-1.93661,41.40772],[-1.93526,41.42023],[-1.95242,41.42459],[-1.9509,41.45996],[-1.97984,41.48676],[-1.97691,41.52701],[-2.01371,41.53381],[-2.04338,41.52218],[-2.05156,41.5089],[-2.06207,41.51034],[-2.09161,41.55684],[-2.09183,41.57922],[-2.10879,41.58912],[-2.10494,41.60224],[-2.14007,41.63626],[-2.13639,41.65742],[-2.16617,41.67367],[-2.20407,41.65922],[-2.24678,41.67254],[-2.23748,41.70646],[-2.24919,41.72699],[-2.28894,41.7318],[-2.2968,41.75056],[-2.29013,41.77033],[-2.31867,41.77754],[-2.32438,41.7577],[-2.33663,41.75214],[-2.34908,41.75344],[-2.37194,41.78023],[-2.38296,41.78012],[-2.41732,41.74871],[-2.41752,41.74018],[-2.44988,41.73417],[-2.45102,41.72361],[-2.41968,41.72916],[-2.41057,41.70844],[-2.43127,41.70115],[-2.4319,41.6902],[-2.44783,41.70142],[-2.46628,41.69651],[-2.46874,41.70592],[-2.45666,41.71643],[-2.4804,41.7389],[-2.53473,41.70993],[-2.55275,41.70972],[-2.5544,41.67964],[-2.56631,41.67435],[-2.56647,41.68085],[-2.60378,41.69694],[-2.66834,41.692],[-2.71634,41.67291],[-2.74974,41.67513],[-2.75574,41.65758],[-2.77897,41.64417],[-2.76171,41.62093],[-2.78289,41.61608],[-2.805,41.61719],[-2.79641,41.6405],[-2.80093,41.65571],[-2.82047,41.66982],[-2.83453,41.66938],[-2.83852,41.68601],[-2.8553,41.69928],[-2.88333,41.70012],[-2.89007,41.713],[-2.9173,41.71875],[-2.95908,41.66338],[-2.97563,41.67321],[-2.98415,41.69614],[-2.99987,41.70954],[-2.99155,41.73147],[-2.99733,41.74768],[-3.0287,41.73497],[-3.06784,41.74798],[-3.08837,41.76423],[-3.11675,41.74764],[-3.1271,41.72708],[-3.18954,41.75865],[-3.24995,41.73294],[-3.24904,41.74115],[-3.26112,41.73754],[-3.28251,41.76255],[-3.29486,41.76232],[-3.32037,41.74952],[-3.32159,41.74126],[-3.35308,41.73759],[-3.35709,41.69376],[-3.39209,41.69095],[-3.41334,41.66517],[-3.41776,41.64444],[-3.42845,41.64661],[-3.43393,41.63971],[-3.43405,41.62237],[-3.45785,41.58996],[-3.47405,41.59728],[-3.5087,41.59752],[-3.52784,41.61296],[-3.54913,41.59691],[-3.53483,41.5868],[-3.54026,41.57793]]]}},{"type":"Feature","properties":{"code":"674203"},"geometry":{"type":"Polygon","coordinates":[[[-3.20675,41.42395],[-3.21807,41.42754],[-3.23328,41.4172],[-3.26158,41.4143],[-3.288,41.42875],[-3.30702,41.42543],[-3.34521,41.4142],[-3.34923,41.39521],[-3.32792,41.37661],[-3.27083,41.35307],[-3.26803,41.34188],[-3.23499,41.33063],[-3.23556,41.31887],[-3.20605,41.30458],[-3.06061,41.27377],[-3.01672,41.28946],[-3.00469,41.28474],[-2.94884,41.29298],[-2.9399,41.31428],[-2.90537,41.32797],[-2.86769,41.31739],[-2.86559,41.27481],[-2.82095,41.25695],[-2.77422,41.25042],[-2.75966,41.27436],[-2.71548,41.27601],[-2.70826,41.25232],[-2.66897,41.23753],[-2.64473,41.24055],[-2.62791,41.21555],[-2.62262,41.22408],[-2.5882,41.22488],[-2.59188,41.20125],[-2.60182,41.19433],[-2.61872,41.19571],[-2.62078,41.18833],[-2.61805,41.18363],[-2.60128,41.189],[-2.57621,41.179],[-2.59366,41.15024],[-2.57429,41.13981],[-2.54125,41.15101],[-2.53523,41.16286],[-2.51566,41.14679],[-2.50757,41.1192],[-2.48098,41.11661],[-2.46818,41.07845],[-2.42846,41.07263],[-2.41763,41.05805],[-2.35405,41.08679],[-2.32213,41.05685],[-2.2923,41.0716],[-2.28273,41.06539],[-2.26227,41.06788],[-2.23087,41.09735],[-2.17403,41.0841],[-2.13058,41.11844],[-2.10815,41.09789],[-2.08019,41.08669],[-2.07042,41.07283],[-2.05517,41.07003],[-2.04691,41.07872],[-2.06435,41.09613],[-2.04932,41.12624],[-2.05042,41.14719],[-2.07863,41.17132],[-2.09383,41.158],[-2.12681,41.16135],[-2.12747,41.13151],[-2.14039,41.14806],[-2.13243,41.16479],[-2.16004,41.17446],[-2.16715,41.21582],[-2.18698,41.24211],[-2.20988,41.25372],[-2.20992,41.26916],[-2.25705,41.24878],[-2.29502,41.24697],[-2.27777,41.32768],[-2.2986,41.33878],[-2.34997,41.33456],[-2.34692,41.27266],[-2.36553,41.25566],[-2.3504,41.2441],[-2.36214,41.24392],[-2.37821,41.26044],[-2.39869,41.25084],[-2.42161,41.28797],[-2.41764,41.30949],[-2.3661,41.33304],[-2.3701,41.34408],[-2.38451,41.35711],[-2.45262,41.3715],[-2.46359,41.40819],[-2.49656,41.37549],[-2.52715,41.37139],[-2.54479,41.3791],[-2.5866,41.37899],[-2.59646,41.3919],[-2.63932,41.38615],[-2.64484,41.39364],[-2.68377,41.39255],[-2.69528,41.40162],[-2.68722,41.4131],[-2.73952,41.43396],[-2.75386,41.45402],[-2.80142,41.45877],[-2.80781,41.46366],[-2.79606,41.49373],[-2.75084,41.50506],[-2.73914,41.5242],[-2.74644,41.53132],[-2.78093,41.52552],[-2.80094,41.53864],[-2.80415,41.53174],[-2.82668,41.52982],[-2.83815,41.51109],[-2.8614,41.51869],[-2.86817,41.52939],[-2.87499,41.51084],[-2.89223,41.50258],[-2.87858,41.48109],[-2.88751,41.46438],[-2.90932,41.45457],[-2.90998,41.44222],[-2.92066,41.45817],[-2.91807,41.48999],[-2.9392,41.48384],[-2.96775,41.49014],[-2.97081,41.48152],[-2.98771,41.49066],[-3.01813,41.48353],[-3.01758,41.46645],[-3.04871,41.44018],[-3.102,41.4491],[-3.12015,41.43287],[-3.16966,41.41327],[-3.20675,41.42395]]]}},{"type":"Feature","properties":{"code":"674701"},"geometry":{"type":"MultiPolygon","coordinates":[[[[-5.37382,41.72012],[-5.36031,41.72918],[-5.35676,41.70003],[-5.34432,41.70237],[-5.3268,41.68214],[-5.31814,41.63711],[-5.32752,41.61626],[-5.26916,41.60148],[-5.26658,41.59039],[-5.2917,41.57471],[-5.27125,41.55953],[-5.27128,41.55052],[-5.24641,41.54711],[-5.2275,41.52877],[-5.23247,41.51807],[-5.2403,41.52013],[-5.26051,41.50403],[-5.2978,41.50057],[-5.33063,41.47629],[-5.34336,41.4796],[-5.33612,41.46164],[-5.32342,41.45569],[-5.33786,41.42595],[-5.30616,41.4144],[-5.33167,41.38189],[-5.33176,41.35856],[-5.32075,41.32668],[-5.30214,41.31633],[-5.29037,41.26954],[-5.30084,41.25962],[-5.29228,41.22661],[-5.30625,41.22515],[-5.33893,41.19446],[-5.32998,41.1789],[-5.28738,41.18235],[-5.2871,41.19597],[-5.2516,41.20013],[-5.22789,41.19019],[-5.21686,41.15994],[-5.20656,41.16719],[-5.1899,41.16246],[-5.1783,41.16765],[-5.12357,41.1324],[-5.09877,41.14745],[-5.0585,41.13897],[-5.02042,41.15391],[-5.0125,41.1646],[-4.98838,41.16116],[-4.98319,41.15259],[-4.96626,41.15266],[-4.96162,41.14047],[-4.94946,41.14106],[-4.86233,41.09437],[-4.85421,41.10108],[-4.81362,41.1038],[-4.81218,41.12973],[-4.78484,41.14391],[-4.72075,41.14967],[-4.70099,41.17486],[-4.67922,41.18608],[-4.64235,41.16845],[-4.62641,41.17114],[-4.64928,41.20045],[-4.64952,41.22177],[-4.61383,41.24171],[-4.59733,41.26451],[-4.57254,41.27555],[-4.60063,41.303],[-4.6038,41.31348],[-4.5955,41.32093],[-4.55819,41.30251],[-4.52728,41.32144],[-4.47012,41.29191],[-4.46891,41.31785],[-4.49256,41.32675],[-4.50313,41.34754],[-4.49534,41.34995],[-4.49456,41.36427],[-4.48266,41.36714],[-4.51393,41.39443],[-4.51328,41.40996],[-4.46681,41.41342],[-4.40614,41.44219],[-4.36357,41.43634],[-4.36105,41.45027],[-4.32652,41.44512],[-4.31788,41.45365],[-4.26879,41.46161],[-4.25976,41.45092],[-4.2469,41.46242],[-4.23216,41.45607],[-4.15698,41.48243],[-4.14115,41.47027],[-4.13517,41.47733],[-4.0567,41.49764],[-4.02607,41.51812],[-3.99857,41.51643],[-3.99253,41.55634],[-3.97938,41.57485],[-3.99153,41.60898],[-4.0074,41.61036],[-4.0046,41.61969],[-4.02738,41.61473],[-4.03395,41.62095],[-4.0247,41.69271],[-4.05161,41.71989],[-4.07503,41.72641],[-4.06776,41.74149],[-4.05445,41.74101],[-4.04825,41.76853],[-4.03954,41.76868],[-4.06012,41.77506],[-4.0703,41.77095],[-4.08776,41.77995],[-4.0982,41.77472],[-4.12186,41.80763],[-4.15253,41.79654],[-4.17749,41.80384],[-4.21261,41.79973],[-4.23469,41.81429],[-4.2461,41.80325],[-4.2589,41.80558],[-4.28524,41.77521],[-4.30545,41.77625],[-4.3163,41.76377],[-4.38796,41.7881],[-4.4455,41.75854],[-4.49984,41.77173],[-4.49106,41.77898],[-4.486,41.82042],[-4.45981,41.82069],[-4.47697,41.82891],[-4.47196,41.84335],[-4.50725,41.83264],[-4.51078,41.82363],[-4.54781,41.83134],[-4.54673,41.81931],[-4.5633,41.8187],[-4.56474,41.8129],[-4.63145,41.86349],[-4.63596,41.88843],[-4.66833,41.90083],[-4.72689,41.86915],[-4.72509,41.85484],[-4.75707,41.82611],[-4.78789,41.81835],[-4.83691,41.89886],[-4.86634,41.91793],[-4.86772,41.93205],[-4.88842,41.93311],[-4.91043,41.91599],[-4.92657,41.91536],[-4.93108,41.92698],[-4.94822,41.93415],[-4.98232,41.91035],[-5.00374,41.94755],[-4.97474,41.97394],[-4.96417,42.00738],[-4.93464,42.01824],[-4.94833,42.05134],[-4.92638,42.07382],[-4.90281,42.07871],[-4.92734,42.11863],[-4.92613,42.15053],[-4.96107,42.14992],[-4.96503,42.15608],[-4.98711,42.1447],[-5.01365,42.15711],[-5.02559,42.15423],[-5.03052,42.17395],[-5.01102,42.19008],[-5.02352,42.21761],[-5.00896,42.22843],[-5.01743,42.25417],[-5.00728,42.26177],[-5.00076,42.28944],[-5.03697,42.29744],[-5.04022,42.26787],[-5.05343,42.25784],[-5.06681,42.26151],[-5.06081,42.2782],[-5.07377,42.2792],[-5.09237,42.30961],[-5.1082,42.31215],[-5.14293,42.28186],[-5.18134,42.26453],[-5.19652,42.26086],[-5.21893,42.27824],[-5.22707,42.26278],[-5.22891,42.27597],[-5.23511,42.27367],[-5.25261,42.24009],[-5.22638,42.23021],[-5.2401,42.21484],[-5.26426,42.21122],[-5.28554,42.23025],[-5.30049,42.22247],[-5.30607,42.19959],[-5.35984,42.22547],[-5.38671,42.22177],[-5.37884,42.19821],[-5.3875,42.17579],[-5.37014,42.13039],[-5.37501,42.09984],[-5.38873,42.09014],[-5.37305,42.06846],[-5.37491,42.04179],[-5.34756,42.02291],[-5.32414,42.02073],[-5.30185,41.99143],[-5.27927,41.97913],[-5.25913,41.98494],[-5.25323,41.98066],[-5.28393,41.97444],[-5.33384,41.9378],[-5.3195,41.93784],[-5.29236,41.92027],[-5.30907,41.89369],[-5.3051,41.85817],[-5.32817,41.83147],[-5.27544,41.82323],[-5.27825,41.81379],[-5.32128,41.78854],[-5.34017,41.7895],[-5.34812,41.78121],[-5.3688,41.77818],[-5.39,41.76085],[-5.37382,41.72012]]],[[[-5.30505,42.2719],[-5.31893,42.26751],[-5.32711,42.27446],[-5.34395,42.26809],[-5.33572,42.23115],[-5.33145,42.23904],[-5.31505,42.24144],[-5.31537,42.24987],[-5.30193,42.25232],[-5.30505,42.2719]]],[[[-5.50635,42.05784],[-5.47142,42.01391],[-5.47034,42.00662],[-5.48702,41.99587],[-5.48342,41.9849],[-5.4369,41.96772],[-5.43007,42.00465],[-5.44605,42.01399],[-5.4202,42.031],[-5.42339,42.03597],[-5.43729,42.03183],[-5.47954,42.05276],[-5.49707,42.084],[-5.5195,42.09747],[-5.5002,42.06685],[-5.50635,42.05784]]]]}},{"type":"Feature","properties":{"code":"674901"},"geometry":{"type":"MultiPolygon","coordinates":[[[[-7.03259,42.0719],[-7.01038,42.05276],[-6.97334,42.0555],[-6.95969,42.02755],[-6.98973,41.98437],[-6.98208,41.97325],[-6.95641,41.96964],[-6.94283,41.94544],[-6.89106,41.94013],[-6.86821,41.94783],[-6.82865,41.94422],[-6.81971,41.94666],[-6.80878,41.97054],[-6.81004,41.99287],[-6.76726,41.98424],[-6.71872,42.01919],[-6.73166,42.0369],[-6.78214,42.06153],[-6.7944,42.07563],[-6.79087,42.10429],[-6.78231,42.10992],[-6.67155,42.10311],[-6.66458,42.08008],[-6.60722,42.07711],[-6.61267,42.05535],[-6.59683,42.03095],[-6.58135,42.06594],[-6.56391,42.06415],[-6.55558,42.08679],[-6.529,42.0652],[-6.50422,42.09594],[-6.4909,42.06198],[-6.46636,42.05682],[-6.45343,42.06028],[-6.47248,42.09437],[-6.46168,42.08908],[-6.45118,42.10445],[-6.42818,42.09903],[-6.43173,42.0774],[-6.3989,42.07752],[-6.37991,42.06791],[-6.37924,42.0882],[-6.36714,42.09573],[-6.34731,42.09193],[-6.3428,42.10295],[-6.32064,42.10932],[-6.30418,42.09946],[-6.28535,42.1182],[-6.31562,42.13801],[-6.33187,42.17217],[-6.29283,42.18259],[-6.31116,42.20692],[-6.32803,42.2002],[-6.38016,42.20348],[-6.40841,42.19602],[-6.42646,42.20228],[-6.44078,42.19387],[-6.45843,42.19748],[-6.47681,42.18256],[-6.49613,42.18236],[-6.52456,42.20369],[-6.5862,42.20832],[-6.61183,42.20355],[-6.63721,42.21763],[-6.70235,42.20971],[-6.73185,42.22436],[-6.74155,42.24051],[-6.75765,42.239],[-6.78612,42.25451],[-6.80173,42.23901],[-6.78569,42.21606],[-6.79526,42.20939],[-6.80089,42.2188],[-6.84215,42.22864],[-6.88544,42.21469],[-6.89963,42.18996],[-6.91332,42.18977],[-6.94206,42.1726],[-6.9431,42.14202],[-6.95497,42.1298],[-6.98837,42.12166],[-6.98889,42.10148],[-7.00125,42.09701],[-7.00124,42.08452],[-7.01859,42.08348],[-7.03259,42.0719]]],[[[-6.28535,42.1182],[-6.22946,42.09267],[-6.21236,42.11251],[-6.21327,42.11829],[-6.26376,42.12443],[-6.28535,42.1182]]]]}},{"type":"Feature","properties":{"code":"674902"},"geometry":{"type":"Polygon","coordinates":[[[-6.78563,42.07182],[-6.78214,42.06153],[-6.71851,42.02567],[-6.73306,42.00487],[-6.76726,41.98424],[-6.74918,41.94374],[-6.69784,41.93368],[-6.62379,41.94025],[-6.59793,41.94855],[-6.58704,41.9681],[-6.5477,41.94485],[-6.54455,41.93102],[-6.56976,41.88397],[-6.5144,41.87162],[-6.53066,41.83552],[-6.5263,41.82105],[-6.54584,41.79532],[-6.54247,41.7787],[-6.56756,41.74385],[-6.54764,41.72576],[-6.55378,41.72126],[-6.54098,41.70151],[-6.55257,41.7016],[-6.54682,41.68597],[-6.498,41.65758],[-6.45631,41.66719],[-6.44517,41.68484],[-6.37358,41.67416],[-6.35536,41.67737],[-6.30152,41.66324],[-6.25213,41.63346],[-6.23383,41.60755],[-6.19947,41.59478],[-6.18794,41.57538],[-6.20979,41.56082],[-6.2349,41.52277],[-6.25469,41.51391],[-6.24908,41.50099],[-6.26686,41.49536],[-6.26097,41.48683],[-6.28437,41.47762],[-6.28597,41.4657],[-6.30441,41.44988],[-6.2936,41.43608],[-6.29833,41.42969],[-6.3314,41.41186],[-6.31699,41.39861],[-6.31689,41.38648],[-6.35127,41.37859],[-6.36528,41.39431],[-6.38852,41.38573],[-6.39257,41.37121],[-6.37548,41.36156],[-6.37905,41.3569],[-6.41535,41.34788],[-6.42576,41.33465],[-6.41729,41.32709],[-6.43336,41.31963],[-6.43666,41.30568],[-6.45015,41.29873],[-6.46782,41.30148],[-6.47614,41.28795],[-6.4529,41.29245],[-6.44394,41.28422],[-6.41552,41.28314],[-6.41332,41.27635],[-6.37087,41.28667],[-6.34622,41.27305],[-6.31628,41.27126],[-6.29534,41.25681],[-6.26677,41.25597],[-6.22378,41.2281],[-6.1331,41.19075],[-6.10792,41.21298],[-6.07265,41.21168],[-6.06062,41.22141],[-6.04533,41.20937],[-6.00744,41.20086],[-6.02611,41.17949],[-6.0225,41.15773],[-6.00118,41.1535],[-5.97542,41.17439],[-5.95186,41.14046],[-5.91175,41.1787],[-5.91994,41.21851],[-5.89629,41.23895],[-5.83384,41.2207],[-5.80732,41.22483],[-5.76593,41.21606],[-5.74987,41.22622],[-5.67756,41.23223],[-5.66141,41.24617],[-5.63307,41.23223],[-5.62695,41.21481],[-5.58655,41.2028],[-5.56369,41.21739],[-5.5167,41.19522],[-5.50503,41.18063],[-5.48388,41.17921],[-5.48297,41.14586],[-5.46846,41.1583],[-5.4755,41.17868],[-5.40622,41.18595],[-5.39521,41.1634],[-5.39882,41.14579],[-5.38559,41.13621],[-5.35562,41.14118],[-5.32758,41.11753],[-5.29649,41.12623],[-5.28923,41.14719],[-5.29726,41.16312],[-5.28738,41.18235],[-5.32998,41.1789],[-5.33893,41.19446],[-5.30625,41.22515],[-5.29228,41.22661],[-5.30084,41.25962],[-5.29037,41.26954],[-5.30214,41.31633],[-5.32075,41.32668],[-5.33176,41.35856],[-5.33167,41.38189],[-5.30616,41.4144],[-5.33786,41.42595],[-5.32342,41.45569],[-5.33612,41.46164],[-5.34336,41.4796],[-5.33063,41.47629],[-5.2978,41.50057],[-5.26051,41.50403],[-5.2403,41.52013],[-5.23247,41.51807],[-5.2275,41.52877],[-5.24641,41.54711],[-5.27128,41.55052],[-5.27125,41.55953],[-5.2917,41.57471],[-5.26658,41.59039],[-5.26916,41.60148],[-5.32752,41.61626],[-5.31814,41.63711],[-5.3268,41.68214],[-5.34432,41.70237],[-5.35676,41.70003],[-5.36031,41.72918],[-5.37382,41.72012],[-5.39,41.76085],[-5.3688,41.77818],[-5.34812,41.78121],[-5.34017,41.7895],[-5.32128,41.78854],[-5.27825,41.81379],[-5.27544,41.82323],[-5.28577,41.82802],[-5.32817,41.83147],[-5.3051,41.85817],[-5.30907,41.89369],[-5.29236,41.92027],[-5.3195,41.93784],[-5.33384,41.9378],[-5.28393,41.97444],[-5.2533,41.98197],[-5.27927,41.97913],[-5.30185,41.99143],[-5.32414,42.02073],[-5.34756,42.02291],[-5.37491,42.04179],[-5.38637,42.04154],[-5.44605,42.01399],[-5.43007,42.00465],[-5.4369,41.96772],[-5.46174,41.97579],[-5.48342,41.9849],[-5.48702,41.99587],[-5.47034,42.00662],[-5.47142,42.01391],[-5.50635,42.05784],[-5.5002,42.06685],[-5.52561,42.10463],[-5.54197,42.09971],[-5.55931,42.0563],[-5.57633,42.06578],[-5.58521,42.05124],[-5.58999,42.07899],[-5.63698,42.08541],[-5.61809,42.1053],[-5.64383,42.13249],[-5.66394,42.14148],[-5.68561,42.13859],[-5.67537,42.12067],[-5.73989,42.11369],[-5.75379,42.13696],[-5.76857,42.13628],[-5.80393,42.12492],[-5.80509,42.13089],[-5.84344,42.11105],[-5.86786,42.12251],[-5.88341,42.13878],[-5.87959,42.14565],[-5.89602,42.15643],[-5.91019,42.14092],[-5.94671,42.14225],[-5.95206,42.12402],[-6.02736,42.15793],[-6.12329,42.1592],[-6.13585,42.16505],[-6.14199,42.15916],[-6.15879,42.16611],[-6.21097,42.14841],[-6.22439,42.16229],[-6.27645,42.17929],[-6.33187,42.17217],[-6.31562,42.13801],[-6.28535,42.1182],[-6.29413,42.10491],[-6.30418,42.09946],[-6.32064,42.10932],[-6.3428,42.10295],[-6.34731,42.09193],[-6.36714,42.09573],[-6.37924,42.0882],[-6.37991,42.06791],[-6.3989,42.07752],[-6.43173,42.0774],[-6.42818,42.09903],[-6.45118,42.10445],[-6.46168,42.08908],[-6.47248,42.09437],[-6.45343,42.06028],[-6.4909,42.06198],[-6.50422,42.09594],[-6.529,42.0652],[-6.55558,42.08679],[-6.56391,42.06415],[-6.58135,42.06594],[-6.59683,42.03095],[-6.61267,42.05535],[-6.60304,42.07347],[-6.66458,42.08008],[-6.67155,42.10311],[-6.78231,42.10992],[-6.79345,42.08925],[-6.7944,42.07563],[-6.78563,42.07182]],[[-6.28535,42.1182],[-6.26376,42.12443],[-6.21327,42.11829],[-6.21236,42.11251],[-6.22946,42.09267],[-6.28535,42.1182]]]}},{"type":"Feature","properties":{"code":"680201"},"geometry":{"type":"Polygon","coordinates":[[[-2.87495,38.92592],[-2.8564,38.92779],[-2.83454,38.90639],[-2.7912,38.90597],[-2.78938,38.89199],[-2.76104,38.88118],[-2.74988,38.84876],[-2.75142,38.81514],[-2.73098,38.78226],[-2.67239,38.8279],[-2.64213,38.83374],[-2.62581,38.82864],[-2.61251,38.83892],[-2.60298,38.82609],[-2.61911,38.80618],[-2.60988,38.78487],[-2.62154,38.78145],[-2.61228,38.76869],[-2.60186,38.76981],[-2.60071,38.75576],[-2.5667,38.7504],[-2.52835,38.76659],[-2.52113,38.73639],[-2.47092,38.73718],[-2.45749,38.72424],[-2.4245,38.7293],[-2.38989,38.75117],[-2.36151,38.75247],[-2.35501,38.77839],[-2.32837,38.80191],[-2.34065,38.81261],[-2.36538,38.80982],[-2.37617,38.83077],[-2.3573,38.85429],[-2.31291,38.86183],[-2.29046,38.84169],[-2.24279,38.86704],[-2.20126,38.87356],[-2.20371,38.86161],[-2.22337,38.85373],[-2.24284,38.83147],[-2.29195,38.8148],[-2.30844,38.79383],[-2.28631,38.7791],[-2.3007,38.76434],[-2.25411,38.73708],[-2.24431,38.71014],[-2.229,38.70177],[-2.22418,38.68747],[-2.20616,38.68856],[-2.20603,38.68205],[-2.1348,38.67746],[-2.14352,38.69941],[-2.17056,38.72862],[-2.14312,38.73707],[-2.13571,38.74832],[-2.10241,38.74594],[-2.05514,38.7617],[-2.03848,38.77345],[-2.03962,38.78937],[-2.03008,38.80053],[-2.00066,38.81416],[-1.98232,38.79956],[-1.96903,38.82237],[-1.89307,38.78207],[-1.84354,38.6897],[-1.66593,38.67258],[-1.55234,38.69466],[-1.53931,38.68051],[-1.52051,38.74167],[-1.56135,38.77453],[-1.58243,38.83973],[-1.56348,38.85015],[-1.51617,38.8412],[-1.44988,38.86514],[-1.42917,38.84962],[-1.38066,38.83216],[-1.36397,38.81572],[-1.35759,38.82161],[-1.40071,38.88803],[-1.46399,38.90054],[-1.48049,38.90981],[-1.50196,38.95631],[-1.49297,38.98939],[-1.51036,38.98694],[-1.58627,39.02739],[-1.57217,39.04497],[-1.51963,39.02745],[-1.46415,39.02393],[-1.28808,39.05511],[-1.26553,39.05142],[-1.2545,39.10656],[-1.23929,39.11413],[-1.22577,39.1521],[-1.19587,39.17712],[-1.17944,39.21269],[-1.17351,39.27963],[-1.16067,39.3058],[-1.17693,39.31503],[-1.1971,39.31417],[-1.20669,39.32662],[-1.2221,39.3165],[-1.24593,39.32896],[-1.24962,39.32289],[-1.27252,39.33358],[-1.29681,39.33154],[-1.31119,39.34348],[-1.33277,39.3409],[-1.33542,39.33438],[-1.36623,39.35649],[-1.38395,39.35466],[-1.3825,39.36662],[-1.40177,39.36434],[-1.40792,39.36808],[-1.39608,39.37609],[-1.40645,39.37207],[-1.4113,39.37978],[-1.42469,39.37944],[-1.4224,39.36438],[-1.43079,39.36448],[-1.43106,39.37797],[-1.44304,39.36215],[-1.45387,39.36124],[-1.44756,39.37858],[-1.46696,39.38372],[-1.45165,39.38413],[-1.45151,39.39905],[-1.47207,39.39153],[-1.47442,39.39855],[-1.46535,39.40223],[-1.47433,39.40883],[-1.48624,39.4007],[-1.48202,39.42285],[-1.55445,39.40224],[-1.6237,39.3621],[-1.73804,39.32155],[-1.76187,39.30189],[-1.76862,39.2809],[-1.84395,39.28651],[-1.88574,39.30534],[-1.98855,39.29408],[-1.99383,39.3102],[-2.02769,39.33846],[-2.01909,39.35222],[-2.04311,39.35956],[-2.09501,39.35931],[-2.04972,39.26707],[-2.16743,39.28147],[-2.1806,39.26971],[-2.21768,39.26192],[-2.28742,39.22706],[-2.30058,39.26401],[-2.31994,39.28414],[-2.34863,39.27894],[-2.37282,39.23318],[-2.50978,39.34255],[-2.52818,39.32798],[-2.54751,39.32386],[-2.59241,39.33982],[-2.61799,39.34054],[-2.6337,39.32716],[-2.66107,39.32235],[-2.7307,39.32128],[-2.74242,39.31639],[-2.72118,39.26673],[-2.84139,39.1349],[-2.8299,39.10571],[-2.80374,39.07935],[-2.80866,39.02424],[-2.831,39.02365],[-2.84332,38.98677],[-2.87967,38.95152],[-2.87495,38.92592]],[[-2.60416,38.83535],[-2.64082,38.87684],[-2.62116,38.89857],[-2.56807,38.87193],[-2.58403,38.86803],[-2.60416,38.83535]]]}},{"type":"Feature","properties":{"code":"680202"},"geometry":{"type":"MultiPolygon","coordinates":[[[[-2.76423,38.57428],[-2.74552,38.54724],[-2.76081,38.53318],[-2.69617,38.50062],[-2.67146,38.49705],[-2.61734,38.51299],[-2.57882,38.50397],[-2.56537,38.49089],[-2.57554,38.47774],[-2.56614,38.46108],[-2.57572,38.43471],[-2.57063,38.41455],[-2.54879,38.40353],[-2.48214,38.39828],[-2.49113,38.37172],[-2.4777,38.34923],[-2.48399,38.30081],[-2.44064,38.28633],[-2.43535,38.27255],[-2.44507,38.24501],[-2.43934,38.23307],[-2.45244,38.21868],[-2.44501,38.18562],[-2.4672,38.17323],[-2.47286,38.15621],[-2.55003,38.08453],[-2.47944,38.05355],[-2.47038,38.05682],[-2.43085,38.04377],[-2.42085,38.0338],[-2.37182,38.02372],[-2.34037,38.02644],[-2.32864,38.06584],[-2.26039,38.11339],[-2.21227,38.20223],[-2.1678,38.22686],[-2.11248,38.23862],[-2.04775,38.3062],[-1.98139,38.28179],[-1.89199,38.30341],[-1.85301,38.33064],[-1.82067,38.33667],[-1.80979,38.35179],[-1.78307,38.35657],[-1.79572,38.36534],[-1.81175,38.40851],[-1.85968,38.43026],[-1.86742,38.47],[-1.83895,38.54862],[-1.86511,38.62776],[-1.89093,38.65147],[-1.94569,38.6428],[-1.96957,38.6749],[-1.97432,38.68744],[-1.94888,38.71607],[-1.97928,38.75219],[-1.9764,38.76397],[-1.94448,38.78795],[-1.919,38.79147],[-1.96903,38.82237],[-1.98232,38.79956],[-2.00066,38.81416],[-2.03008,38.80053],[-2.03962,38.78937],[-2.03848,38.77345],[-2.05514,38.7617],[-2.10241,38.74594],[-2.13571,38.74832],[-2.14312,38.73707],[-2.17056,38.72862],[-2.14352,38.69941],[-2.1348,38.67746],[-2.1501,38.67607],[-2.20603,38.68205],[-2.21383,38.69061],[-2.22418,38.68747],[-2.229,38.70177],[-2.24621,38.7132],[-2.25411,38.73708],[-2.3007,38.76434],[-2.28631,38.7791],[-2.30844,38.79383],[-2.29195,38.8148],[-2.277,38.81618],[-2.26956,38.8273],[-2.24284,38.83147],[-2.22337,38.85373],[-2.20371,38.86161],[-2.20126,38.87356],[-2.24279,38.86704],[-2.29046,38.84169],[-2.31291,38.86183],[-2.3573,38.85429],[-2.37617,38.83077],[-2.36538,38.80982],[-2.34065,38.81261],[-2.32837,38.80191],[-2.35501,38.77839],[-2.36151,38.75247],[-2.38989,38.75117],[-2.4245,38.7293],[-2.45749,38.72424],[-2.47092,38.73718],[-2.52113,38.73639],[-2.52835,38.76659],[-2.5667,38.7504],[-2.60071,38.75576],[-2.60186,38.76981],[-2.61228,38.76869],[-2.62154,38.78145],[-2.60988,38.78487],[-2.61911,38.80618],[-2.60298,38.82609],[-2.61251,38.83892],[-2.62581,38.82864],[-2.64213,38.83374],[-2.67239,38.8279],[-2.70093,38.8116],[-2.72085,38.78422],[-2.69502,38.78335],[-2.66173,38.75394],[-2.6422,38.7468],[-2.63663,38.73504],[-2.6543,38.67185],[-2.66759,38.64964],[-2.69856,38.62578],[-2.71632,38.62554],[-2.72698,38.6165],[-2.76242,38.62831],[-2.74883,38.61599],[-2.76423,38.57428]]],[[[-2.56807,38.87193],[-2.62116,38.89857],[-2.64082,38.87684],[-2.60416,38.83535],[-2.58403,38.86803],[-2.56807,38.87193]]]]}},{"type":"Feature","properties":{"code":"680203"},"geometry":{"type":"Polygon","coordinates":[[[-1.97432,38.68744],[-1.94569,38.6428],[-1.89093,38.65147],[-1.86511,38.62776],[-1.83895,38.54862],[-1.86742,38.47],[-1.85968,38.43026],[-1.81175,38.40851],[-1.79452,38.37068],[-1.78437,38.36646],[-1.76991,38.36527],[-1.76949,38.37935],[-1.75261,38.37382],[-1.74228,38.38171],[-1.71273,38.36359],[-1.71057,38.37244],[-1.69908,38.37504],[-1.68071,38.36056],[-1.6915,38.33824],[-1.66902,38.31207],[-1.58832,38.31041],[-1.47732,38.3768],[-1.4753,38.44757],[-1.49751,38.53247],[-1.48647,38.56372],[-1.45078,38.58187],[-1.44648,38.64992],[-1.42044,38.6774],[-1.36545,38.70441],[-1.3431,38.67746],[-1.28541,38.70589],[-1.24854,38.73902],[-1.18242,38.75549],[-1.11846,38.73812],[-1.11439,38.71179],[-1.03289,38.65697],[-0.96126,38.65733],[-0.91458,38.69637],[-0.9447,38.73712],[-0.96022,38.77519],[-0.92773,38.78423],[-0.93159,38.81167],[-0.92367,38.82376],[-0.93449,38.85634],[-0.92333,38.89215],[-0.95531,38.92052],[-0.9582,38.94498],[-0.99812,38.94985],[-1.03338,38.93484],[-1.14544,38.92975],[-1.15967,38.95521],[-1.22532,39.02507],[-1.28223,39.05543],[-1.46415,39.02393],[-1.51963,39.02745],[-1.57217,39.04497],[-1.58627,39.02739],[-1.57842,39.0182],[-1.54185,39.00842],[-1.51036,38.98694],[-1.49297,38.98939],[-1.50196,38.95631],[-1.48049,38.90981],[-1.46399,38.90054],[-1.40071,38.88803],[-1.36053,38.83392],[-1.36397,38.81572],[-1.38066,38.83216],[-1.42917,38.84962],[-1.44988,38.86514],[-1.51617,38.8412],[-1.56348,38.85015],[-1.58243,38.83973],[-1.56135,38.77453],[-1.52051,38.74167],[-1.53931,38.68051],[-1.55234,38.69466],[-1.66593,38.67258],[-1.84354,38.6897],[-1.88751,38.77598],[-1.919,38.79147],[-1.94448,38.78795],[-1.9764,38.76397],[-1.97928,38.75219],[-1.94888,38.71607],[-1.97432,38.68744]]]}},{"type":"Feature","properties":{"code":"681301"},"geometry":{"type":"MultiPolygon","coordinates":[[[[-4.73025,39.25533],[-4.71223,39.24473],[-4.70691,39.21028],[-4.66202,39.18463],[-4.64765,39.16532],[-4.58861,39.14622],[-4.49831,39.13069],[-4.48268,39.14906],[-4.49038,39.15581],[-4.46968,39.16019],[-4.46908,39.17019],[-4.43934,39.17553],[-4.44532,39.19403],[-4.43186,39.20353],[-4.45087,39.2099],[-4.45617,39.22756],[-4.41767,39.22939],[-4.41314,39.22153],[-4.38717,39.22712],[-4.36023,39.21701],[-4.33257,39.15979],[-4.24605,39.14687],[-4.22531,39.12364],[-4.19125,39.12639],[-4.17219,39.12037],[-4.10553,39.13821],[-4.03304,39.10697],[-4.00328,39.113],[-3.9277,39.09243],[-3.88804,39.09306],[-3.85793,39.07037],[-3.88368,39.06331],[-3.89607,39.06783],[-3.90928,39.05882],[-3.89343,39.0539],[-3.88118,39.03415],[-3.88526,39.00963],[-3.82834,38.99406],[-3.81676,38.98676],[-3.81913,38.98017],[-3.79166,38.98429],[-3.73781,38.97631],[-3.72863,38.99533],[-3.6974,39.00569],[-3.67297,38.98851],[-3.63071,38.99912],[-3.57418,38.92381],[-3.52651,38.93781],[-3.47289,39.06722],[-3.48204,39.06982],[-3.48659,39.09156],[-3.44574,39.12441],[-3.43955,39.13934],[-3.46165,39.14419],[-3.47159,39.1555],[-3.44857,39.16558],[-3.47193,39.18854],[-3.44887,39.22259],[-3.46295,39.23452],[-3.47978,39.23219],[-3.50983,39.29163],[-3.548,39.27067],[-3.56516,39.25172],[-3.57464,39.26899],[-3.56581,39.29973],[-3.58529,39.30807],[-3.67888,39.29869],[-3.68684,39.28527],[-3.71939,39.2702],[-3.76439,39.29372],[-3.79162,39.29265],[-3.81087,39.28712],[-3.84037,39.25999],[-3.85605,39.25891],[-3.87473,39.26247],[-3.9011,39.28069],[-3.96416,39.29859],[-3.95737,39.30998],[-3.97089,39.35258],[-4.07206,39.36574],[-4.10314,39.34152],[-4.11923,39.36303],[-4.14676,39.36317],[-4.11676,39.45729],[-4.10726,39.46062],[-4.08001,39.45207],[-4.06682,39.45746],[-4.05752,39.47259],[-4.06693,39.50295],[-4.05876,39.52184],[-4.02877,39.52238],[-4.04047,39.57575],[-4.12303,39.56396],[-4.15742,39.57716],[-4.19192,39.49579],[-4.24078,39.4783],[-4.31933,39.48382],[-4.37589,39.49639],[-4.42042,39.50755],[-4.44227,39.52351],[-4.45176,39.51769],[-4.46027,39.47895],[-4.48195,39.48876],[-4.49857,39.51809],[-4.5099,39.52253],[-4.50035,39.5355],[-4.48087,39.5392],[-4.52308,39.56203],[-4.52977,39.53201],[-4.54136,39.5444],[-4.56012,39.53354],[-4.55331,39.51118],[-4.5666,39.49768],[-4.58896,39.50015],[-4.6171,39.48506],[-4.61027,39.46054],[-4.61681,39.45481],[-4.68637,39.4507],[-4.66818,39.42494],[-4.70289,39.36486],[-4.70534,39.32813],[-4.75969,39.3212],[-4.73025,39.25533]]],[[[-4.93941,39.39553],[-4.90067,39.37491],[-4.86961,39.36872],[-4.85938,39.38015],[-4.84422,39.37961],[-4.80911,39.39698],[-4.77329,39.3976],[-4.75405,39.41612],[-4.75238,39.42583],[-4.76557,39.42445],[-4.76662,39.43138],[-4.73919,39.45657],[-4.74863,39.46875],[-4.74153,39.48795],[-4.76115,39.51444],[-4.86179,39.55655],[-4.90688,39.4941],[-4.93941,39.39553]]]]}},{"type":"Feature","properties":{"code":"681302"},"geometry":{"type":"Polygon","coordinates":[[[-3.94446,38.77466],[-3.92687,38.76548],[-3.8817,38.78901],[-3.85723,38.78131],[-3.82095,38.80316],[-3.78965,38.77173],[-3.77624,38.77295],[-3.76404,38.78535],[-3.76805,38.75005],[-3.70524,38.73952],[-3.65618,38.70063],[-3.6548,38.68608],[-3.63434,38.6717],[-3.60658,38.67237],[-3.58742,38.66424],[-3.53879,38.61122],[-3.5319,38.5802],[-3.4317,38.56526],[-3.41576,38.51512],[-3.37372,38.47566],[-3.30397,38.4797],[-3.27872,38.46083],[-3.12892,38.43919],[-3.06368,38.47867],[-3.00124,38.40869],[-2.99095,38.42902],[-2.99223,38.45055],[-2.97566,38.45532],[-2.96231,38.47188],[-2.90451,38.47033],[-2.88022,38.45307],[-2.87795,38.46405],[-2.8486,38.48087],[-2.83832,38.47785],[-2.83695,38.48481],[-2.82979,38.47688],[-2.8307,38.48699],[-2.8117,38.49172],[-2.80533,38.50347],[-2.79036,38.50368],[-2.78614,38.51596],[-2.77931,38.50975],[-2.76889,38.52108],[-2.77254,38.52867],[-2.74552,38.54724],[-2.76423,38.57428],[-2.74883,38.61599],[-2.76242,38.62831],[-2.72698,38.6165],[-2.71632,38.62554],[-2.69856,38.62578],[-2.66759,38.64964],[-2.63663,38.73504],[-2.6422,38.7468],[-2.66173,38.75394],[-2.69502,38.78335],[-2.73098,38.78226],[-2.75142,38.81514],[-2.74988,38.84876],[-2.76104,38.88118],[-2.78938,38.89199],[-2.7912,38.90597],[-2.83454,38.90639],[-2.8564,38.92779],[-2.87495,38.92592],[-2.88162,38.9389],[-2.8697,38.96596],[-2.84332,38.98677],[-2.831,39.02365],[-2.80866,39.02424],[-2.80374,39.07935],[-2.8299,39.10571],[-2.84139,39.1349],[-2.72118,39.26673],[-2.77081,39.36999],[-2.77476,39.39516],[-2.79167,39.3981],[-2.80811,39.38733],[-2.8281,39.35632],[-2.85963,39.34761],[-2.86341,39.35723],[-2.8811,39.35128],[-2.89216,39.35934],[-2.88482,39.38524],[-2.86932,39.3848],[-2.86889,39.39151],[-2.91326,39.44779],[-2.93053,39.45322],[-2.92629,39.47101],[-2.95403,39.45526],[-2.95551,39.44761],[-2.97646,39.44508],[-2.9935,39.45177],[-2.99827,39.44204],[-3.01359,39.44544],[-3.02131,39.45739],[-3.06831,39.45067],[-3.09588,39.47419],[-3.14214,39.49593],[-3.18323,39.48836],[-3.18388,39.47455],[-3.29291,39.47124],[-3.3146,39.43493],[-3.30784,39.39956],[-3.34827,39.40871],[-3.40898,39.40499],[-3.46918,39.37254],[-3.47558,39.34355],[-3.53129,39.30456],[-3.56581,39.29973],[-3.57464,39.26899],[-3.56516,39.25172],[-3.548,39.27067],[-3.50983,39.29163],[-3.47978,39.23219],[-3.46295,39.23452],[-3.44887,39.22259],[-3.47193,39.18854],[-3.44857,39.16558],[-3.47159,39.1555],[-3.46165,39.14419],[-3.43955,39.13934],[-3.44574,39.12441],[-3.48659,39.09156],[-3.48204,39.06982],[-3.47289,39.06722],[-3.52651,38.93781],[-3.57418,38.92381],[-3.63071,38.99912],[-3.67297,38.98851],[-3.6974,39.00569],[-3.72863,38.99533],[-3.73781,38.97631],[-3.79166,38.98429],[-3.81913,38.98017],[-3.81337,38.95875],[-3.79201,38.94258],[-3.78641,38.91817],[-3.77985,38.91335],[-3.76521,38.92041],[-3.75622,38.9145],[-3.88897,38.80217],[-3.92842,38.79366],[-3.94446,38.77466]]]}},{"type":"Feature","properties":{"code":"681303"},"geometry":{"type":"Polygon","coordinates":[[[-4.9169,38.95747],[-4.90426,38.96382],[-4.88036,38.94965],[-4.83283,38.9403],[-4.846,38.88283],[-4.85656,38.88062],[-4.84229,38.87424],[-4.8331,38.88068],[-4.80786,38.87494],[-4.77138,38.88554],[-4.75234,38.90238],[-4.73349,38.90216],[-4.71734,38.90061],[-4.69636,38.88631],[-4.69429,38.87264],[-4.68163,38.86666],[-4.59322,38.89555],[-4.60154,38.87267],[-4.59877,38.83883],[-4.60777,38.83453],[-4.59792,38.8055],[-4.60556,38.76997],[-4.58873,38.76354],[-4.53084,38.7635],[-4.47426,38.80732],[-4.44045,38.80482],[-4.38635,38.8366],[-4.37163,38.8329],[-4.36064,38.81296],[-4.34608,38.80473],[-4.2515,38.78033],[-4.23407,38.76071],[-4.18768,38.76009],[-4.12499,38.74558],[-4.12187,38.70843],[-4.13959,38.69091],[-4.16888,38.6902],[-4.20412,38.65828],[-4.22892,38.66039],[-4.23774,38.64464],[-4.25504,38.6363],[-4.25882,38.61965],[-4.20155,38.63369],[-4.12965,38.62538],[-4.11597,38.61626],[-4.0494,38.61959],[-3.94915,38.56588],[-3.91832,38.53436],[-3.90199,38.55713],[-3.87278,38.56658],[-3.86493,38.58729],[-3.81144,38.57314],[-3.80988,38.591],[-3.79044,38.60803],[-3.79581,38.62169],[-3.83456,38.65638],[-3.80761,38.69849],[-3.8029,38.72133],[-3.81388,38.73321],[-3.81377,38.74777],[-3.80542,38.76582],[-3.78965,38.77173],[-3.79268,38.78177],[-3.82095,38.80316],[-3.85723,38.78131],[-3.8817,38.78901],[-3.92687,38.76548],[-3.94446,38.77466],[-3.92842,38.79366],[-3.88897,38.80217],[-3.75575,38.91567],[-3.78641,38.91817],[-3.79201,38.94258],[-3.81953,38.97167],[-3.81676,38.98676],[-3.88526,39.00963],[-3.88118,39.03415],[-3.89343,39.0539],[-3.90928,39.05882],[-3.89607,39.06783],[-3.88368,39.06331],[-3.85793,39.07037],[-3.88804,39.09306],[-3.9277,39.09243],[-4.00328,39.113],[-4.03304,39.10697],[-4.10553,39.13821],[-4.17219,39.12037],[-4.19125,39.12639],[-4.22531,39.12364],[-4.24605,39.14687],[-4.33257,39.15979],[-4.36023,39.21701],[-4.38717,39.22712],[-4.41314,39.22153],[-4.41767,39.22939],[-4.45617,39.22756],[-4.45087,39.2099],[-4.43186,39.20353],[-4.44532,39.19403],[-4.43934,39.17553],[-4.46908,39.17019],[-4.46968,39.16019],[-4.49038,39.15581],[-4.48268,39.14906],[-4.49831,39.13069],[-4.58861,39.14622],[-4.74123,39.19493],[-4.77232,39.18992],[-4.80895,39.19983],[-4.83008,39.17653],[-4.82978,39.16514],[-4.85231,39.15207],[-4.85555,39.12369],[-4.8731,39.09944],[-4.85709,39.07725],[-4.8245,39.06297],[-4.83147,39.04658],[-4.84785,39.04593],[-4.85967,39.0322],[-4.87376,39.03241],[-4.93381,39.05684],[-4.96118,39.05915],[-4.93235,38.976],[-4.9169,38.95747]]]}},{"type":"Feature","properties":{"code":"681304"},"geometry":{"type":"Polygon","coordinates":[[[-5.00328,38.69552],[-4.93955,38.68196],[-4.87565,38.68652],[-4.86756,38.68136],[-4.85885,38.61441],[-4.81989,38.59692],[-4.78623,38.59748],[-4.73209,38.57508],[-4.70481,38.57168],[-4.7006,38.5524],[-4.66592,38.5482],[-4.62028,38.52334],[-4.6177,38.50867],[-4.5928,38.48706],[-4.5831,38.49365],[-4.56446,38.49121],[-4.55707,38.47699],[-4.54017,38.48233],[-4.534,38.47043],[-4.51138,38.46429],[-4.45168,38.40131],[-4.43386,38.40267],[-4.40514,38.38356],[-4.3874,38.38631],[-4.33069,38.3611],[-4.31922,38.36281],[-4.28602,38.3432],[-4.27508,38.35133],[-4.26756,38.34761],[-4.27549,38.39064],[-4.25648,38.40201],[-4.15525,38.38176],[-4.14362,38.38687],[-4.12724,38.37989],[-4.06749,38.38016],[-3.96064,38.36653],[-3.85299,38.37557],[-3.82927,38.39333],[-3.82876,38.41323],[-3.78432,38.4257],[-3.73837,38.41442],[-3.72872,38.4248],[-3.61918,38.39442],[-3.58455,38.40603],[-3.58178,38.4519],[-3.56607,38.45246],[-3.53387,38.43984],[-3.52715,38.40907],[-3.47131,38.39838],[-3.42353,38.40723],[-3.40911,38.42399],[-3.37437,38.44284],[-3.37372,38.47566],[-3.41576,38.51512],[-3.4317,38.56526],[-3.5319,38.5802],[-3.53879,38.61122],[-3.58742,38.66424],[-3.60658,38.67237],[-3.63434,38.6717],[-3.6548,38.68608],[-3.65618,38.70063],[-3.70524,38.73952],[-3.76805,38.75005],[-3.76404,38.78535],[-3.77624,38.77295],[-3.80542,38.76582],[-3.81377,38.74777],[-3.81388,38.73321],[-3.8029,38.72133],[-3.80761,38.69849],[-3.83456,38.65638],[-3.78993,38.61182],[-3.80988,38.591],[-3.81144,38.57314],[-3.86493,38.58729],[-3.87278,38.56658],[-3.90199,38.55713],[-3.91832,38.53436],[-3.94915,38.56588],[-4.0494,38.61959],[-4.11597,38.61626],[-4.12965,38.62538],[-4.20155,38.63369],[-4.25882,38.61965],[-4.25504,38.6363],[-4.23774,38.64464],[-4.22892,38.66039],[-4.20412,38.65828],[-4.16888,38.6902],[-4.13959,38.69091],[-4.12187,38.70843],[-4.12499,38.74558],[-4.18768,38.76009],[-4.23407,38.76071],[-4.2515,38.78033],[-4.34608,38.80473],[-4.38035,38.83589],[-4.44045,38.80482],[-4.47426,38.80732],[-4.53084,38.7635],[-4.60252,38.76729],[-4.59792,38.8055],[-4.60777,38.83453],[-4.59877,38.83883],[-4.60154,38.87267],[-4.59322,38.89555],[-4.68163,38.86666],[-4.69429,38.87264],[-4.69636,38.88631],[-4.71734,38.90061],[-4.73349,38.90216],[-4.75234,38.90238],[-4.77138,38.88554],[-4.80786,38.87494],[-4.8331,38.88068],[-4.84229,38.87424],[-4.86441,38.88752],[-4.91362,38.88786],[-4.94216,38.8548],[-4.9595,38.7902],[-4.98867,38.74019],[-5.04563,38.72952],[-5.02337,38.72687],[-5.0067,38.71566],[-5.00328,38.69552]]]}},{"type":"Feature","properties":{"code":"681601"},"geometry":{"type":"Polygon","coordinates":[[[-3.01523,40.15283],[-3.06248,40.16863],[-3.06654,40.1579],[-3.08814,40.16251],[-3.09664,40.15386],[-3.0927,40.13918],[-3.07636,40.13537],[-3.05555,40.11404],[-3.04991,40.0925],[-3.00251,40.08155],[-2.96832,40.09095],[-2.94911,40.07998],[-2.9441,40.06636],[-2.91372,40.0632],[-2.89938,40.07],[-2.89687,40.08244],[-2.87059,40.08367],[-2.8683,40.03858],[-2.84542,40.04035],[-2.83692,40.08777],[-2.77886,40.092],[-2.75463,40.11115],[-2.76587,40.14463],[-2.73922,40.16504],[-2.72357,40.19775],[-2.7203,40.22944],[-2.70444,40.26265],[-2.70555,40.28746],[-2.67896,40.30441],[-2.66057,40.29564],[-2.65048,40.27926],[-2.61481,40.26908],[-2.58184,40.24914],[-2.59271,40.22689],[-2.57696,40.20573],[-2.56527,40.21344],[-2.54103,40.21095],[-2.50815,40.17025],[-2.48907,40.18234],[-2.45911,40.16966],[-2.458,40.12972],[-2.50289,40.13648],[-2.51639,40.11091],[-2.55709,40.11084],[-2.57934,40.09268],[-2.57346,40.07117],[-2.52868,40.06714],[-2.46989,40.09045],[-2.38996,40.06499],[-2.36701,40.10721],[-2.34396,40.11285],[-2.36624,40.12732],[-2.37472,40.16007],[-2.37352,40.17702],[-2.34054,40.20923],[-2.3194,40.20521],[-2.30512,40.18573],[-2.29044,40.19575],[-2.26316,40.1754],[-2.25876,40.15076],[-2.25202,40.14467],[-2.24102,40.14788],[-2.24161,40.16662],[-2.22756,40.18135],[-2.2481,40.20147],[-2.2477,40.22299],[-2.22252,40.24241],[-2.25013,40.29973],[-2.24106,40.31007],[-2.25433,40.33934],[-2.23247,40.36643],[-2.27115,40.40304],[-2.27682,40.426],[-2.25882,40.44449],[-2.26548,40.46214],[-2.25942,40.4865],[-2.25216,40.48782],[-2.26997,40.5481],[-2.24267,40.56766],[-2.22627,40.59668],[-2.23419,40.62739],[-2.27333,40.64511],[-2.29297,40.62501],[-2.28477,40.59258],[-2.29093,40.57937],[-2.33224,40.56755],[-2.35857,40.581],[-2.35269,40.58988],[-2.3713,40.60752],[-2.39746,40.61412],[-2.41118,40.60247],[-2.4149,40.58039],[-2.37873,40.54395],[-2.41055,40.52599],[-2.42677,40.54064],[-2.44737,40.52489],[-2.4947,40.50917],[-2.51233,40.51613],[-2.52596,40.54464],[-2.54499,40.51932],[-2.52745,40.49874],[-2.54318,40.475],[-2.50326,40.44901],[-2.51274,40.42531],[-2.54127,40.42581],[-2.54532,40.43538],[-2.58496,40.45062],[-2.59828,40.44373],[-2.6403,40.44921],[-2.66257,40.43642],[-2.67379,40.4487],[-2.68387,40.44366],[-2.67508,40.43615],[-2.68373,40.4281],[-2.70054,40.42993],[-2.70251,40.42231],[-2.67949,40.40308],[-2.68939,40.3955],[-2.70381,40.41637],[-2.71656,40.42001],[-2.71225,40.41094],[-2.72675,40.41179],[-2.72162,40.39748],[-2.76859,40.42177],[-2.75879,40.44236],[-2.77966,40.44454],[-2.78475,40.42761],[-2.79833,40.42399],[-2.8064,40.40716],[-2.81565,40.36416],[-2.80135,40.2644],[-2.82025,40.20555],[-2.86184,40.20048],[-2.87245,40.17395],[-2.91183,40.15754],[-2.9457,40.16998],[-3.00439,40.20924],[-3.01848,40.19356],[-3.01097,40.17435],[-3.01523,40.15283]]]}},{"type":"Feature","properties":{"code":"681602"},"geometry":{"type":"Polygon","coordinates":[[[-2.4325,39.98591],[-2.41369,39.97656],[-2.38862,39.94599],[-2.3722,39.96049],[-2.33726,39.92968],[-2.31084,39.89229],[-2.27796,39.87729],[-2.26298,39.88719],[-2.27126,39.89739],[-2.25307,39.90244],[-2.21198,39.8959],[-2.19275,39.89972],[-2.11513,39.86516],[-2.10652,39.86405],[-2.09759,39.8879],[-2.07809,39.88765],[-2.04967,39.8739],[-2.06986,39.85036],[-2.10848,39.86213],[-2.09151,39.84952],[-2.07142,39.84751],[-2.04139,39.85859],[-2.00465,39.82682],[-2.00904,39.82199],[-1.97955,39.77945],[-1.96613,39.78391],[-1.95926,39.79966],[-1.92407,39.77756],[-1.9168,39.76479],[-1.84753,39.74721],[-1.85113,39.72134],[-1.79166,39.66861],[-1.73987,39.65841],[-1.71859,39.6609],[-1.68277,39.60534],[-1.62389,39.56875],[-1.60861,39.56789],[-1.59117,39.54792],[-1.548,39.54414],[-1.50162,39.55261],[-1.50313,39.56428],[-1.46085,39.577],[-1.4167,39.65531],[-1.3673,39.68999],[-1.32457,39.67346],[-1.27835,39.67826],[-1.26077,39.69928],[-1.27434,39.73799],[-1.21377,39.80915],[-1.19897,39.85849],[-1.19463,39.9143],[-1.20774,39.92853],[-1.20695,39.94417],[-1.14117,39.97221],[-1.16396,40.01046],[-1.24683,39.99543],[-1.33454,40.01704],[-1.37562,40.01687],[-1.41905,40.09388],[-1.40636,40.10177],[-1.45498,40.13132],[-1.44113,40.15796],[-1.43797,40.19738],[-1.47318,40.18541],[-1.50966,40.20408],[-1.53924,40.19117],[-1.6891,40.31002],[-1.69915,40.30743],[-1.70878,40.28104],[-1.71802,40.27746],[-1.72821,40.30327],[-1.7189,40.31887],[-1.70559,40.31396],[-1.69643,40.32165],[-1.73985,40.34969],[-1.77652,40.39224],[-1.81063,40.40047],[-1.83547,40.42802],[-1.8431,40.4193],[-1.85203,40.42404],[-1.86382,40.45532],[-1.85957,40.46515],[-1.872,40.47371],[-1.88656,40.50602],[-1.8802,40.51782],[-1.89855,40.54139],[-1.90821,40.54201],[-1.90323,40.54682],[-1.92216,40.59223],[-1.95281,40.60051],[-1.96368,40.61172],[-1.96417,40.59294],[-1.98426,40.58579],[-2.04305,40.60722],[-2.08994,40.64672],[-2.15567,40.65905],[-2.16907,40.63024],[-2.18851,40.63064],[-2.21255,40.61953],[-2.23155,40.62421],[-2.22627,40.59668],[-2.24267,40.56766],[-2.27106,40.54267],[-2.25216,40.48782],[-2.25942,40.4865],[-2.26548,40.46214],[-2.25882,40.44449],[-2.27682,40.426],[-2.27115,40.40304],[-2.23247,40.36643],[-2.25433,40.33934],[-2.24106,40.31007],[-2.25013,40.29973],[-2.22252,40.24241],[-2.2477,40.22299],[-2.2481,40.20147],[-2.22756,40.18135],[-2.24161,40.16662],[-2.24102,40.14788],[-2.25202,40.14467],[-2.25876,40.15076],[-2.26316,40.1754],[-2.29044,40.19575],[-2.30512,40.18573],[-2.3194,40.20521],[-2.34054,40.20923],[-2.36491,40.18912],[-2.37352,40.17702],[-2.36965,40.13263],[-2.34396,40.11285],[-2.36701,40.10721],[-2.37881,40.07469],[-2.40042,40.06191],[-2.40273,40.04791],[-2.44738,40.03613],[-2.44045,40.01212],[-2.42514,40.00005],[-2.4325,39.98591]]]}},{"type":"Feature","properties":{"code":"681603"},"geometry":{"type":"Polygon","coordinates":[[[-3.16008,40.06551],[-3.16894,40.04852],[-3.14127,39.98535],[-3.09531,39.98732],[-3.09577,39.93385],[-3.12594,39.87507],[-3.09498,39.86949],[-3.075,39.85609],[-3.05839,39.83786],[-3.03925,39.78797],[-3.01424,39.76513],[-2.99284,39.71496],[-2.90695,39.64272],[-2.91658,39.62345],[-2.91247,39.61412],[-2.92423,39.60219],[-2.91937,39.55953],[-2.9338,39.526],[-2.93334,39.48261],[-2.92629,39.47101],[-2.93053,39.45322],[-2.91326,39.44779],[-2.86889,39.39151],[-2.86932,39.3848],[-2.88482,39.38524],[-2.89528,39.36717],[-2.8811,39.35128],[-2.86341,39.35723],[-2.85963,39.34761],[-2.8281,39.35632],[-2.80811,39.38733],[-2.79167,39.3981],[-2.77476,39.39516],[-2.77081,39.36999],[-2.74098,39.31855],[-2.6337,39.32716],[-2.61799,39.34054],[-2.59241,39.33982],[-2.54751,39.32386],[-2.52818,39.32798],[-2.50978,39.34255],[-2.37282,39.23318],[-2.34863,39.27894],[-2.31994,39.28414],[-2.30058,39.26401],[-2.28742,39.22706],[-2.21768,39.26192],[-2.1806,39.26971],[-2.16743,39.28147],[-2.04972,39.26707],[-2.09501,39.35931],[-2.04311,39.35956],[-2.01909,39.35222],[-2.02769,39.33846],[-1.99383,39.3102],[-1.98855,39.29408],[-1.88574,39.30534],[-1.84395,39.28651],[-1.76862,39.2809],[-1.76187,39.30189],[-1.73804,39.32155],[-1.6237,39.3621],[-1.55445,39.40224],[-1.50394,39.41838],[-1.49542,39.42971],[-1.51962,39.43191],[-1.51724,39.44933],[-1.52763,39.45565],[-1.51216,39.45865],[-1.50199,39.47973],[-1.51132,39.48362],[-1.50382,39.48809],[-1.5113,39.49638],[-1.50279,39.49183],[-1.49792,39.50083],[-1.50598,39.50824],[-1.50206,39.54754],[-1.59117,39.54792],[-1.60861,39.56789],[-1.62389,39.56875],[-1.68277,39.60534],[-1.71859,39.6609],[-1.73987,39.65841],[-1.79166,39.66861],[-1.85113,39.72134],[-1.84753,39.74721],[-1.9168,39.76479],[-1.92407,39.77756],[-1.95926,39.79966],[-1.96613,39.78391],[-1.97955,39.77945],[-2.00904,39.82199],[-2.00465,39.82682],[-2.04139,39.85859],[-2.07142,39.84751],[-2.09151,39.84952],[-2.10774,39.86026],[-2.06986,39.85036],[-2.04967,39.8739],[-2.07809,39.88765],[-2.09759,39.8879],[-2.10652,39.86405],[-2.11513,39.86516],[-2.19275,39.89972],[-2.21198,39.8959],[-2.25307,39.90244],[-2.27126,39.89739],[-2.26298,39.88719],[-2.27796,39.87729],[-2.31084,39.89229],[-2.33726,39.92968],[-2.3722,39.96049],[-2.38862,39.94599],[-2.41369,39.97656],[-2.4325,39.98591],[-2.42514,40.00005],[-2.44045,40.01212],[-2.44738,40.03613],[-2.40273,40.04791],[-2.39688,40.0643],[-2.44371,40.08632],[-2.46989,40.09045],[-2.52868,40.06714],[-2.57346,40.07117],[-2.57934,40.09268],[-2.55709,40.11084],[-2.51639,40.11091],[-2.50289,40.13648],[-2.458,40.12972],[-2.45911,40.16966],[-2.48907,40.18234],[-2.50815,40.17025],[-2.54103,40.21095],[-2.56527,40.21344],[-2.57696,40.20573],[-2.59271,40.22689],[-2.58184,40.24914],[-2.61481,40.26908],[-2.65048,40.27926],[-2.66057,40.29564],[-2.67896,40.30441],[-2.70555,40.28746],[-2.70444,40.26265],[-2.7203,40.22944],[-2.72357,40.19775],[-2.73922,40.16504],[-2.76587,40.14463],[-2.75463,40.11115],[-2.77886,40.092],[-2.83692,40.08777],[-2.83557,40.06224],[-2.84542,40.04035],[-2.8683,40.03858],[-2.87059,40.08367],[-2.89687,40.08244],[-2.89938,40.07],[-2.91372,40.0632],[-2.9441,40.06636],[-2.94911,40.07998],[-2.96832,40.09095],[-3.00251,40.08155],[-3.02158,40.0906],[-3.04523,40.09009],[-3.05203,40.09947],[-3.09405,40.06877],[-3.11657,40.06207],[-3.16008,40.06551]]]}},{"type":"Feature","properties":{"code":"681901"},"geometry":{"type":"Polygon","coordinates":[[[-3.44124,40.88415],[-3.40107,40.86265],[-3.38188,40.87143],[-3.34502,40.87171],[-3.33367,40.88015],[-3.34709,40.90015],[-3.32076,40.9257],[-3.31783,40.93993],[-3.28918,40.94003],[-3.27613,40.95484],[-3.26784,40.94241],[-3.24531,40.97071],[-3.21399,40.94426],[-3.18243,40.95387],[-3.18701,40.98179],[-3.17944,40.99159],[-3.1973,41.00336],[-3.19687,41.0276],[-3.1525,41.00975],[-3.11528,41.02422],[-3.0726,41.01054],[-3.03996,41.0298],[-3.02046,41.05237],[-3.00719,41.05072],[-3.01298,41.04116],[-2.9971,41.02057],[-2.98717,41.01622],[-2.96757,41.02141],[-2.95337,40.99949],[-2.92552,41.00254],[-2.92123,41.03585],[-2.90722,41.02908],[-2.88925,41.03424],[-2.88481,41.01104],[-2.84133,41.01283],[-2.79935,40.9809],[-2.76616,40.98421],[-2.77486,40.96828],[-2.77006,40.94502],[-2.73382,40.91136],[-2.72256,40.9185],[-2.73679,40.94593],[-2.70913,40.9603],[-2.68743,40.92773],[-2.69654,40.91075],[-2.68317,40.90059],[-2.65895,40.90348],[-2.6525,40.8978],[-2.63794,40.86539],[-2.6345,40.82621],[-2.62553,40.8247],[-2.61967,40.8427],[-2.61076,40.84],[-2.60917,40.84539],[-2.58426,40.82638],[-2.56811,40.82779],[-2.56235,40.81534],[-2.55416,40.81931],[-2.53175,40.81032],[-2.50701,40.84399],[-2.48573,40.84799],[-2.4242,40.88453],[-2.38498,40.83632],[-2.32843,40.82838],[-2.31134,40.8554],[-2.24904,40.86491],[-2.2379,40.85223],[-2.24914,40.81584],[-2.23962,40.79293],[-2.20581,40.80472],[-2.1975,40.83349],[-2.20649,40.84147],[-2.16252,40.84649],[-2.12285,40.83064],[-2.10915,40.85019],[-2.08672,40.85886],[-2.10411,40.88699],[-2.10879,40.91803],[-2.08903,40.91541],[-2.06184,40.9622],[-2.1058,40.98964],[-2.10311,41.02019],[-2.11692,41.00587],[-2.17094,41.02379],[-2.20988,41.0217],[-2.24081,41.04388],[-2.24147,41.06027],[-2.26227,41.06788],[-2.28273,41.06539],[-2.2923,41.0716],[-2.32213,41.05685],[-2.35405,41.08679],[-2.41763,41.05805],[-2.42846,41.07263],[-2.46818,41.07845],[-2.48098,41.11661],[-2.50757,41.1192],[-2.51566,41.14679],[-2.53523,41.16286],[-2.54125,41.15101],[-2.57429,41.13981],[-2.59366,41.15024],[-2.57621,41.179],[-2.60128,41.189],[-2.61805,41.18363],[-2.62078,41.18833],[-2.61872,41.19571],[-2.60182,41.19433],[-2.59188,41.20125],[-2.5882,41.22488],[-2.62262,41.22408],[-2.62791,41.21555],[-2.64473,41.24055],[-2.66897,41.23753],[-2.70826,41.25232],[-2.71548,41.27601],[-2.75966,41.27436],[-2.77422,41.25042],[-2.82095,41.25695],[-2.86559,41.27481],[-2.86769,41.31739],[-2.90537,41.32797],[-2.9399,41.31428],[-2.94884,41.29298],[-3.00469,41.28474],[-3.01672,41.28946],[-3.06061,41.27377],[-3.20605,41.30458],[-3.23764,41.28828],[-3.25297,41.25873],[-3.27297,41.26061],[-3.27446,41.27538],[-3.28887,41.25827],[-3.32232,41.26208],[-3.33505,41.25337],[-3.40848,41.26096],[-3.41385,41.27354],[-3.3982,41.25488],[-3.40118,41.21396],[-3.44285,41.21568],[-3.46561,41.18361],[-3.49937,41.17944],[-3.51457,41.16279],[-3.53847,41.16535],[-3.53924,41.15086],[-3.49831,41.12406],[-3.48708,41.09462],[-3.4743,41.09607],[-3.4465,41.08187],[-3.42456,41.08377],[-3.43698,41.04295],[-3.39332,41.0006],[-3.41688,40.98793],[-3.4324,40.9379],[-3.4459,40.92275],[-3.44359,40.908],[-3.45951,40.90655],[-3.45812,40.89867],[-3.43902,40.89228],[-3.44124,40.88415]]]}},{"type":"Feature","properties":{"code":"681902"},"geometry":{"type":"Polygon","coordinates":[[[-2.12285,40.83064],[-2.11642,40.82433],[-2.13771,40.81573],[-2.15572,40.7893],[-2.10942,40.78035],[-2.10109,40.75592],[-2.08738,40.75362],[-2.08543,40.74017],[-2.07173,40.72978],[-2.07319,40.71665],[-2.0452,40.69642],[-2.04668,40.68047],[-2.02598,40.66421],[-2.00406,40.66514],[-1.97394,40.64788],[-1.97827,40.62515],[-1.9702,40.61122],[-1.92216,40.59223],[-1.90323,40.54682],[-1.90821,40.54201],[-1.89855,40.54139],[-1.8802,40.51782],[-1.88656,40.50602],[-1.872,40.47371],[-1.85957,40.46515],[-1.85521,40.42915],[-1.8431,40.4193],[-1.83547,40.42802],[-1.81063,40.40047],[-1.8026,40.40104],[-1.79547,40.4181],[-1.78418,40.41354],[-1.74735,40.46325],[-1.69126,40.48718],[-1.70064,40.53857],[-1.68839,40.56684],[-1.69203,40.578],[-1.67685,40.59131],[-1.5975,40.56241],[-1.54427,40.59555],[-1.56361,40.61509],[-1.53774,40.65844],[-1.53439,40.68737],[-1.55208,40.70623],[-1.56077,40.7401],[-1.53866,40.76108],[-1.54108,40.81156],[-1.61905,40.87983],[-1.62472,40.89902],[-1.61053,40.9146],[-1.6106,40.9379],[-1.74587,41.03424],[-1.75649,41.05541],[-1.80203,41.09023],[-1.86799,41.10825],[-1.88931,41.13366],[-1.93118,41.13893],[-1.95775,41.17282],[-2.00717,41.15678],[-2.04635,41.15299],[-2.06435,41.09613],[-2.04691,41.07872],[-2.05517,41.07003],[-2.07042,41.07283],[-2.08019,41.08669],[-2.10815,41.09789],[-2.13058,41.11844],[-2.17403,41.0841],[-2.23087,41.09735],[-2.26227,41.06788],[-2.24147,41.06027],[-2.24081,41.04388],[-2.20988,41.0217],[-2.17094,41.02379],[-2.11692,41.00587],[-2.10311,41.02019],[-2.1058,40.98964],[-2.06184,40.9622],[-2.08903,40.91541],[-2.10879,40.91803],[-2.10411,40.88699],[-2.08672,40.85886],[-2.10915,40.85019],[-2.12285,40.83064]]]}},{"type":"Feature","properties":{"code":"681903"},"geometry":{"type":"MultiPolygon","coordinates":[[[[-3.49587,40.78896],[-3.45822,40.78171],[-3.44209,40.76117],[-3.44721,40.73325],[-3.44038,40.73822],[-3.43288,40.73112],[-3.46619,40.69007],[-3.44061,40.67463],[-3.42566,40.67308],[-3.42471,40.683],[-3.40371,40.67046],[-3.39198,40.69306],[-3.37182,40.67887],[-3.36414,40.64829],[-3.33759,40.6369],[-3.31614,40.65464],[-3.3221,40.63049],[-3.33632,40.62575],[-3.32082,40.61254],[-3.32917,40.59776],[-3.30928,40.57992],[-3.28135,40.56967],[-3.28694,40.55862],[-3.28054,40.55277],[-3.2957,40.53768],[-3.28837,40.53207],[-3.24949,40.54423],[-3.23328,40.53281],[-3.23057,40.53909],[-3.19937,40.51505],[-3.19743,40.44268],[-3.15473,40.43955],[-3.12918,40.40543],[-3.14298,40.38781],[-3.1375,40.37638],[-3.15209,40.36773],[-3.14024,40.35118],[-3.15491,40.34223],[-3.15212,40.33208],[-3.17762,40.31458],[-3.18226,40.26965],[-3.19441,40.24812],[-3.17189,40.2344],[-3.15206,40.26445],[-3.10822,40.28556],[-3.0783,40.22735],[-3.07804,40.20942],[-3.08707,40.20091],[-3.07726,40.16552],[-3.06654,40.1579],[-3.06248,40.16863],[-3.01523,40.15283],[-3.01097,40.17435],[-3.01848,40.19356],[-3.00439,40.20924],[-2.9457,40.16998],[-2.91183,40.15754],[-2.87245,40.17395],[-2.86184,40.20048],[-2.82025,40.20555],[-2.80135,40.2644],[-2.81565,40.36416],[-2.8064,40.40716],[-2.79833,40.42399],[-2.78475,40.42761],[-2.77966,40.44454],[-2.75879,40.44236],[-2.76859,40.42177],[-2.72162,40.39748],[-2.72675,40.41179],[-2.71225,40.41094],[-2.71656,40.42001],[-2.70381,40.41637],[-2.68939,40.3955],[-2.67949,40.40308],[-2.70251,40.42231],[-2.70054,40.42993],[-2.68373,40.4281],[-2.67508,40.43615],[-2.68387,40.44366],[-2.67379,40.4487],[-2.66257,40.43642],[-2.6403,40.44921],[-2.59828,40.44373],[-2.58496,40.45062],[-2.54532,40.43538],[-2.54127,40.42581],[-2.51274,40.42531],[-2.50326,40.44901],[-2.54318,40.475],[-2.52745,40.49874],[-2.54499,40.51932],[-2.53744,40.53438],[-2.52596,40.54464],[-2.51233,40.51613],[-2.4947,40.50917],[-2.44737,40.52489],[-2.42677,40.54064],[-2.41055,40.52599],[-2.37873,40.54395],[-2.4149,40.58039],[-2.41118,40.60247],[-2.39746,40.61412],[-2.35578,40.59563],[-2.35857,40.581],[-2.34217,40.56974],[-2.29639,40.5732],[-2.28477,40.59258],[-2.29297,40.62501],[-2.27333,40.64511],[-2.21255,40.61953],[-2.18851,40.63064],[-2.16907,40.63024],[-2.15567,40.65905],[-2.08994,40.64672],[-2.04305,40.60722],[-2.00431,40.59177],[-1.98426,40.58579],[-1.9626,40.59949],[-1.97827,40.62515],[-1.97394,40.64788],[-2.00406,40.66514],[-2.02598,40.66421],[-2.04668,40.68047],[-2.0452,40.69642],[-2.07319,40.71665],[-2.07173,40.72978],[-2.08543,40.74017],[-2.08738,40.75362],[-2.10109,40.75592],[-2.10942,40.78035],[-2.15572,40.7893],[-2.13771,40.81573],[-2.11642,40.82433],[-2.12285,40.83064],[-2.16252,40.84649],[-2.20649,40.84147],[-2.1975,40.83349],[-2.20581,40.80472],[-2.23962,40.79293],[-2.24914,40.81584],[-2.2379,40.85223],[-2.24904,40.86491],[-2.31134,40.8554],[-2.32843,40.82838],[-2.38498,40.83632],[-2.4242,40.88453],[-2.48573,40.84799],[-2.50701,40.84399],[-2.53175,40.81032],[-2.55416,40.81931],[-2.56235,40.81534],[-2.56811,40.82779],[-2.58426,40.82638],[-2.60917,40.84539],[-2.61076,40.84],[-2.61967,40.8427],[-2.62553,40.8247],[-2.6345,40.82621],[-2.63794,40.86539],[-2.6525,40.8978],[-2.65895,40.90348],[-2.68317,40.90059],[-2.69654,40.91075],[-2.68743,40.92773],[-2.70913,40.9603],[-2.73679,40.94593],[-2.72256,40.9185],[-2.73382,40.91136],[-2.77006,40.94502],[-2.77486,40.96828],[-2.76616,40.98421],[-2.79935,40.9809],[-2.84133,41.01283],[-2.88481,41.01104],[-2.88925,41.03424],[-2.90722,41.02908],[-2.92123,41.03585],[-2.92552,41.00254],[-2.95337,40.99949],[-2.96757,41.02141],[-2.98717,41.01622],[-2.9971,41.02057],[-3.01298,41.04116],[-3.00719,41.05072],[-3.02046,41.05237],[-3.03996,41.0298],[-3.0726,41.01054],[-3.11528,41.02422],[-3.1525,41.00975],[-3.19687,41.0276],[-3.1973,41.00336],[-3.17944,40.99159],[-3.18701,40.98179],[-3.18243,40.95387],[-3.21399,40.94426],[-3.24531,40.97071],[-3.26784,40.94241],[-3.27613,40.95484],[-3.28918,40.94003],[-3.31783,40.93993],[-3.32076,40.9257],[-3.34709,40.90015],[-3.33423,40.87827],[-3.36096,40.86724],[-3.38188,40.87143],[-3.40107,40.86265],[-3.44124,40.88415],[-3.43956,40.87646],[-3.47192,40.86477],[-3.46643,40.85684],[-3.47546,40.85185],[-3.46911,40.84469],[-3.47812,40.83828],[-3.48041,40.81564],[-3.48992,40.79976],[-3.50935,40.78897],[-3.49587,40.78896]]],[[[-3.38076,40.63017],[-3.36974,40.62531],[-3.36421,40.63964],[-3.37215,40.64153],[-3.38076,40.63017]]]]}},{"type":"Feature","properties":{"code":"684501"},"geometry":{"type":"Polygon","coordinates":[[[-4.9532,40.12151],[-4.92955,40.05488],[-4.87285,40.07938],[-4.86782,40.07075],[-4.83126,40.0699],[-4.78038,40.08879],[-4.71516,40.08119],[-4.70335,40.09212],[-4.70065,40.11763],[-4.7237,40.13723],[-4.70789,40.13579],[-4.68942,40.11676],[-4.6857,40.12367],[-4.65863,40.12981],[-4.6639,40.10169],[-4.65538,40.0795],[-4.64629,40.08714],[-4.60767,40.09184],[-4.59791,40.0892],[-4.60192,40.07026],[-4.50114,40.07731],[-4.4869,40.10304],[-4.45423,40.12465],[-4.4432,40.14367],[-4.45963,40.15928],[-4.43938,40.16329],[-4.40197,40.19421],[-4.40647,40.20371],[-4.38799,40.19496],[-4.39279,40.18555],[-4.36094,40.20201],[-4.34603,40.19021],[-4.34388,40.25371],[-4.35764,40.27779],[-4.35557,40.31003],[-4.37986,40.31872],[-4.38273,40.28953],[-4.42615,40.25822],[-4.43435,40.25969],[-4.43612,40.23807],[-4.50423,40.22112],[-4.51542,40.20608],[-4.53453,40.19994],[-4.57384,40.20746],[-4.57767,40.21779],[-4.63876,40.19763],[-4.67795,40.20737],[-4.69234,40.24145],[-4.68586,40.24999],[-4.70046,40.25761],[-4.69281,40.26677],[-4.6968,40.28257],[-4.72726,40.2709],[-4.74129,40.27566],[-4.76025,40.26128],[-4.80291,40.27547],[-4.8169,40.25516],[-4.80633,40.2357],[-4.83407,40.21289],[-4.86136,40.20545],[-4.877,40.19068],[-4.92333,40.17037],[-4.91672,40.15568],[-4.92411,40.13642],[-4.95495,40.13374],[-4.9532,40.12151]]]}},{"type":"Feature","properties":{"code":"684502"},"geometry":{"type":"Polygon","coordinates":[[[-5.39973,39.88606],[-5.40476,39.87813],[-5.36724,39.88898],[-5.31618,39.89119],[-5.2827,39.86427],[-5.31005,39.82948],[-5.31488,39.77252],[-5.30748,39.76079],[-5.25288,39.75294],[-5.20474,39.79813],[-5.16556,39.80028],[-5.15712,39.76006],[-5.17245,39.75125],[-5.13645,39.7154],[-5.15085,39.69519],[-5.15506,39.6743],[-5.14751,39.66851],[-5.16288,39.64716],[-5.14939,39.64632],[-5.11628,39.6185],[-5.09091,39.60854],[-5.04989,39.63827],[-5.04558,39.6528],[-5.03383,39.65881],[-5.03336,39.67731],[-5.01761,39.67848],[-4.99471,39.66832],[-4.94526,39.67272],[-4.91487,39.66387],[-4.88333,39.67395],[-4.87126,39.66127],[-4.86096,39.66234],[-4.82953,39.73556],[-4.80166,39.75242],[-4.78996,39.77477],[-4.75425,39.78417],[-4.71719,39.74189],[-4.71404,39.72809],[-4.68327,39.74162],[-4.67811,39.7665],[-4.63652,39.75746],[-4.5937,39.76426],[-4.55863,39.73789],[-4.55997,39.72464],[-4.53736,39.72508],[-4.51527,39.7126],[-4.50194,39.73274],[-4.5079,39.74578],[-4.50142,39.76448],[-4.49123,39.77282],[-4.4501,39.78146],[-4.40063,39.77133],[-4.34431,39.75179],[-4.34466,39.73665],[-4.32634,39.72589],[-4.31328,39.74788],[-4.31598,39.76345],[-4.32966,39.77034],[-4.30099,39.78442],[-4.30392,39.76914],[-4.2427,39.72357],[-4.20708,39.74711],[-4.20861,39.7626],[-4.16264,39.75846],[-4.11932,39.79218],[-4.12867,39.80068],[-4.06934,39.82662],[-4.05048,39.82675],[-4.04488,39.81722],[-4.02783,39.81892],[-4.01662,39.8291],[-4.01671,39.81542],[-4.00396,39.82112],[-3.99924,39.81245],[-3.97987,39.81291],[-3.95471,39.82212],[-3.9724,39.83567],[-3.93862,39.83452],[-3.93876,39.85166],[-3.90535,39.83945],[-3.89233,39.8533],[-3.87786,39.85447],[-3.86966,39.84517],[-3.85804,39.84795],[-3.86657,39.87317],[-3.859,39.88047],[-3.81338,39.88623],[-3.83305,39.90013],[-3.86461,39.90352],[-3.87507,39.91131],[-3.868,39.91706],[-3.87525,39.9279],[-3.83778,39.9426],[-3.83137,39.93013],[-3.82353,39.94712],[-3.80601,39.95522],[-3.79976,39.94685],[-3.7857,39.94691],[-3.78735,39.95456],[-3.76353,39.96677],[-3.75764,39.95824],[-3.76868,39.94933],[-3.75231,39.95129],[-3.75996,39.97133],[-3.73954,39.96194],[-3.72478,39.96689],[-3.72714,39.97345],[-3.73935,39.97105],[-3.74502,39.98118],[-3.73351,39.97747],[-3.698,40.01994],[-3.67845,40.01619],[-3.65748,40.03419],[-3.64671,40.03458],[-3.6355,40.05236],[-3.61895,40.05696],[-3.62336,40.06374],[-3.61596,40.06906],[-3.62688,40.07686],[-3.60816,40.08391],[-3.60274,40.0944],[-3.61306,40.0999],[-3.60519,40.10937],[-3.6546,40.12543],[-3.66565,40.1439],[-3.68237,40.13284],[-3.71935,40.14833],[-3.74437,40.13302],[-3.77056,40.13996],[-3.783,40.16308],[-3.80477,40.17787],[-3.80899,40.1695],[-3.8323,40.16218],[-3.87493,40.19148],[-3.90986,40.19042],[-3.92909,40.20423],[-3.94765,40.18961],[-3.95163,40.2127],[-3.99113,40.2101],[-4.02471,40.23654],[-4.02241,40.24946],[-4.05032,40.25149],[-4.06991,40.26518],[-4.07917,40.26688],[-4.10292,40.24218],[-4.12983,40.24918],[-4.14238,40.24537],[-4.14932,40.24977],[-4.14276,40.26464],[-4.16353,40.27117],[-4.16895,40.28871],[-4.19004,40.29735],[-4.20254,40.28752],[-4.20245,40.26938],[-4.22513,40.27027],[-4.23037,40.27712],[-4.24452,40.27409],[-4.26787,40.23531],[-4.2946,40.21947],[-4.30494,40.22207],[-4.30658,40.23385],[-4.32029,40.2255],[-4.33409,40.23918],[-4.3469,40.23699],[-4.35087,40.18794],[-4.36094,40.20201],[-4.39279,40.18555],[-4.38799,40.19496],[-4.40647,40.20371],[-4.40197,40.19421],[-4.43938,40.16329],[-4.45963,40.15928],[-4.443,40.14855],[-4.45423,40.12465],[-4.4869,40.10304],[-4.50114,40.07731],[-4.51543,40.07405],[-4.60192,40.07026],[-4.60241,40.09173],[-4.64629,40.08714],[-4.65538,40.0795],[-4.6639,40.10169],[-4.65863,40.12981],[-4.6857,40.12367],[-4.68942,40.11676],[-4.70789,40.13579],[-4.7237,40.13723],[-4.70065,40.11763],[-4.70335,40.09212],[-4.71516,40.08119],[-4.78038,40.08879],[-4.83126,40.0699],[-4.86782,40.07075],[-4.87285,40.07938],[-4.92955,40.05488],[-4.9532,40.12151],[-5.012,40.11144],[-5.00533,40.13032],[-5.0172,40.15944],[-5.06836,40.14964],[-5.08643,40.12471],[-5.09979,40.12761],[-5.14007,40.09214],[-5.17102,40.08515],[-5.20077,40.08324],[-5.21159,40.10733],[-5.31449,40.10742],[-5.33463,40.11621],[-5.3581,40.10879],[-5.36766,40.10047],[-5.37251,40.05971],[-5.36102,40.01237],[-5.36375,39.98424],[-5.39973,39.88606]],[[-4.16763,39.88296],[-4.15116,39.87991],[-4.17197,39.86157],[-4.18133,39.88584],[-4.16763,39.88296]]]}},{"type":"Feature","properties":{"code":"684503"},"geometry":{"type":"MultiPolygon","coordinates":[[[[-5.20073,39.59243],[-5.08256,39.49107],[-5.05756,39.48982],[-5.00725,39.43536],[-4.94776,39.39351],[-4.93941,39.39553],[-4.90167,39.5041],[-4.86179,39.55655],[-4.76115,39.51444],[-4.74153,39.48795],[-4.74863,39.46875],[-4.73919,39.45657],[-4.76662,39.43138],[-4.76557,39.42445],[-4.75238,39.42583],[-4.75405,39.41612],[-4.68895,39.45219],[-4.61681,39.45481],[-4.61027,39.46054],[-4.6171,39.48506],[-4.58896,39.50015],[-4.5666,39.49768],[-4.55331,39.51118],[-4.56012,39.53354],[-4.54136,39.5444],[-4.52977,39.53201],[-4.52308,39.56203],[-4.48087,39.5392],[-4.50035,39.5355],[-4.5099,39.52253],[-4.49857,39.51809],[-4.48195,39.48876],[-4.46027,39.47895],[-4.45176,39.51769],[-4.44227,39.52351],[-4.42042,39.50755],[-4.37589,39.49639],[-4.31933,39.48382],[-4.24078,39.4783],[-4.19192,39.49579],[-4.15742,39.57716],[-4.12303,39.56396],[-4.04047,39.57575],[-4.02877,39.52238],[-4.05876,39.52184],[-4.06693,39.50295],[-4.05752,39.47259],[-4.06682,39.45746],[-4.08001,39.45207],[-4.10726,39.46062],[-4.11676,39.45729],[-4.14676,39.36317],[-4.11923,39.36303],[-4.10314,39.34152],[-4.07206,39.36574],[-3.97089,39.35258],[-3.95737,39.30998],[-3.96556,39.29975],[-3.9011,39.28069],[-3.87473,39.26247],[-3.84037,39.25999],[-3.81087,39.28712],[-3.79162,39.29265],[-3.81222,39.33279],[-3.7971,39.39685],[-3.76798,39.45209],[-3.78253,39.45756],[-3.80502,39.48834],[-3.83152,39.49462],[-3.84297,39.52655],[-3.81744,39.53627],[-3.802,39.57255],[-3.77366,39.59571],[-3.79331,39.61433],[-3.81147,39.60426],[-3.84812,39.60428],[-3.89554,39.57984],[-3.96564,39.57701],[-3.97187,39.60837],[-3.94667,39.64578],[-3.96123,39.66625],[-3.95844,39.69306],[-3.96809,39.70827],[-3.9582,39.70446],[-3.94841,39.71496],[-3.9058,39.71686],[-3.91296,39.725],[-3.91161,39.73294],[-3.90183,39.7338],[-3.90055,39.74803],[-3.8643,39.73192],[-3.8668,39.72507],[-3.85657,39.7263],[-3.84303,39.7373],[-3.81175,39.74323],[-3.80858,39.76864],[-3.7884,39.76926],[-3.79192,39.77597],[-3.80543,39.77248],[-3.81403,39.77826],[-3.81269,39.8403],[-3.79269,39.86171],[-3.79108,39.87604],[-3.80259,39.88497],[-3.859,39.88047],[-3.86657,39.87317],[-3.85804,39.84795],[-3.86966,39.84517],[-3.87786,39.85447],[-3.89233,39.8533],[-3.90535,39.83945],[-3.93876,39.85166],[-3.93862,39.83452],[-3.9724,39.83567],[-3.95471,39.82212],[-3.96635,39.8144],[-3.99924,39.81245],[-4.00396,39.82112],[-4.01671,39.81542],[-4.01662,39.8291],[-4.02783,39.81892],[-4.04488,39.81722],[-4.05048,39.82675],[-4.06934,39.82662],[-4.08022,39.81706],[-4.11312,39.81105],[-4.1186,39.80113],[-4.12867,39.80068],[-4.11932,39.79218],[-4.15334,39.764],[-4.1707,39.75614],[-4.20861,39.7626],[-4.20708,39.74711],[-4.2427,39.72357],[-4.30392,39.76914],[-4.30099,39.78442],[-4.32966,39.77034],[-4.31598,39.76345],[-4.31328,39.74788],[-4.32634,39.72589],[-4.34466,39.73665],[-4.34431,39.75179],[-4.40063,39.77133],[-4.4501,39.78146],[-4.49123,39.77282],[-4.50142,39.76448],[-4.5079,39.74578],[-4.50194,39.73274],[-4.51527,39.7126],[-4.53736,39.72508],[-4.55997,39.72464],[-4.55863,39.73789],[-4.5937,39.76426],[-4.63652,39.75746],[-4.67811,39.7665],[-4.68327,39.74162],[-4.71404,39.72809],[-4.71719,39.74189],[-4.75425,39.78417],[-4.78996,39.77477],[-4.80166,39.75242],[-4.82953,39.73556],[-4.86096,39.66234],[-4.87126,39.66127],[-4.88333,39.67395],[-4.91487,39.66387],[-4.94526,39.67272],[-4.99471,39.66832],[-5.01761,39.67848],[-5.03336,39.67731],[-5.03383,39.65881],[-5.04558,39.6528],[-5.04989,39.63827],[-5.09091,39.60854],[-5.11628,39.6185],[-5.15404,39.64835],[-5.2039,39.60031],[-5.20073,39.59243]]],[[[-4.18257,39.87332],[-4.17197,39.86157],[-4.15116,39.87991],[-4.18133,39.88584],[-4.18257,39.87332]]]]}},{"type":"Feature","properties":{"code":"684504"},"geometry":{"type":"Polygon","coordinates":[[[-3.97187,39.60837],[-3.96564,39.57701],[-3.89554,39.57984],[-3.84812,39.60428],[-3.81147,39.60426],[-3.79331,39.61433],[-3.77366,39.59571],[-3.802,39.57255],[-3.81744,39.53627],[-3.84297,39.52655],[-3.83152,39.49462],[-3.80502,39.48834],[-3.78253,39.45756],[-3.76798,39.45209],[-3.7971,39.39685],[-3.81222,39.33279],[-3.79424,39.29364],[-3.76439,39.29372],[-3.71939,39.2702],[-3.68684,39.28527],[-3.67888,39.29869],[-3.58529,39.30807],[-3.56581,39.29973],[-3.53129,39.30456],[-3.47558,39.34355],[-3.46918,39.37254],[-3.40898,39.40499],[-3.34827,39.40871],[-3.30784,39.39956],[-3.3146,39.43493],[-3.29291,39.47124],[-3.18388,39.47455],[-3.18323,39.48836],[-3.14214,39.49593],[-3.09588,39.47419],[-3.06831,39.45067],[-3.02131,39.45739],[-3.01359,39.44544],[-2.99827,39.44204],[-2.9935,39.45177],[-2.97646,39.44508],[-2.95551,39.44761],[-2.93009,39.47188],[-2.9338,39.526],[-2.91937,39.55953],[-2.92423,39.60219],[-2.91247,39.61412],[-2.91658,39.62345],[-2.90695,39.64272],[-2.99284,39.71496],[-3.01424,39.76513],[-3.03925,39.78797],[-3.05839,39.83786],[-3.075,39.85609],[-3.09498,39.86949],[-3.12594,39.87507],[-3.09577,39.93385],[-3.09531,39.98732],[-3.14127,39.98535],[-3.16894,40.04852],[-3.16008,40.06551],[-3.16508,40.09165],[-3.18814,40.08305],[-3.20374,40.05936],[-3.2072,40.06354],[-3.24273,40.05396],[-3.24436,40.05983],[-3.25396,40.05836],[-3.25662,40.05111],[-3.26373,40.05755],[-3.27361,40.04781],[-3.30156,40.05404],[-3.31035,40.06903],[-3.33309,40.08198],[-3.37566,40.07558],[-3.37462,40.05084],[-3.39157,40.0473],[-3.39288,40.03589],[-3.42366,40.04742],[-3.42838,40.03912],[-3.44437,40.03772],[-3.45104,40.05055],[-3.46736,40.04153],[-3.5043,40.04904],[-3.51395,40.04364],[-3.51858,40.02126],[-3.5887,40.01378],[-3.59326,40.00227],[-3.63684,39.98916],[-3.63371,39.96656],[-3.66071,39.96657],[-3.69652,39.9474],[-3.71007,39.95541],[-3.74362,39.94101],[-3.75469,39.92201],[-3.80486,39.8882],[-3.79108,39.87604],[-3.79269,39.86171],[-3.81269,39.8403],[-3.81403,39.77826],[-3.80543,39.77248],[-3.79192,39.77597],[-3.7884,39.76926],[-3.80858,39.76864],[-3.81175,39.74323],[-3.84303,39.7373],[-3.85657,39.7263],[-3.8668,39.72507],[-3.8643,39.73192],[-3.90055,39.74803],[-3.90183,39.7338],[-3.91161,39.73294],[-3.91296,39.725],[-3.9058,39.71686],[-3.94841,39.71496],[-3.9582,39.70446],[-3.96809,39.70827],[-3.95844,39.69306],[-3.96123,39.66625],[-3.94667,39.64578],[-3.97187,39.60837]]]}},{"type":"Feature","properties":{"code":"690801"},"geometry":{"type":"MultiPolygon","coordinates":[[[[1.67148,42.28198],[1.69132,42.27739],[1.69623,42.26412],[1.68576,42.25675],[1.70538,42.23649],[1.68219,42.22461],[1.68159,42.20662],[1.70858,42.19032],[1.72269,42.19649],[1.73887,42.18974],[1.74024,42.17681],[1.73549,42.15965],[1.71473,42.15432],[1.69973,42.13601],[1.71285,42.11978],[1.70622,42.10696],[1.72365,42.10009],[1.72322,42.09138],[1.7088,42.083],[1.69247,42.08739],[1.67141,42.04471],[1.68022,42.0391],[1.68379,42.05018],[1.69365,42.04642],[1.70063,42.02989],[1.67361,42.01833],[1.66714,42.0038],[1.66587,42.0226],[1.65703,42.02121],[1.64903,42.00045],[1.65614,41.99354],[1.65903,42.00532],[1.66317,41.99138],[1.6859,41.9952],[1.69861,41.98548],[1.692,42.00624],[1.69891,42.01498],[1.71916,41.99979],[1.7204,41.98476],[1.68392,41.96768],[1.67063,41.9702],[1.67646,41.98283],[1.66906,41.98485],[1.66141,41.97793],[1.65124,41.97996],[1.64543,41.96927],[1.65058,41.9569],[1.66582,41.96238],[1.6725,41.95776],[1.68715,41.93759],[1.75317,41.94702],[1.75137,41.9745],[1.76568,41.98855],[1.76133,42.00109],[1.73893,42.01521],[1.73809,42.02676],[1.7621,42.04747],[1.7711,42.04664],[1.76964,42.03357],[1.78805,42.03702],[1.79294,42.02979],[1.78252,42.0061],[1.80458,42.00801],[1.81539,42.03297],[1.79491,42.03289],[1.80561,42.05921],[1.78023,42.06607],[1.81586,42.08926],[1.80018,42.10508],[1.82138,42.10937],[1.82507,42.12207],[1.85818,42.11589],[1.87081,42.12447],[1.88309,42.11451],[1.86774,42.11339],[1.88891,42.10058],[1.88081,42.08645],[1.90961,42.09625],[1.94493,42.13035],[1.97819,42.1285],[1.99214,42.10832],[2.00814,42.10527],[2.00917,42.08527],[2.02713,42.09667],[2.03566,42.07766],[2.04618,42.08118],[2.04354,42.09273],[2.05421,42.09503],[2.05882,42.08776],[2.06368,42.09901],[2.04686,42.10469],[2.05582,42.1082],[2.05089,42.12204],[2.06554,42.1221],[2.06929,42.10983],[2.09747,42.1065],[2.10506,42.11237],[2.11368,42.10036],[2.14804,42.09846],[2.1501,42.08044],[2.17056,42.07992],[2.17857,42.07304],[2.21459,42.09016],[2.27624,42.09797],[2.27959,42.09172],[2.26382,42.0823],[2.29616,42.04856],[2.30801,42.00038],[2.3341,41.99484],[2.34121,42.00423],[2.36914,41.97698],[2.36258,41.97186],[2.35187,41.98282],[2.34201,41.9646],[2.29116,41.96127],[2.36005,41.93365],[2.36403,41.92601],[2.35151,41.91881],[2.33867,41.88946],[2.35727,41.88137],[2.37081,41.88579],[2.38375,41.87181],[2.40826,41.89601],[2.44445,41.8883],[2.48232,41.91631],[2.47189,41.93958],[2.44337,41.94168],[2.44262,41.96016],[2.43024,41.96922],[2.47545,41.96963],[2.47349,41.9756],[2.48916,41.98496],[2.46992,41.99412],[2.47766,42.00158],[2.48408,41.99695],[2.50004,42.00181],[2.50448,42.00997],[2.49518,42.0215],[2.5073,42.03256],[2.48336,42.04954],[2.49743,42.05919],[2.49149,42.06761],[2.47525,42.06394],[2.45575,42.07821],[2.42656,42.06274],[2.41835,42.06515],[2.39614,42.08706],[2.40124,42.10245],[2.38102,42.104],[2.36717,42.12163],[2.32103,42.1162],[2.29607,42.10296],[2.30456,42.11272],[2.3007,42.13448],[2.29273,42.12957],[2.27117,42.1455],[2.25906,42.13901],[2.21627,42.14238],[2.20672,42.13442],[2.214,42.1296],[2.20497,42.13214],[2.20605,42.12617],[2.19402,42.12445],[2.18874,42.13426],[2.14533,42.13153],[2.12708,42.1134],[2.10186,42.12423],[2.10216,42.14047],[2.09348,42.14459],[2.06218,42.13596],[2.02941,42.15254],[2.00515,42.1498],[1.99265,42.18287],[1.96706,42.17907],[1.96637,42.19937],[1.97752,42.19936],[2.00846,42.19435],[1.99919,42.19234],[2.00727,42.18375],[1.99671,42.17258],[2.00599,42.16238],[2.02848,42.16667],[2.03818,42.17927],[2.06167,42.17817],[2.05446,42.21981],[2.03135,42.21615],[2.01787,42.23299],[2.02596,42.23353],[2.03154,42.25723],[2.07106,42.29188],[2.01968,42.31059],[1.98499,42.29835],[1.94986,42.31591],[1.94441,42.30875],[1.94045,42.31675],[1.90429,42.32358],[1.83459,42.30081],[1.80586,42.30223],[1.79845,42.29508],[1.7419,42.29088],[1.7355,42.28428],[1.71676,42.28833],[1.67148,42.28198]],[[2.0087,42.10754],[2.00369,42.12585],[2.02713,42.13116],[2.03095,42.12152],[2.02089,42.1214],[2.01872,42.11052],[2.0087,42.10754]]],[[[1.64605,42.11291],[1.68053,42.10385],[1.69304,42.11057],[1.64605,42.11291]]]]}},{"type":"Feature","properties":{"code":"690802"},"geometry":{"type":"Polygon","coordinates":[[[1.4042,41.7456],[1.42603,41.73308],[1.3831,41.70606],[1.40151,41.7047],[1.39705,41.69639],[1.40537,41.69519],[1.40549,41.68646],[1.42457,41.68442],[1.42013,41.67674],[1.442,41.67008],[1.45079,41.69483],[1.46121,41.69615],[1.52506,41.69384],[1.5711,41.68087],[1.61675,41.69656],[1.62479,41.69146],[1.6243,41.67426],[1.63581,41.66707],[1.63235,41.65443],[1.64314,41.64411],[1.64338,41.65526],[1.66828,41.65349],[1.66767,41.63652],[1.68241,41.62002],[1.70294,41.61905],[1.7303,41.64645],[1.75815,41.64459],[1.77614,41.6552],[1.79168,41.63945],[1.78856,41.6109],[1.81274,41.60562],[1.83287,41.59101],[1.86452,41.59263],[1.86573,41.61844],[1.89079,41.6151],[1.90989,41.63051],[1.94296,41.6247],[1.95831,41.64679],[2.01165,41.65846],[2.01018,41.69145],[2.03387,41.71683],[2.08822,41.70813],[2.11152,41.71753],[2.13411,41.71578],[2.1272,41.72134],[2.13259,41.73174],[2.156,41.73371],[2.17892,41.7613],[2.19035,41.75764],[2.18748,41.78221],[2.22245,41.77838],[2.21876,41.76737],[2.23284,41.75878],[2.25049,41.76425],[2.24741,41.77053],[2.25291,41.76286],[2.26758,41.76635],[2.30437,41.7989],[2.32906,41.78629],[2.33524,41.76414],[2.36656,41.77],[2.3636,41.79014],[2.38383,41.809],[2.35544,41.80741],[2.34603,41.83765],[2.32713,41.85596],[2.33359,41.86351],[2.32495,41.87572],[2.36403,41.92601],[2.36005,41.93365],[2.29116,41.96127],[2.34201,41.9646],[2.35187,41.98282],[2.36258,41.97186],[2.36914,41.97698],[2.34121,42.00423],[2.3341,41.99484],[2.30801,42.00038],[2.29616,42.04856],[2.26382,42.0823],[2.27959,42.09172],[2.27624,42.09797],[2.21459,42.09016],[2.17857,42.07304],[2.17056,42.07992],[2.1501,42.08044],[2.14804,42.09846],[2.11368,42.10036],[2.10506,42.11237],[2.09747,42.1065],[2.06929,42.10983],[2.06554,42.1221],[2.05089,42.12204],[2.05582,42.1082],[2.04686,42.10469],[2.06368,42.09901],[2.05882,42.08776],[2.05421,42.09503],[2.04354,42.09273],[2.04618,42.08118],[2.03566,42.07766],[2.02713,42.09667],[2.00917,42.08527],[2.00814,42.10527],[1.99214,42.10832],[1.97819,42.1285],[1.93538,42.12827],[1.93606,42.11472],[1.88081,42.08645],[1.88891,42.10058],[1.86774,42.11339],[1.88186,42.11774],[1.87081,42.12447],[1.85818,42.11589],[1.82507,42.12207],[1.82138,42.10937],[1.80018,42.10508],[1.81586,42.08926],[1.78023,42.06607],[1.80561,42.05921],[1.79491,42.03289],[1.81539,42.03297],[1.80458,42.00801],[1.78252,42.0061],[1.79294,42.02979],[1.78805,42.03702],[1.76964,42.03357],[1.76792,42.04913],[1.73809,42.02676],[1.73893,42.01521],[1.76133,42.00109],[1.76568,41.98855],[1.75137,41.9745],[1.75028,41.94382],[1.68715,41.93759],[1.6619,41.96223],[1.64387,41.94077],[1.65418,41.92909],[1.63942,41.92749],[1.61709,41.90629],[1.60167,41.90489],[1.58805,41.88886],[1.57754,41.8919],[1.5701,41.88031],[1.58458,41.87366],[1.60291,41.88453],[1.62029,41.88183],[1.63148,41.85908],[1.63263,41.84501],[1.61118,41.83642],[1.61263,41.81807],[1.59017,41.80428],[1.601,41.78933],[1.59477,41.77823],[1.58255,41.77583],[1.57376,41.78249],[1.5319,41.75286],[1.53394,41.76388],[1.51152,41.77155],[1.50601,41.78819],[1.48362,41.79131],[1.48494,41.77195],[1.46949,41.77129],[1.4623,41.77699],[1.47467,41.78283],[1.47226,41.80123],[1.42749,41.80218],[1.41818,41.79493],[1.4042,41.7456]],[[1.70714,41.88968],[1.70989,41.89715],[1.72608,41.89332],[1.71992,41.88269],[1.70714,41.88968]]]}},{"type":"Feature","properties":{"code":"690803"},"geometry":{"type":"Polygon","coordinates":[[[1.38571,41.60295],[1.40781,41.60078],[1.39402,41.5754],[1.42086,41.58291],[1.45566,41.56949],[1.4322,41.55597],[1.43569,41.55052],[1.4479,41.55269],[1.44976,41.53738],[1.4099,41.53524],[1.39752,41.5132],[1.44722,41.49512],[1.45313,41.48667],[1.4751,41.48657],[1.48573,41.47523],[1.48435,41.45814],[1.46965,41.44427],[1.47683,41.4364],[1.49637,41.43592],[1.47626,41.42976],[1.49133,41.40179],[1.47421,41.38107],[1.51046,41.39475],[1.53798,41.38567],[1.55332,41.36842],[1.57913,41.36277],[1.55982,41.34346],[1.57591,41.31547],[1.59614,41.30965],[1.64366,41.31327],[1.6447,41.29706],[1.67191,41.28519],[1.68517,41.28876],[1.69361,41.31075],[1.68271,41.33342],[1.69915,41.33267],[1.70368,41.3245],[1.72257,41.33262],[1.72354,41.34262],[1.73088,41.33749],[1.73919,41.34904],[1.72216,41.356],[1.72754,41.36244],[1.74984,41.3523],[1.75099,41.34192],[1.76438,41.33979],[1.75651,41.32613],[1.77917,41.32952],[1.84176,41.31615],[1.8537,41.32032],[1.87095,41.34296],[1.89905,41.35513],[1.87056,41.38746],[1.8925,41.43047],[1.96614,41.4432],[1.98705,41.44392],[1.99603,41.43613],[2.00081,41.46035],[2.02392,41.45802],[2.03391,41.44202],[2.06252,41.44532],[2.06059,41.43563],[2.0796,41.41535],[2.07231,41.43618],[2.12186,41.4261],[2.1357,41.44778],[2.16536,41.45021],[2.17979,41.46825],[2.21247,41.47143],[2.22601,41.49254],[2.25541,41.49233],[2.28303,41.51423],[2.27062,41.52199],[2.28528,41.54502],[2.31742,41.53353],[2.33639,41.54413],[2.33858,41.56151],[2.42275,41.63082],[2.52769,41.62682],[2.5473,41.65793],[2.5948,41.65925],[2.60994,41.67563],[2.60112,41.68377],[2.61486,41.69256],[2.63418,41.69044],[2.65242,41.72245],[2.6716,41.71475],[2.72594,41.74461],[2.6909,41.74181],[2.68288,41.74856],[2.68226,41.73986],[2.65873,41.74799],[2.62945,41.73116],[2.54845,41.71936],[2.51677,41.74897],[2.51711,41.7622],[2.49099,41.76579],[2.47029,41.77808],[2.47332,41.78989],[2.45689,41.78448],[2.43767,41.80318],[2.40584,41.80197],[2.38383,41.809],[2.3636,41.79014],[2.36656,41.77],[2.34476,41.76322],[2.33524,41.76414],[2.32906,41.78629],[2.30437,41.7989],[2.26758,41.76635],[2.25291,41.76286],[2.24741,41.77053],[2.25049,41.76425],[2.23284,41.75878],[2.21876,41.76737],[2.22245,41.77838],[2.18748,41.78221],[2.19035,41.75764],[2.17892,41.7613],[2.156,41.73371],[2.13259,41.73174],[2.1272,41.72134],[2.13411,41.71578],[2.11152,41.71753],[2.08822,41.70813],[2.03387,41.71683],[2.01018,41.69145],[2.01165,41.65846],[1.95831,41.64679],[1.94296,41.6247],[1.90989,41.63051],[1.89079,41.6151],[1.86573,41.61844],[1.86452,41.59263],[1.83287,41.59101],[1.81274,41.60562],[1.78856,41.6109],[1.79168,41.63945],[1.77614,41.6552],[1.75815,41.64459],[1.7303,41.64645],[1.70294,41.61905],[1.68241,41.62002],[1.66767,41.63652],[1.66828,41.65349],[1.64338,41.65526],[1.64314,41.64411],[1.63235,41.65443],[1.63581,41.66707],[1.6243,41.67426],[1.62479,41.69146],[1.61675,41.69656],[1.5711,41.68087],[1.52506,41.69384],[1.45079,41.69483],[1.442,41.67008],[1.41622,41.67488],[1.43429,41.65163],[1.45132,41.64687],[1.44949,41.6364],[1.43147,41.63011],[1.39285,41.63439],[1.3608,41.61384],[1.38571,41.60295]]]}},{"type":"Feature","properties":{"code":"690804"},"geometry":{"type":"Polygon","coordinates":[[[1.59471,41.23426],[1.62256,41.22353],[1.64214,41.23568],[1.65431,41.20773],[1.64239,41.21206],[1.64638,41.19595],[1.67413,41.19847],[1.71866,41.21266],[1.73221,41.21035],[1.73176,41.21587],[1.73848,41.21151],[1.73086,41.20607],[1.74237,41.21773],[1.78961,41.22403],[1.81636,41.23635],[1.86692,41.2369],[1.92287,41.26034],[2.02142,41.26628],[2.10827,41.28715],[2.14047,41.30706],[2.16624,41.34174],[2.14967,41.33221],[2.15203,41.34684],[2.17648,41.35899],[2.18347,41.38003],[2.18769,41.36721],[2.17511,41.34364],[2.20312,41.39315],[2.27144,41.46112],[2.36956,41.49046],[2.46205,41.54267],[2.55401,41.57869],[2.56181,41.57536],[2.77951,41.64912],[2.759,41.67943],[2.77543,41.70054],[2.76697,41.72599],[2.77799,41.73579],[2.74588,41.73528],[2.72594,41.74461],[2.6716,41.71475],[2.65242,41.72245],[2.63418,41.69044],[2.61486,41.69256],[2.60112,41.68377],[2.60994,41.67563],[2.5948,41.65925],[2.5473,41.65793],[2.53721,41.63388],[2.52439,41.62577],[2.42275,41.63082],[2.33858,41.56151],[2.33639,41.54413],[2.31742,41.53353],[2.28528,41.54502],[2.27062,41.52199],[2.28303,41.51423],[2.25541,41.49233],[2.22601,41.49254],[2.21247,41.47143],[2.17979,41.46825],[2.16536,41.45021],[2.1357,41.44778],[2.12186,41.4261],[2.07231,41.43618],[2.0796,41.41535],[2.06059,41.43563],[2.06252,41.44532],[2.03391,41.44202],[2.02392,41.45802],[2.00081,41.46035],[1.99603,41.43613],[1.98705,41.44392],[1.96614,41.4432],[1.8925,41.43047],[1.87056,41.38746],[1.89905,41.35513],[1.87095,41.34296],[1.8537,41.32032],[1.84176,41.31615],[1.77917,41.32952],[1.75651,41.32613],[1.76438,41.33979],[1.75099,41.34192],[1.74984,41.3523],[1.72754,41.36244],[1.72216,41.356],[1.73919,41.34904],[1.73088,41.33749],[1.72354,41.34262],[1.72257,41.33262],[1.70368,41.3245],[1.69915,41.33267],[1.68271,41.33342],[1.69361,41.31075],[1.68517,41.28876],[1.67191,41.28519],[1.64652,41.29562],[1.64332,41.31236],[1.59614,41.30965],[1.58931,41.2943],[1.60392,41.28705],[1.63795,41.29627],[1.62894,41.29497],[1.63034,41.28309],[1.62117,41.27738],[1.62862,41.26984],[1.62315,41.25525],[1.60713,41.25071],[1.59546,41.25928],[1.57132,41.26105],[1.5828,41.23749],[1.59471,41.23426]]]}},{"type":"Feature","properties":{"code":"690804C"},"geometry":{"type":"Polygon","coordinates":[[[1.80504,40.96823],[1.86611,40.8862],[2.23161,40.96759],[2.32227,40.99623],[2.40236,41.03936],[2.4679,41.09483],[2.56891,41.20209],[3.09169,41.40194],[2.77951,41.64912],[2.56181,41.57536],[2.55651,41.57957],[2.46205,41.54267],[2.36956,41.49046],[2.27144,41.46112],[2.20312,41.39315],[2.17511,41.34364],[2.18769,41.36721],[2.18347,41.38003],[2.17648,41.35899],[2.15203,41.34684],[2.14967,41.33221],[2.16624,41.34174],[2.14047,41.30706],[2.10827,41.28715],[2.02142,41.26628],[1.92287,41.26034],[1.86692,41.2369],[1.81636,41.23635],[1.78961,41.22403],[1.74237,41.21773],[1.73086,41.20607],[1.73848,41.21151],[1.73176,41.21587],[1.73022,41.20989],[1.71866,41.21266],[1.64638,41.19595],[1.80504,40.96823]]]}},{"type":"Feature","properties":{"code":"691701"},"geometry":{"type":"MultiPolygon","coordinates":[[[[1.73123,42.47774],[1.7331,42.44065],[1.77061,42.42832],[1.7958,42.43114],[1.80823,42.41889],[1.80122,42.37827],[1.80762,42.37019],[1.83116,42.38168],[1.85623,42.36992],[1.84647,42.35536],[1.83587,42.35546],[1.84346,42.30749],[1.90429,42.32358],[1.94045,42.31675],[1.94441,42.30875],[1.94986,42.31591],[1.98499,42.29835],[2.01968,42.31059],[2.07106,42.29188],[2.03154,42.25723],[2.02596,42.23353],[2.01787,42.23299],[2.03135,42.21615],[2.05446,42.21981],[2.06167,42.17817],[2.03818,42.17927],[2.02848,42.16667],[2.00599,42.16238],[1.99671,42.17258],[2.00727,42.18375],[1.99919,42.19234],[2.00846,42.19435],[1.96637,42.19937],[1.96706,42.17907],[1.99265,42.18287],[2.00515,42.1498],[2.02941,42.15254],[2.06218,42.13596],[2.09348,42.14459],[2.10216,42.14047],[2.10186,42.12423],[2.12708,42.1134],[2.14533,42.13153],[2.18874,42.13426],[2.19402,42.12445],[2.20605,42.12617],[2.20497,42.13214],[2.214,42.1296],[2.20672,42.13442],[2.21627,42.14238],[2.25906,42.13901],[2.27117,42.1455],[2.29273,42.12957],[2.3007,42.13448],[2.30456,42.11272],[2.29607,42.10296],[2.32103,42.1162],[2.36717,42.12163],[2.38102,42.104],[2.40124,42.10245],[2.39614,42.08706],[2.42656,42.06274],[2.45078,42.07769],[2.46784,42.07403],[2.47875,42.08051],[2.47412,42.10637],[2.49382,42.12115],[2.48586,42.13655],[2.47061,42.12941],[2.45486,42.13427],[2.46284,42.15599],[2.44752,42.1983],[2.49133,42.19903],[2.48356,42.21934],[2.49867,42.23176],[2.5179,42.22776],[2.53984,42.23284],[2.55044,42.22892],[2.5643,42.2018],[2.58825,42.20444],[2.57975,42.22024],[2.5857,42.22726],[2.59423,42.23055],[2.60453,42.22145],[2.61229,42.22966],[2.58119,42.26487],[2.59289,42.2695],[2.58993,42.28544],[2.60416,42.29252],[2.65919,42.29631],[2.67144,42.25879],[2.69203,42.26269],[2.67811,42.27079],[2.69791,42.27454],[2.71121,42.26691],[2.70357,42.24972],[2.72333,42.24613],[2.73509,42.26645],[2.71443,42.2955],[2.73838,42.29998],[2.73698,42.31934],[2.71364,42.31808],[2.70745,42.32596],[2.73365,42.33083],[2.77991,42.35343],[2.77836,42.36484],[2.79696,42.37132],[2.79133,42.39978],[2.82208,42.39467],[2.83346,42.37874],[2.89493,42.38422],[2.91869,42.39933],[2.90566,42.4199],[2.90537,42.443],[2.92116,42.45083],[2.94781,42.42944],[2.97184,42.43576],[2.98899,42.45008],[2.98158,42.46797],[2.96828,42.46591],[2.94819,42.48268],[2.91954,42.45648],[2.87142,42.46784],[2.86255,42.45555],[2.84049,42.45949],[2.82864,42.43949],[2.81888,42.44015],[2.80045,42.41852],[2.77231,42.4124],[2.75519,42.42633],[2.73506,42.425],[2.67308,42.40393],[2.67236,42.3871],[2.65307,42.38734],[2.67637,42.35742],[2.67278,42.34102],[2.6135,42.34623],[2.57232,42.35884],[2.5557,42.35492],[2.54317,42.33419],[2.52725,42.3337],[2.50134,42.34353],[2.48435,42.34015],[2.46733,42.36116],[2.43663,42.37558],[2.43452,42.39359],[2.36198,42.40311],[2.31338,42.42891],[2.29237,42.42317],[2.25751,42.43907],[2.24695,42.42886],[2.2149,42.4244],[2.20794,42.41746],[2.16872,42.42531],[2.12988,42.41411],[2.11754,42.38362],[2.09023,42.37458],[2.08511,42.36242],[2.02352,42.35597],[2.01635,42.34766],[1.96552,42.38281],[1.95974,42.4237],[1.94211,42.43097],[1.93777,42.45475],[1.92183,42.44734],[1.89197,42.44833],[1.88126,42.46049],[1.86052,42.46325],[1.84002,42.47927],[1.80607,42.49048],[1.79368,42.48559],[1.74918,42.49554],[1.7321,42.49271],[1.72545,42.48723],[1.73123,42.47774]]],[[[2.4953,42.2056],[2.50167,42.19651],[2.51181,42.20066],[2.50678,42.2084],[2.4953,42.2056]]],[[[2.0087,42.10754],[2.01872,42.11052],[2.02089,42.1214],[2.03095,42.12152],[2.02713,42.13116],[2.00369,42.12585],[2.0087,42.10754]]],[[[1.98498,42.44716],[2.01582,42.45359],[1.99299,42.46284],[1.98694,42.47534],[1.99824,42.48837],[1.97943,42.49479],[1.963,42.47806],[1.95791,42.45796],[1.98498,42.44716]]]]}},{"type":"Feature","properties":{"code":"691702"},"geometry":{"type":"Polygon","coordinates":[[[2.38383,41.809],[2.40584,41.80197],[2.43767,41.80318],[2.45689,41.78448],[2.47332,41.78989],[2.47029,41.77808],[2.49099,41.76579],[2.51711,41.7622],[2.51677,41.74897],[2.54845,41.71936],[2.62945,41.73116],[2.65873,41.74799],[2.68226,41.73986],[2.68288,41.74856],[2.6909,41.74181],[2.72594,41.74461],[2.74588,41.73528],[2.77799,41.73579],[2.84999,41.76247],[2.87095,41.74617],[2.88736,41.75655],[2.855,41.79242],[2.85454,41.80109],[2.87343,41.81488],[2.85293,41.81051],[2.8508,41.81973],[2.86321,41.84893],[2.87599,41.84927],[2.88841,41.86067],[2.9443,41.86531],[2.95651,41.88477],[2.88712,41.90968],[2.90324,41.91935],[2.89902,41.93321],[2.91307,41.93535],[2.91458,41.93027],[2.94766,41.93973],[2.94945,41.96239],[2.93293,41.97073],[2.92237,41.96626],[2.90598,41.97178],[2.89736,41.98784],[2.90129,42.03214],[2.88834,42.04723],[2.89259,42.05307],[2.88302,42.05511],[2.88546,42.07109],[2.87491,42.06636],[2.85804,42.07871],[2.85639,42.09228],[2.84368,42.09735],[2.84639,42.13653],[2.82497,42.15105],[2.81375,42.14481],[2.79891,42.14957],[2.8104,42.16923],[2.81549,42.1632],[2.84711,42.1634],[2.86216,42.19668],[2.84647,42.20391],[2.83586,42.20107],[2.84515,42.21846],[2.835,42.23737],[2.80683,42.23341],[2.7792,42.27016],[2.80414,42.2761],[2.78096,42.29913],[2.8066,42.31273],[2.82802,42.3415],[2.85385,42.34795],[2.87051,42.33983],[2.89565,42.34911],[2.90159,42.36135],[2.87273,42.36672],[2.86661,42.36125],[2.85072,42.37943],[2.83346,42.37874],[2.82208,42.39467],[2.79846,42.40271],[2.79133,42.39978],[2.79696,42.37132],[2.77836,42.36484],[2.77991,42.35343],[2.73365,42.33083],[2.70745,42.32596],[2.71364,42.31808],[2.73698,42.31934],[2.73838,42.29998],[2.71443,42.2955],[2.73509,42.26645],[2.72333,42.24613],[2.70357,42.24972],[2.71121,42.26691],[2.69791,42.27454],[2.67811,42.27079],[2.69203,42.26269],[2.67144,42.25879],[2.65919,42.29631],[2.60416,42.29252],[2.58993,42.28544],[2.59289,42.2695],[2.58119,42.26487],[2.61229,42.22966],[2.60453,42.22145],[2.59423,42.23055],[2.5857,42.22726],[2.57975,42.22024],[2.58825,42.20444],[2.5643,42.2018],[2.55044,42.22892],[2.53984,42.23284],[2.5179,42.22776],[2.49867,42.23176],[2.48356,42.21934],[2.49133,42.19903],[2.44752,42.1983],[2.46284,42.15599],[2.45486,42.13427],[2.47061,42.12941],[2.48586,42.13655],[2.49328,42.1264],[2.47412,42.10637],[2.48199,42.0851],[2.46784,42.07403],[2.47304,42.06478],[2.48222,42.06921],[2.49654,42.0608],[2.48336,42.04954],[2.5073,42.03256],[2.49518,42.0215],[2.50448,42.00997],[2.50004,42.00181],[2.48408,41.99695],[2.47766,42.00158],[2.46992,41.99412],[2.48916,41.98496],[2.47349,41.9756],[2.47545,41.96963],[2.43024,41.96922],[2.44262,41.96016],[2.44337,41.94168],[2.46035,41.9447],[2.48107,41.93039],[2.48232,41.91631],[2.46979,41.90494],[2.44445,41.8883],[2.40826,41.89601],[2.38375,41.87181],[2.37081,41.88579],[2.35727,41.88137],[2.33867,41.88946],[2.32913,41.88334],[2.32713,41.85596],[2.34603,41.83765],[2.34523,41.82113],[2.35544,41.80741],[2.38383,41.809]],[[2.50408,42.19582],[2.4953,42.2056],[2.50678,42.2084],[2.51181,42.20066],[2.50408,42.19582]]]}},{"type":"Feature","properties":{"code":"691703"},"geometry":{"type":"MultiPolygon","coordinates":[[[[2.78576,42.30357],[2.78096,42.29913],[2.80414,42.2761],[2.7792,42.27016],[2.79557,42.24321],[2.80683,42.23341],[2.835,42.23737],[2.84515,42.21846],[2.83586,42.20107],[2.84647,42.20391],[2.86216,42.19668],[2.84711,42.1634],[2.81549,42.1632],[2.8104,42.16923],[2.79891,42.14957],[2.81375,42.14481],[2.82497,42.15105],[2.84639,42.13653],[2.84368,42.09735],[2.85639,42.09228],[2.85804,42.07871],[2.87491,42.06636],[2.88546,42.07109],[2.88302,42.05511],[2.89259,42.05307],[2.88834,42.04723],[2.90129,42.03214],[2.89736,41.98784],[2.90598,41.97178],[2.92237,41.96626],[2.93293,41.97073],[2.94945,41.96239],[2.94766,41.93973],[2.91458,41.93027],[2.91307,41.93535],[2.89902,41.93321],[2.90324,41.91935],[2.88712,41.90968],[2.89664,41.90159],[2.94096,41.89479],[2.95651,41.88477],[2.9871,41.88514],[3.02407,41.86937],[3.0262,41.85446],[3.06331,41.84396],[3.08207,41.82483],[3.11548,41.84931],[3.12874,41.84601],[3.12229,41.84139],[3.13317,41.84217],[3.15265,41.86236],[3.1789,41.86805],[3.18462,41.88835],[3.20413,41.89201],[3.2084,41.91752],[3.22137,41.92249],[3.21553,41.93656],[3.2343,41.95017],[3.23528,41.96268],[3.22301,41.97459],[3.21213,41.9728],[3.19791,42.00866],[3.19912,42.04864],[3.21361,42.05421],[3.21315,42.069],[3.18279,42.10568],[3.17294,42.10348],[3.17792,42.11192],[3.15353,42.11997],[3.13877,42.11597],[3.13787,42.12684],[3.12522,42.12833],[3.12087,42.13755],[3.11319,42.17284],[3.11832,42.22284],[3.13969,42.25102],[3.16275,42.26425],[3.18233,42.25761],[3.18321,42.24571],[3.1976,42.24741],[3.22009,42.23262],[3.2306,42.25182],[3.2657,42.23797],[3.25557,42.25349],[3.28243,42.25416],[3.28874,42.26546],[3.27726,42.28754],[3.30021,42.28528],[3.28799,42.29257],[3.29203,42.3075],[3.30083,42.30438],[3.32329,42.31969],[3.29538,42.33006],[3.28675,42.32573],[3.26881,42.34073],[3.2512,42.33016],[3.2305,42.35175],[3.20478,42.34755],[3.19909,42.3351],[3.18676,42.34392],[3.18926,42.35222],[3.16404,42.36081],[3.16728,42.37126],[3.15618,42.37905],[3.16811,42.38971],[3.15398,42.39431],[3.16762,42.40157],[3.15677,42.4064],[3.17195,42.416],[3.17127,42.42557],[3.16181,42.42842],[3.1758,42.43568],[3.12203,42.4387],[3.10375,42.4268],[3.08697,42.42608],[3.04829,42.45737],[3.04205,42.47287],[3.01435,42.46664],[2.98971,42.47424],[2.98158,42.46797],[2.98899,42.45008],[2.97184,42.43576],[2.94781,42.42944],[2.92116,42.45083],[2.90537,42.443],[2.90566,42.4199],[2.91869,42.39933],[2.90527,42.38954],[2.85072,42.37943],[2.86661,42.36125],[2.87273,42.36672],[2.90159,42.36135],[2.89565,42.34911],[2.87051,42.33983],[2.85385,42.34795],[2.82802,42.3415],[2.8066,42.31273],[2.78576,42.30357]]],[[[3.297,42.29045],[3.297,42.29045],[3.297,42.29045],[3.297,42.29045],[3.297,42.29045],[3.297,42.29045],[3.297,42.29045],[3.297,42.29045],[3.297,42.29045],[3.297,42.29045],[3.297,42.29045],[3.297,42.29045],[3.297,42.29045],[3.297,42.29045],[3.297,42.29045],[3.297,42.29045],[3.29757,42.29368],[3.29586,42.29447],[3.29433,42.29248],[3.297,42.29045]]],[[[3.22595,42.04304],[3.22595,42.04304],[3.22595,42.04304],[3.22595,42.04304],[3.22595,42.04304],[3.22595,42.04304],[3.22595,42.04304],[3.22595,42.04304],[3.22595,42.04304],[3.22595,42.04304],[3.22595,42.04304],[3.22595,42.04304],[3.22595,42.04304],[3.22595,42.04304],[3.22595,42.04304],[3.22595,42.04304],[3.22772,42.04465],[3.2252,42.04429],[3.22595,42.04304]]],[[[3.22435,42.04514],[3.22778,42.04776],[3.2255,42.05047],[3.22011,42.04843],[3.22435,42.04514]]]]}},{"type":"Feature","properties":{"code":"691703C"},"geometry":{"type":"Polygon","coordinates":[[[3.08207,41.82483],[3.46185,41.612],[3.52457,41.66057],[3.57532,41.72241],[3.66647,41.88015],[3.6798,41.94253],[3.6684,42.09345],[3.75162,42.22329],[3.76867,42.28533],[3.76959,42.34865],[3.7543,42.41095],[3.71216,42.44018],[3.17578,42.43568],[3.16181,42.42842],[3.17127,42.42557],[3.17195,42.416],[3.15677,42.4064],[3.16762,42.40157],[3.15456,42.39168],[3.16811,42.38971],[3.15618,42.37905],[3.16728,42.37126],[3.16404,42.36081],[3.18926,42.35222],[3.18676,42.34392],[3.19909,42.3351],[3.20478,42.34755],[3.2305,42.35175],[3.2512,42.33016],[3.26881,42.34073],[3.28675,42.32573],[3.29538,42.33006],[3.32329,42.31969],[3.30083,42.30438],[3.29203,42.3075],[3.28799,42.29257],[3.30021,42.28528],[3.27726,42.28754],[3.28874,42.26546],[3.28243,42.25416],[3.25557,42.25349],[3.2657,42.23797],[3.2306,42.25182],[3.22009,42.23262],[3.1976,42.24741],[3.18321,42.24571],[3.18233,42.25761],[3.16275,42.26425],[3.13969,42.25102],[3.11832,42.22284],[3.11319,42.17284],[3.12087,42.13755],[3.12522,42.12833],[3.13787,42.12684],[3.13877,42.11597],[3.15353,42.11997],[3.17792,42.11192],[3.17294,42.10348],[3.18279,42.10568],[3.21315,42.069],[3.21361,42.05421],[3.19912,42.04864],[3.19791,42.00866],[3.21213,41.9728],[3.23245,41.96977],[3.2343,41.95017],[3.21553,41.93656],[3.22137,41.92249],[3.2084,41.91752],[3.20413,41.89201],[3.18462,41.88835],[3.1789,41.86805],[3.15265,41.86236],[3.13317,41.84217],[3.12229,41.84139],[3.12874,41.84601],[3.11548,41.84931],[3.09801,41.84268],[3.08207,41.82483]],[[3.297,42.29045],[3.297,42.29045],[3.297,42.29045],[3.297,42.29045],[3.297,42.29045],[3.297,42.29045],[3.297,42.29045],[3.297,42.29045],[3.297,42.29045],[3.297,42.29045],[3.297,42.29045],[3.297,42.29045],[3.297,42.29045],[3.297,42.29045],[3.297,42.29045],[3.297,42.29045],[3.297,42.29045],[3.29433,42.29248],[3.29586,42.29447],[3.29586,42.29447],[3.29586,42.29447],[3.29757,42.29368],[3.297,42.29045]],[[3.22595,42.04304],[3.22595,42.04304],[3.22595,42.04304],[3.22595,42.04304],[3.22595,42.04304],[3.22595,42.04304],[3.22595,42.04304],[3.22595,42.04304],[3.22595,42.04304],[3.22595,42.04304],[3.22595,42.04304],[3.22595,42.04304],[3.22595,42.04304],[3.22595,42.04304],[3.22595,42.04304],[3.22595,42.04304],[3.22595,42.04304],[3.2252,42.04429],[3.22772,42.04465],[3.22772,42.04465],[3.22772,42.04465],[3.22595,42.04304]],[[3.2255,42.05047],[3.22778,42.04776],[3.22435,42.04514],[3.22435,42.04514],[3.22435,42.04514],[3.22011,42.04843],[3.2255,42.05047],[3.2255,42.05047],[3.2255,42.05047]]]}},{"type":"Feature","properties":{"code":"691704"},"geometry":{"type":"Polygon","coordinates":[[[2.7664,41.66644],[2.77951,41.64912],[2.79412,41.67391],[2.80346,41.6731],[2.82547,41.69079],[2.93617,41.71552],[2.97732,41.75729],[3.01234,41.77247],[3.03341,41.7719],[3.03055,41.77985],[3.05796,41.78721],[3.08207,41.82483],[3.0763,41.83601],[3.0344,41.84865],[3.02407,41.86937],[2.9871,41.88514],[2.95651,41.88477],[2.9443,41.86531],[2.88841,41.86067],[2.87599,41.84927],[2.86321,41.84893],[2.85293,41.81051],[2.87343,41.81488],[2.87355,41.80923],[2.85454,41.80109],[2.855,41.79242],[2.88736,41.75655],[2.87095,41.74617],[2.84999,41.76247],[2.77799,41.73579],[2.76697,41.72599],[2.77543,41.70054],[2.759,41.67943],[2.7664,41.66644]]]}},{"type":"Feature","properties":{"code":"691704C"},"geometry":{"type":"Polygon","coordinates":[[[3.08207,41.82483],[3.05796,41.78721],[3.03055,41.77985],[3.03341,41.7719],[3.01234,41.77247],[2.97732,41.75729],[2.93617,41.71552],[2.82547,41.69079],[2.80346,41.6731],[2.79412,41.67391],[2.77951,41.64912],[3.09169,41.40194],[3.22043,41.46045],[3.46185,41.612],[3.08207,41.82483]]]}},{"type":"Feature","properties":{"code":"692501"},"geometry":{"type":"Polygon","coordinates":[[[0.66868,42.82628],[0.67136,42.80222],[0.64607,42.78338],[0.6695,42.77506],[0.64053,42.75508],[0.66454,42.75002],[0.68137,42.72354],[0.67377,42.7203],[0.68318,42.70936],[0.67749,42.69132],[0.66128,42.69126],[0.69687,42.65878],[0.69961,42.63015],[0.70974,42.62095],[0.76905,42.6101],[0.8138,42.61944],[0.8269,42.60595],[0.87889,42.63276],[0.89696,42.62576],[0.89241,42.61267],[0.91327,42.60696],[0.91989,42.5933],[0.94462,42.58943],[0.95445,42.5949],[0.97025,42.61026],[0.96001,42.62526],[0.97382,42.6458],[0.97048,42.65944],[0.98419,42.66359],[0.97836,42.67549],[0.98765,42.68427],[0.97679,42.69291],[1.00652,42.71295],[1.02879,42.70995],[1.02725,42.76741],[1.03799,42.78617],[0.98567,42.78641],[0.96197,42.80552],[0.92763,42.78986],[0.85664,42.82715],[0.80183,42.84093],[0.78,42.83633],[0.73665,42.84907],[0.72398,42.86051],[0.67946,42.85537],[0.65974,42.83706],[0.66868,42.82628]]]}},{"type":"Feature","properties":{"code":"692502"},"geometry":{"type":"Polygon","coordinates":[[[0.68044,42.07633],[0.69385,42.05964],[0.74423,42.05286],[0.7614,42.04102],[0.8595,42.03551],[0.88705,42.0426],[0.92331,42.02214],[1.01146,42.02187],[1.02294,42.03428],[1.06916,42.03674],[1.07611,42.00665],[1.09301,42.03071],[1.07963,42.05019],[1.09567,42.05833],[1.13931,42.11791],[1.15422,42.11635],[1.15927,42.123],[1.16967,42.11959],[1.16606,42.0774],[1.21286,42.0918],[1.23945,42.10554],[1.24371,42.11681],[1.3172,42.13007],[1.34822,42.15136],[1.3667,42.138],[1.36289,42.13003],[1.32795,42.11526],[1.32479,42.09521],[1.33575,42.07785],[1.35156,42.07374],[1.37571,42.08105],[1.38884,42.10739],[1.40651,42.11208],[1.42877,42.10597],[1.43915,42.08826],[1.44671,42.09429],[1.47039,42.08545],[1.4798,42.09738],[1.50886,42.09576],[1.5241,42.10907],[1.53425,42.09821],[1.54114,42.10014],[1.55412,42.11885],[1.57597,42.12528],[1.58557,42.11264],[1.57845,42.1261],[1.61308,42.12039],[1.61136,42.1142],[1.62372,42.10955],[1.68432,42.11472],[1.70304,42.10339],[1.71285,42.11978],[1.69973,42.13601],[1.71473,42.15432],[1.73549,42.15965],[1.73887,42.18974],[1.72269,42.19649],[1.70858,42.19032],[1.68159,42.20662],[1.68219,42.22461],[1.70538,42.23649],[1.68576,42.25675],[1.69623,42.26412],[1.69132,42.27739],[1.67148,42.28198],[1.71676,42.28833],[1.7355,42.28428],[1.7419,42.29088],[1.79845,42.29508],[1.80586,42.30223],[1.83459,42.30081],[1.84346,42.30749],[1.83587,42.35546],[1.84647,42.35536],[1.85623,42.36992],[1.83116,42.38168],[1.80762,42.37019],[1.80122,42.37827],[1.81219,42.41141],[1.80272,42.42519],[1.7331,42.44065],[1.72744,42.50517],[1.70479,42.49007],[1.68066,42.49495],[1.67151,42.50443],[1.65821,42.46872],[1.63248,42.4633],[1.59879,42.46789],[1.58201,42.45026],[1.56173,42.45886],[1.55381,42.43374],[1.51693,42.4291],[1.45123,42.43827],[1.44221,42.47576],[1.42033,42.48455],[1.42698,42.49378],[1.44452,42.49549],[1.47038,42.51105],[1.44803,42.54153],[1.41488,42.53595],[1.42735,42.55898],[1.44589,42.56707],[1.4284,42.58366],[1.44529,42.59308],[1.42199,42.6254],[1.41551,42.65543],[1.38828,42.66908],[1.38978,42.68828],[1.35553,42.70053],[1.35911,42.72093],[1.33481,42.726],[1.25342,42.71492],[1.22997,42.72877],[1.17189,42.70845],[1.13442,42.72852],[1.13295,42.75032],[1.10982,42.77139],[1.07937,42.78817],[1.04527,42.78102],[1.03799,42.78617],[1.02725,42.76741],[1.02879,42.70995],[1.00652,42.71295],[0.97679,42.69291],[0.98765,42.68427],[0.96001,42.62526],[0.96753,42.60414],[0.95483,42.60203],[0.94462,42.58943],[0.91989,42.5933],[0.91327,42.60696],[0.89241,42.61267],[0.89696,42.62576],[0.87889,42.63276],[0.8269,42.60595],[0.8138,42.61944],[0.77361,42.61296],[0.74216,42.54425],[0.7516,42.53508],[0.7366,42.5405],[0.72229,42.5248],[0.72148,42.51337],[0.74088,42.50543],[0.71452,42.48754],[0.70171,42.4962],[0.69918,42.48667],[0.69169,42.48791],[0.70973,42.45971],[0.71135,42.43667],[0.73557,42.41718],[0.72715,42.40552],[0.7473,42.38506],[0.72448,42.36592],[0.77251,42.35093],[0.74156,42.33716],[0.74488,42.32661],[0.76583,42.32277],[0.74603,42.30146],[0.73525,42.25003],[0.70382,42.19033],[0.69979,42.17297],[0.71517,42.16372],[0.69704,42.15229],[0.70364,42.12023],[0.68044,42.07633]]]}},{"type":"Feature","properties":{"code":"692503"},"geometry":{"type":"MultiPolygon","coordinates":[[[[1.70714,41.88968],[1.71992,41.88269],[1.72608,41.89332],[1.70989,41.89715],[1.70714,41.88968]]],[[[0.32745,41.66251],[0.35919,41.63203],[0.34702,41.62217],[0.35082,41.59977],[0.40322,41.59303],[0.42969,41.60269],[0.43706,41.58523],[0.43153,41.56555],[0.44812,41.54255],[0.39589,41.49015],[0.34322,41.48431],[0.34587,41.46257],[0.35654,41.45299],[0.34304,41.41413],[0.32119,41.39518],[0.36116,41.37083],[0.37493,41.35072],[0.34972,41.33009],[0.36951,41.31895],[0.36684,41.30429],[0.38686,41.27916],[0.43435,41.27636],[0.43564,41.32053],[0.46246,41.33522],[0.48108,41.32376],[0.50447,41.29005],[0.527,41.29077],[0.55562,41.32698],[0.58197,41.32038],[0.598,41.29386],[0.62926,41.29129],[0.67081,41.3099],[0.75271,41.31815],[0.76289,41.33433],[0.82135,41.32992],[0.83332,41.3591],[0.84596,41.3623],[0.86448,41.3384],[0.96548,41.35579],[0.96345,41.36839],[0.98284,41.39247],[0.99286,41.38891],[1.00473,41.4052],[1.02816,41.41009],[1.04763,41.4407],[1.07631,41.46022],[1.03854,41.48031],[1.04884,41.48779],[1.04094,41.50142],[1.10669,41.47442],[1.10933,41.46713],[1.18213,41.48842],[1.16581,41.50902],[1.1745,41.53161],[1.16584,41.53476],[1.17744,41.53407],[1.1691,41.54078],[1.21194,41.54891],[1.22104,41.56989],[1.27393,41.57247],[1.29534,41.56697],[1.30581,41.572],[1.40462,41.55847],[1.39386,41.58009],[1.40822,41.59085],[1.40781,41.60078],[1.3608,41.61384],[1.39285,41.63439],[1.43147,41.63011],[1.44949,41.6364],[1.45132,41.64687],[1.43429,41.65163],[1.41622,41.67488],[1.42457,41.68442],[1.40549,41.68646],[1.40537,41.69519],[1.39705,41.69639],[1.40151,41.7047],[1.3831,41.70606],[1.42603,41.73308],[1.4042,41.7456],[1.41818,41.79493],[1.42749,41.80218],[1.47226,41.80123],[1.47467,41.78283],[1.4623,41.77699],[1.48494,41.77195],[1.48362,41.79131],[1.50601,41.78819],[1.51152,41.77155],[1.53394,41.76388],[1.5319,41.75286],[1.57376,41.78249],[1.58255,41.77583],[1.59477,41.77823],[1.601,41.78933],[1.59017,41.80428],[1.61263,41.81807],[1.61118,41.83642],[1.63263,41.84501],[1.63148,41.85908],[1.62029,41.88183],[1.60291,41.88453],[1.58458,41.87366],[1.5701,41.88031],[1.57754,41.8919],[1.58805,41.88886],[1.60167,41.90489],[1.61709,41.90629],[1.63942,41.92749],[1.65418,41.92909],[1.64387,41.94077],[1.65159,41.9451],[1.65124,41.97996],[1.67646,41.98283],[1.67063,41.9702],[1.68392,41.96768],[1.7204,41.98476],[1.71916,41.99979],[1.69891,42.01498],[1.692,42.00624],[1.69861,41.98548],[1.6859,41.9952],[1.66317,41.99138],[1.65903,42.00532],[1.65614,41.99354],[1.64903,42.00045],[1.65703,42.02121],[1.66587,42.0226],[1.66714,42.0038],[1.67361,42.01833],[1.6991,42.0277],[1.69365,42.04642],[1.68379,42.05018],[1.67499,42.03962],[1.67551,42.05947],[1.69247,42.08739],[1.71776,42.08494],[1.72365,42.10009],[1.64605,42.11291],[1.62372,42.10955],[1.61136,42.1142],[1.61308,42.12039],[1.57845,42.1261],[1.58557,42.11264],[1.57597,42.12528],[1.55412,42.11885],[1.54114,42.10014],[1.53425,42.09821],[1.5241,42.10907],[1.50886,42.09576],[1.4798,42.09738],[1.47039,42.08545],[1.44671,42.09429],[1.43915,42.08826],[1.42877,42.10597],[1.40651,42.11208],[1.38884,42.10739],[1.37571,42.08105],[1.35156,42.07374],[1.33575,42.07785],[1.32479,42.09521],[1.32795,42.11526],[1.36289,42.13003],[1.3667,42.138],[1.34822,42.15136],[1.3172,42.13007],[1.24371,42.11681],[1.23945,42.10554],[1.21286,42.0918],[1.16606,42.0774],[1.16804,42.12322],[1.15422,42.11635],[1.14169,42.11969],[1.09567,42.05833],[1.07963,42.05019],[1.09301,42.03071],[1.07611,42.00665],[1.06916,42.03674],[1.02294,42.03428],[1.01146,42.02187],[0.92331,42.02214],[0.88705,42.0426],[0.8595,42.03551],[0.7614,42.04102],[0.74423,42.05286],[0.69385,42.05964],[0.68044,42.07633],[0.67002,42.06145],[0.67233,42.04733],[0.65795,42.04067],[0.65291,42.02655],[0.66509,42.01483],[0.64313,41.98237],[0.63974,41.9949],[0.62497,41.99206],[0.60556,41.96095],[0.58813,41.96707],[0.56308,41.93852],[0.56364,41.93299],[0.60795,41.9191],[0.59586,41.9177],[0.60218,41.90884],[0.59398,41.88472],[0.60942,41.87856],[0.60836,41.8721],[0.58125,41.86375],[0.58125,41.85121],[0.55859,41.85453],[0.54359,41.82068],[0.51666,41.82266],[0.48443,41.80177],[0.47086,41.76593],[0.39988,41.75812],[0.39664,41.73229],[0.38595,41.74062],[0.37042,41.72497],[0.36986,41.7145],[0.32822,41.67848],[0.32745,41.66251]]]]}},{"type":"Feature","properties":{"code":"694301"},"geometry":{"type":"Polygon","coordinates":[[[0.21942,41.07557],[0.22,41.06174],[0.23163,41.05495],[0.21871,41.04456],[0.23431,41.04744],[0.23543,41.03491],[0.24732,41.04157],[0.28109,41.02012],[0.25984,41.01496],[0.27596,41.00664],[0.26956,40.99914],[0.28229,40.98749],[0.28228,40.97524],[0.2947,40.97089],[0.27257,40.94456],[0.27547,40.93696],[0.25504,40.91998],[0.25122,40.89631],[0.24011,40.88504],[0.2566,40.87487],[0.252,40.85659],[0.27942,40.82137],[0.27312,40.81907],[0.2928,40.81665],[0.37103,40.89127],[0.36431,40.90875],[0.37191,40.94368],[0.38865,40.94556],[0.39503,40.95568],[0.447,40.96546],[0.45603,40.97881],[0.44161,40.99471],[0.45739,41.00225],[0.45119,41.02042],[0.5183,41.07243],[0.55505,41.11852],[0.56652,41.12388],[0.56892,41.11913],[0.58435,41.13393],[0.61404,41.14326],[0.61923,41.15816],[0.60725,41.17186],[0.65307,41.18083],[0.70711,41.21645],[0.68674,41.225],[0.68608,41.24583],[0.70303,41.26608],[0.69726,41.28215],[0.71507,41.30327],[0.75156,41.31197],[0.75271,41.31815],[0.67081,41.3099],[0.61993,41.29126],[0.598,41.29386],[0.58197,41.32038],[0.55562,41.32698],[0.527,41.29077],[0.50447,41.29005],[0.48108,41.32376],[0.46246,41.33522],[0.43564,41.32053],[0.43435,41.27636],[0.38686,41.27916],[0.37491,41.24967],[0.38251,41.23675],[0.3658,41.239],[0.36206,41.22584],[0.34151,41.23138],[0.33335,41.22333],[0.3236,41.22556],[0.30452,41.1647],[0.27421,41.14913],[0.25419,41.15048],[0.25004,41.13089],[0.21515,41.13762],[0.22103,41.13275],[0.20206,41.12569],[0.21018,41.11724],[0.2024,41.08501],[0.22128,41.08324],[0.21942,41.07557]]]}},{"type":"Feature","properties":{"code":"694302"},"geometry":{"type":"Polygon","coordinates":[[[0.99484,41.39156],[0.98284,41.39247],[0.96425,41.36098],[0.99993,41.35276],[1.00635,41.32593],[1.02077,41.33302],[1.02878,41.32628],[1.06549,41.32637],[1.06615,41.32033],[1.12769,41.30572],[1.18528,41.32066],[1.19519,41.30574],[1.17487,41.29004],[1.16497,41.29958],[1.14507,41.30284],[1.12635,41.29075],[1.13769,41.28583],[1.13996,41.27169],[1.12402,41.26959],[1.11044,41.2768],[1.09971,41.27223],[1.10588,41.25735],[1.14188,41.25689],[1.16185,41.23838],[1.15274,41.22934],[1.13898,41.23871],[1.11252,41.24029],[1.0969,41.22966],[1.07953,41.22858],[1.06055,41.23835],[1.03578,41.22208],[1.01047,41.23394],[1.01731,41.19861],[1.03874,41.17558],[1.0871,41.18285],[1.10075,41.1728],[1.11018,41.1773],[1.10986,41.18789],[1.11414,41.17479],[1.12191,41.1805],[1.13341,41.17082],[1.12584,41.18162],[1.14156,41.19053],[1.1568,41.18021],[1.17752,41.201],[1.18657,41.1943],[1.19559,41.19892],[1.19478,41.19379],[1.20821,41.20579],[1.22343,41.20191],[1.22074,41.21577],[1.20637,41.22648],[1.19412,41.22121],[1.21124,41.22915],[1.23167,41.22733],[1.23407,41.21625],[1.24322,41.22174],[1.26143,41.20164],[1.26354,41.18171],[1.28075,41.17579],[1.28697,41.21079],[1.29501,41.20222],[1.30104,41.20975],[1.3291,41.19827],[1.35353,41.22098],[1.3505,41.23218],[1.34205,41.22926],[1.33494,41.23702],[1.35183,41.23866],[1.36013,41.28707],[1.38063,41.28193],[1.39991,41.29252],[1.43692,41.28656],[1.4602,41.30108],[1.48586,41.29847],[1.54087,41.3225],[1.57995,41.35666],[1.57052,41.36869],[1.55332,41.36842],[1.53798,41.38567],[1.51303,41.39464],[1.47421,41.38107],[1.49133,41.40179],[1.47626,41.42976],[1.49637,41.43592],[1.47683,41.4364],[1.46965,41.44427],[1.48435,41.45814],[1.48573,41.47523],[1.4751,41.48657],[1.45313,41.48667],[1.44722,41.49512],[1.39752,41.5132],[1.4099,41.53524],[1.44976,41.53738],[1.4479,41.55269],[1.43569,41.55052],[1.4322,41.55597],[1.45566,41.56949],[1.42086,41.58291],[1.39402,41.5754],[1.40462,41.55847],[1.39308,41.55674],[1.37288,41.5657],[1.30581,41.572],[1.29534,41.56697],[1.27393,41.57247],[1.22104,41.56989],[1.21194,41.54891],[1.1691,41.54078],[1.17744,41.53407],[1.16584,41.53476],[1.1745,41.53161],[1.16581,41.50902],[1.18213,41.48842],[1.10933,41.46713],[1.10669,41.47442],[1.04094,41.50142],[1.04884,41.48779],[1.03854,41.48031],[1.07631,41.46022],[1.04763,41.4407],[1.02816,41.41009],[1.00473,41.4052],[0.99484,41.39156]]]}},{"type":"Feature","properties":{"code":"694303"},"geometry":{"type":"MultiPolygon","coordinates":[[[[1.10206,41.11404],[1.09537,41.10862],[1.10177,41.08705],[1.17284,41.05526],[1.19885,41.09324],[1.21159,41.10179],[1.21574,41.09335],[1.21929,41.10585],[1.23384,41.10239],[1.25026,41.10905],[1.23342,41.09535],[1.25788,41.11299],[1.30088,41.12835],[1.34514,41.12525],[1.39627,41.13209],[1.47109,41.1672],[1.52776,41.18115],[1.64638,41.19595],[1.64239,41.21206],[1.65431,41.20773],[1.64214,41.23568],[1.62256,41.22353],[1.60372,41.23514],[1.5828,41.23749],[1.57132,41.26105],[1.59546,41.25928],[1.60713,41.25071],[1.62315,41.25525],[1.62862,41.26984],[1.62117,41.27738],[1.63034,41.28309],[1.62894,41.29497],[1.63795,41.29627],[1.61753,41.29342],[1.61322,41.28548],[1.58931,41.2943],[1.59614,41.30965],[1.57591,41.31547],[1.55982,41.34346],[1.54087,41.3225],[1.48586,41.29847],[1.4602,41.30108],[1.43692,41.28656],[1.39991,41.29252],[1.38063,41.28193],[1.36013,41.28707],[1.35183,41.23866],[1.33494,41.23702],[1.34205,41.22926],[1.3505,41.23218],[1.35353,41.22098],[1.3291,41.19827],[1.30104,41.20975],[1.29501,41.20222],[1.28697,41.21079],[1.28075,41.17579],[1.26354,41.18171],[1.26143,41.20164],[1.24322,41.22174],[1.23407,41.21625],[1.23167,41.22733],[1.21124,41.22915],[1.19412,41.22121],[1.20637,41.22648],[1.22074,41.21577],[1.22343,41.20191],[1.20821,41.20579],[1.19478,41.19379],[1.19559,41.19892],[1.18657,41.1943],[1.17752,41.201],[1.1568,41.18021],[1.14156,41.19053],[1.12584,41.18162],[1.13341,41.17082],[1.12191,41.1805],[1.11414,41.17479],[1.10986,41.18789],[1.11018,41.1773],[1.10075,41.1728],[1.0871,41.18285],[1.06063,41.17846],[1.06207,41.15919],[1.08738,41.14221],[1.10206,41.11404]]],[[[1.6344,41.3138],[1.63013,41.31097],[1.63649,41.30983],[1.64332,41.31236],[1.64366,41.31327],[1.6344,41.3138]]]]}},{"type":"Feature","properties":{"code":"694303C"},"geometry":{"type":"Polygon","coordinates":[[[1.13281,41.07491],[1.11888,41.07419],[1.33218,40.76479],[1.86611,40.8862],[1.64638,41.19595],[1.52776,41.18115],[1.47109,41.1672],[1.39627,41.13209],[1.34514,41.12525],[1.30088,41.12835],[1.25788,41.11299],[1.23342,41.09535],[1.25026,41.10905],[1.23384,41.10239],[1.21929,41.10585],[1.21574,41.09335],[1.21159,41.10179],[1.19885,41.09324],[1.17284,41.05526],[1.13281,41.07491]]]}},{"type":"Feature","properties":{"code":"694304"},"geometry":{"type":"MultiPolygon","coordinates":[[[[0.38668,40.69522],[0.35364,40.66042],[0.36026,40.64697],[0.33095,40.61138],[0.40395,40.60232],[0.4058,40.59517],[0.44514,40.57856],[0.43461,40.56572],[0.43916,40.5474],[0.51635,40.52326],[0.53943,40.5678],[0.55566,40.57115],[0.54914,40.57491],[0.59574,40.61548],[0.60569,40.60954],[0.59464,40.61673],[0.60359,40.61665],[0.59931,40.62078],[0.66438,40.62687],[0.69486,40.64125],[0.74714,40.63652],[0.71254,40.59247],[0.68913,40.59039],[0.69053,40.6023],[0.68875,40.59019],[0.66156,40.5922],[0.65717,40.58193],[0.61808,40.58685],[0.61966,40.57254],[0.61197,40.57882],[0.59903,40.57483],[0.61023,40.55945],[0.65104,40.55546],[0.69394,40.57182],[0.76921,40.64816],[0.85487,40.6827],[0.88867,40.71974],[0.87532,40.73436],[0.86478,40.72184],[0.84461,40.72896],[0.85563,40.7302],[0.839,40.73066],[0.76333,40.79349],[0.73237,40.78857],[0.77402,40.77929],[0.78587,40.77001],[0.76368,40.76217],[0.74146,40.76575],[0.71049,40.78625],[0.70084,40.80418],[0.74289,40.82404],[0.7531,40.84645],[0.79349,40.867],[0.8635,40.9472],[0.93307,40.99184],[0.96761,41.02875],[1.05194,41.06482],[1.08533,41.06404],[1.11888,41.07419],[1.09539,41.09304],[1.10206,41.11404],[1.08738,41.14221],[1.06207,41.15919],[1.05936,41.17675],[1.03874,41.17558],[1.02766,41.16088],[1.02797,41.13445],[1.00341,41.13284],[1.0048,41.12613],[0.99101,41.12097],[0.98226,41.13398],[0.97127,41.1113],[0.94627,41.11727],[0.94248,41.12607],[0.91544,41.12604],[0.91349,41.11652],[0.89786,41.10862],[0.92302,41.05541],[0.90674,41.02587],[0.84588,41.0321],[0.83695,41.05302],[0.81967,41.06251],[0.80635,41.05388],[0.78212,41.02926],[0.78743,41.02513],[0.77592,40.99707],[0.82014,40.94108],[0.75393,40.9325],[0.74079,40.93935],[0.67304,40.94624],[0.61446,40.93105],[0.59789,40.94126],[0.60145,40.93034],[0.61509,40.92435],[0.61866,40.89021],[0.65103,40.89413],[0.66542,40.86903],[0.63553,40.83909],[0.64365,40.82182],[0.60786,40.80758],[0.61207,40.76268],[0.58879,40.75205],[0.58913,40.73526],[0.57413,40.73322],[0.56266,40.7521],[0.55295,40.74454],[0.53803,40.74841],[0.50761,40.73864],[0.44456,40.73776],[0.38668,40.69522]]],[[[0.86415,40.72504],[0.86199,40.72985],[0.85772,40.73061],[0.86203,40.72862],[0.86415,40.72504]]]]}},{"type":"Feature","properties":{"code":"694304C"},"geometry":{"type":"Polygon","coordinates":[[[0.53434,40.55181],[0.51635,40.52326],[1.0105,40.34572],[1.07122,40.40033],[1.18003,40.46106],[1.23461,40.50925],[1.27624,40.56447],[1.3034,40.62472],[1.31505,40.6878],[1.30817,40.75926],[1.33218,40.76479],[1.11888,41.07419],[1.08533,41.06404],[1.05194,41.06482],[0.96761,41.02875],[0.93307,40.99184],[0.8635,40.9472],[0.79349,40.867],[0.7531,40.84645],[0.74289,40.82404],[0.70084,40.80418],[0.71049,40.78625],[0.74146,40.76575],[0.76368,40.76217],[0.78587,40.77001],[0.77402,40.77929],[0.73237,40.78857],[0.76333,40.79349],[0.839,40.73066],[0.85563,40.7302],[0.84461,40.72896],[0.86478,40.72184],[0.87532,40.73436],[0.88867,40.71974],[0.87082,40.69452],[0.84259,40.67614],[0.76921,40.64816],[0.68129,40.56465],[0.6251,40.55478],[0.61023,40.55945],[0.59903,40.57483],[0.61197,40.57882],[0.61966,40.57254],[0.61808,40.58685],[0.65717,40.58193],[0.66156,40.5922],[0.68875,40.59019],[0.69053,40.6023],[0.68913,40.59039],[0.71254,40.59247],[0.74714,40.63652],[0.69486,40.64125],[0.66438,40.62687],[0.59931,40.62078],[0.60359,40.61665],[0.59464,40.61673],[0.60569,40.60954],[0.59574,40.61548],[0.58153,40.60421],[0.54914,40.57491],[0.55566,40.57115],[0.53943,40.5678],[0.53434,40.55181]],[[0.85772,40.73061],[0.86199,40.72985],[0.86199,40.72985],[0.86199,40.72985],[0.86415,40.72504],[0.86415,40.72504],[0.86415,40.72504],[0.86203,40.72862],[0.85772,40.73061],[0.85772,40.73061],[0.85772,40.73061]]]}},{"type":"Feature","properties":{"code":"694305"},"geometry":{"type":"Polygon","coordinates":[[[0.23401,40.77973],[0.23116,40.76777],[0.21319,40.76786],[0.19133,40.75066],[0.17642,40.75528],[0.17656,40.74147],[0.16038,40.75094],[0.17192,40.73317],[0.19223,40.7315],[0.19849,40.7245],[0.22731,40.7335],[0.23772,40.70202],[0.26363,40.70619],[0.29304,40.68889],[0.26715,40.64511],[0.28003,40.6304],[0.33095,40.61138],[0.36026,40.64697],[0.35364,40.66042],[0.44456,40.73776],[0.50761,40.73864],[0.53803,40.74841],[0.55295,40.74454],[0.56266,40.7521],[0.57413,40.73322],[0.58913,40.73526],[0.58879,40.75205],[0.61207,40.76268],[0.60786,40.80758],[0.64365,40.82182],[0.63553,40.83909],[0.66542,40.86903],[0.65103,40.89413],[0.61866,40.89021],[0.61509,40.92435],[0.60145,40.93034],[0.59789,40.94126],[0.61446,40.93105],[0.67304,40.94624],[0.74079,40.93935],[0.75393,40.9325],[0.82014,40.94108],[0.77592,40.99707],[0.78743,41.02513],[0.78212,41.02926],[0.80635,41.05388],[0.81967,41.06251],[0.83695,41.05302],[0.84588,41.0321],[0.90674,41.02587],[0.92302,41.05541],[0.89786,41.10862],[0.91349,41.11652],[0.91544,41.12604],[0.94248,41.12607],[0.94627,41.11727],[0.97127,41.1113],[0.98226,41.13398],[0.99101,41.12097],[1.0048,41.12613],[1.00341,41.13284],[1.02797,41.13445],[1.02396,41.15096],[1.03874,41.17558],[1.01731,41.19861],[1.01047,41.23394],[1.03578,41.22208],[1.06055,41.23835],[1.07953,41.22858],[1.0969,41.22966],[1.11252,41.24029],[1.13898,41.23871],[1.15274,41.22934],[1.16185,41.23838],[1.14188,41.25689],[1.10588,41.25735],[1.09971,41.27223],[1.11044,41.2768],[1.12402,41.26959],[1.13996,41.27169],[1.13769,41.28583],[1.12635,41.29075],[1.15589,41.3032],[1.17487,41.29004],[1.19519,41.30574],[1.19222,41.31575],[1.17592,41.3209],[1.12769,41.30572],[1.06615,41.32033],[1.06549,41.32637],[1.02878,41.32628],[1.02077,41.33302],[1.00635,41.32593],[1.00614,41.34663],[0.99256,41.35819],[0.9722,41.36173],[0.953,41.35213],[0.86448,41.3384],[0.84596,41.3623],[0.83332,41.3591],[0.82135,41.32992],[0.76289,41.33433],[0.75168,41.32505],[0.75156,41.31197],[0.72258,41.30741],[0.69726,41.28215],[0.70303,41.26608],[0.68608,41.24583],[0.68674,41.225],[0.70711,41.21645],[0.65307,41.18083],[0.60725,41.17186],[0.61923,41.15816],[0.61404,41.14326],[0.58435,41.13393],[0.56892,41.11913],[0.56652,41.12388],[0.55505,41.11852],[0.5183,41.07243],[0.45119,41.02042],[0.45739,41.00225],[0.44161,40.99471],[0.45603,40.97881],[0.447,40.96546],[0.39503,40.95568],[0.38865,40.94556],[0.37191,40.94368],[0.36782,40.88654],[0.33206,40.84784],[0.31166,40.84035],[0.2928,40.81665],[0.27312,40.81907],[0.23401,40.77973]]]}},{"type":"Feature","properties":{"code":"700601"},"geometry":{"type":"Polygon","coordinates":[[[-7.30974,38.51661],[-7.31617,38.47524],[-7.29862,38.48405],[-7.29287,38.46932],[-7.27087,38.4755],[-7.24433,38.461],[-7.21384,38.47069],[-7.19283,38.46237],[-7.17314,38.46541],[-7.16704,38.47339],[-7.14549,38.46735],[-7.12242,38.47359],[-7.09628,38.44903],[-7.06838,38.43689],[-7.04078,38.44518],[-7.02299,38.43886],[-7.01603,38.45056],[-7.01273,38.44414],[-6.99661,38.44741],[-6.98999,38.45814],[-6.98308,38.45435],[-6.9807,38.46276],[-6.9652,38.46632],[-6.97214,38.48898],[-6.95456,38.54123],[-6.95526,38.5684],[-6.94404,38.57108],[-6.89135,38.55532],[-6.86495,38.55695],[-6.87865,38.58483],[-6.84772,38.67516],[-6.8109,38.67497],[-6.80484,38.65835],[-6.78335,38.66651],[-6.74808,38.6832],[-6.74883,38.70818],[-6.73377,38.70777],[-6.72886,38.72372],[-6.69586,38.74806],[-6.63369,38.76639],[-6.61665,38.76617],[-6.59323,38.75342],[-6.59233,38.7675],[-6.56782,38.77345],[-6.55821,38.79092],[-6.53654,38.77329],[-6.51624,38.72733],[-6.47632,38.75793],[-6.41368,38.77047],[-6.39106,38.75971],[-6.39605,38.75354],[-6.37766,38.75387],[-6.35579,38.77856],[-6.3561,38.77195],[-6.29576,38.7536],[-6.26953,38.76587],[-6.26802,38.77411],[-6.34203,38.79027],[-6.3355,38.796],[-6.2695,38.78004],[-6.26985,38.78973],[-6.30861,38.7994],[-6.30853,38.80603],[-6.23653,38.79856],[-6.19685,38.78103],[-6.17802,38.83005],[-6.15106,38.86877],[-6.13461,38.85868],[-6.09207,38.76945],[-6.04063,38.75031],[-6.01163,38.75613],[-5.97648,38.75121],[-5.9321,38.7404],[-5.91168,38.72387],[-5.8962,38.72529],[-5.82916,38.802],[-5.8011,38.79454],[-5.78644,38.79975],[-5.7609,38.83836],[-5.76664,38.84875],[-5.72482,38.8411],[-5.70333,38.82633],[-5.70612,38.81749],[-5.67697,38.82707],[-5.68812,38.86715],[-5.67276,38.8864],[-5.62778,38.90998],[-5.60057,38.90907],[-5.58805,38.92174],[-5.60201,38.96077],[-5.59598,38.98955],[-5.56089,38.99103],[-5.5462,38.97929],[-5.50632,38.9978],[-5.48835,38.99767],[-5.48663,39.0351],[-5.49548,39.04453],[-5.51778,39.04429],[-5.52215,39.05291],[-5.51364,39.06881],[-5.5254,39.08014],[-5.53858,39.08878],[-5.54167,39.08414],[-5.56385,39.09024],[-5.56028,39.10482],[-5.57811,39.14354],[-5.59978,39.13417],[-5.58228,39.11853],[-5.59082,39.1087],[-5.60875,39.09966],[-5.64459,39.10274],[-5.67083,39.08161],[-5.6901,39.0841],[-5.75854,39.1348],[-5.80902,39.145],[-5.81509,39.12017],[-5.83268,39.11057],[-5.86995,39.10492],[-5.92335,39.08361],[-5.9363,39.08421],[-5.92332,39.09846],[-5.94059,39.10909],[-5.98034,39.06929],[-6.0084,39.05302],[-6.01836,39.12901],[-6.0773,39.09415],[-6.14075,39.03201],[-6.15143,39.05316],[-6.16654,39.05934],[-6.20179,39.05693],[-6.22951,39.09022],[-6.29401,39.09857],[-6.31059,39.11257],[-6.30643,39.14921],[-6.32016,39.17215],[-6.31806,39.18487],[-6.32602,39.1871],[-6.35418,39.17796],[-6.36996,39.16341],[-6.41722,39.16728],[-6.43463,39.17581],[-6.48977,39.16835],[-6.539,39.18212],[-6.53732,39.1557],[-6.5729,39.15878],[-6.57274,39.16812],[-6.58304,39.17154],[-6.57874,39.18022],[-6.63201,39.19727],[-6.65838,39.1995],[-6.67964,39.17758],[-6.74928,39.19447],[-6.76614,39.1888],[-6.79157,39.21229],[-6.7995,39.23984],[-6.75981,39.27703],[-6.74538,39.32217],[-6.79564,39.34493],[-6.78961,39.36878],[-6.80071,39.38992],[-6.88186,39.38318],[-6.93445,39.39726],[-6.99401,39.42499],[-7.04802,39.4371],[-7.06566,39.41472],[-7.0079,39.38891],[-7.03125,39.36806],[-7.02846,39.35193],[-7.04665,39.33393],[-7.04276,39.32735],[-7.0758,39.31061],[-7.08148,39.33599],[-7.1004,39.34648],[-7.09722,39.35955],[-7.07776,39.35184],[-7.0616,39.3727],[-7.07251,39.38164],[-7.10301,39.38638],[-7.14,39.37533],[-7.17581,39.338],[-7.16714,39.32058],[-7.15405,39.33009],[-7.15383,39.31488],[-7.20249,39.26613],[-7.23002,39.27879],[-7.24651,39.25395],[-7.23998,39.20897],[-7.20674,39.18775],[-7.13491,39.17261],[-7.13474,39.14552],[-7.14815,39.12284],[-7.14244,39.10969],[-7.10443,39.09975],[-7.03773,39.11882],[-6.99493,39.09994],[-6.95795,39.05517],[-6.96652,39.04025],[-6.94996,39.02443],[-7.02556,38.92439],[-7.05068,38.9076],[-7.03178,38.87961],[-7.03766,38.86573],[-7.06696,38.85426],[-7.08781,38.81931],[-7.12719,38.81429],[-7.1632,38.7787],[-7.19004,38.76893],[-7.20202,38.75098],[-7.25394,38.72634],[-7.26834,38.63923],[-7.26363,38.62897],[-7.24264,38.62472],[-7.26238,38.58886],[-7.28467,38.5742],[-7.30974,38.51661]]]}},{"type":"Feature","properties":{"code":"700602"},"geometry":{"type":"Polygon","coordinates":[[[-5.48835,38.99767],[-5.50632,38.9978],[-5.51964,38.98931],[-5.48342,38.91569],[-5.46097,38.93582],[-5.41831,38.91947],[-5.3989,38.89968],[-5.38243,38.90743],[-5.36265,38.90162],[-5.33615,38.91326],[-5.33344,38.92786],[-5.32223,38.93507],[-5.28591,38.92285],[-5.27289,38.93619],[-5.26252,38.92042],[-5.25518,38.9278],[-5.21981,38.93046],[-5.19125,38.89257],[-5.16607,38.88789],[-5.15241,38.86943],[-5.12334,38.86814],[-5.10313,38.84704],[-5.1021,38.8143],[-5.09176,38.81199],[-5.10252,38.80495],[-5.11099,38.77264],[-5.07233,38.75147],[-5.06029,38.72475],[-4.98867,38.74019],[-4.9595,38.7902],[-4.94216,38.8548],[-4.91362,38.88786],[-4.846,38.88283],[-4.82981,38.93603],[-4.84169,38.94552],[-4.89042,38.95333],[-4.90426,38.96382],[-4.9169,38.95747],[-4.93235,38.976],[-4.96118,39.05915],[-4.93381,39.05684],[-4.87376,39.03241],[-4.85967,39.0322],[-4.84785,39.04593],[-4.83147,39.04658],[-4.8245,39.06297],[-4.85709,39.07725],[-4.8731,39.09944],[-4.85555,39.12369],[-4.85231,39.15207],[-4.82978,39.16514],[-4.83008,39.17653],[-4.80895,39.19983],[-4.77232,39.18992],[-4.74123,39.19493],[-4.64765,39.16532],[-4.66202,39.18463],[-4.70691,39.21028],[-4.71223,39.24473],[-4.73236,39.25295],[-4.75969,39.3212],[-4.70534,39.32813],[-4.70289,39.36486],[-4.66818,39.42494],[-4.68637,39.4507],[-4.75405,39.41612],[-4.77329,39.3976],[-4.80911,39.39698],[-4.84422,39.37961],[-4.85938,39.38015],[-4.86961,39.36872],[-4.90067,39.37491],[-4.93076,39.38835],[-4.93307,39.39613],[-4.97331,39.39474],[-4.96776,39.38375],[-4.98285,39.37215],[-5.00633,39.37864],[-5.01827,39.3687],[-5.05384,39.36299],[-5.08854,39.39077],[-5.11225,39.38788],[-5.11053,39.35792],[-5.12221,39.33691],[-5.17021,39.31593],[-5.24629,39.30224],[-5.28175,39.31994],[-5.30186,39.32001],[-5.33867,39.33372],[-5.35389,39.26069],[-5.34582,39.23958],[-5.38269,39.1746],[-5.41247,39.15707],[-5.42726,39.16295],[-5.4585,39.15878],[-5.49977,39.1888],[-5.51324,39.21013],[-5.52681,39.19189],[-5.54967,39.21629],[-5.6119,39.18863],[-5.57522,39.15133],[-5.56028,39.10482],[-5.56385,39.09024],[-5.54167,39.08414],[-5.53858,39.08878],[-5.5254,39.08014],[-5.51364,39.06881],[-5.51778,39.04429],[-5.49548,39.04453],[-5.48663,39.0351],[-5.48835,38.99767]]]}},{"type":"Feature","properties":{"code":"700603"},"geometry":{"type":"Polygon","coordinates":[[[-6.94252,38.45915],[-6.94198,38.47295],[-6.88367,38.48124],[-6.85992,38.45904],[-6.83366,38.46499],[-6.81772,38.45166],[-6.79612,38.46764],[-6.66718,38.44947],[-6.64129,38.44954],[-6.61686,38.45976],[-6.57448,38.43643],[-6.53826,38.44635],[-6.52089,38.43569],[-6.50246,38.44934],[-6.47749,38.43779],[-6.45804,38.41656],[-6.43557,38.37407],[-6.42856,38.37943],[-6.39191,38.36648],[-6.31116,38.36215],[-6.31906,38.41754],[-6.28475,38.44428],[-6.22749,38.45418],[-6.23064,38.48563],[-6.21095,38.50488],[-6.19024,38.49884],[-6.15824,38.52409],[-6.16034,38.50127],[-6.15208,38.48758],[-6.12908,38.49152],[-6.12967,38.50848],[-6.11183,38.51537],[-6.09203,38.50488],[-6.09796,38.50013],[-6.08528,38.48957],[-6.0724,38.49672],[-6.0468,38.49255],[-6.02238,38.47589],[-6.00137,38.48672],[-5.96685,38.53015],[-5.92006,38.51949],[-5.8741,38.48865],[-5.87179,38.45152],[-5.85145,38.44369],[-5.84809,38.42722],[-5.79667,38.42799],[-5.78255,38.41791],[-5.74033,38.44567],[-5.71108,38.48888],[-5.65315,38.4504],[-5.58169,38.41993],[-5.51788,38.4639],[-5.5026,38.4571],[-5.48981,38.4669],[-5.48312,38.46383],[-5.47886,38.4844],[-5.46756,38.48545],[-5.4569,38.49992],[-5.43331,38.50482],[-5.42648,38.51507],[-5.41762,38.51297],[-5.40867,38.52066],[-5.41491,38.52998],[-5.40209,38.53671],[-5.4056,38.54413],[-5.39631,38.54699],[-5.38334,38.53965],[-5.39148,38.55321],[-5.38206,38.55781],[-5.38468,38.56725],[-5.37435,38.5687],[-5.37041,38.58401],[-5.30718,38.57805],[-5.3089,38.59401],[-5.29194,38.60951],[-5.2531,38.62616],[-5.25218,38.63389],[-5.24367,38.63252],[-5.24613,38.64028],[-5.23675,38.63764],[-5.22106,38.64936],[-5.22245,38.65714],[-5.21342,38.649],[-5.20715,38.66813],[-5.19865,38.657],[-5.19555,38.66773],[-5.18364,38.65985],[-5.17774,38.66616],[-5.18444,38.6746],[-5.16604,38.68121],[-5.18318,38.72013],[-5.16528,38.7121],[-5.11768,38.71657],[-5.09786,38.70808],[-5.06029,38.72475],[-5.07233,38.75147],[-5.11099,38.77264],[-5.10252,38.80495],[-5.09176,38.81199],[-5.1021,38.8143],[-5.10313,38.84704],[-5.12334,38.86814],[-5.15241,38.86943],[-5.16607,38.88789],[-5.19125,38.89257],[-5.21981,38.93046],[-5.25518,38.9278],[-5.26252,38.92042],[-5.27289,38.93619],[-5.28591,38.92285],[-5.32223,38.93507],[-5.3486,38.90435],[-5.38243,38.90743],[-5.3989,38.89968],[-5.41831,38.91947],[-5.46097,38.93582],[-5.48342,38.91569],[-5.51964,38.98931],[-5.5462,38.97929],[-5.56089,38.99103],[-5.59598,38.98955],[-5.60201,38.96077],[-5.58805,38.92174],[-5.60057,38.90907],[-5.62778,38.90998],[-5.67276,38.8864],[-5.68812,38.86715],[-5.67697,38.82707],[-5.70612,38.81749],[-5.70333,38.82633],[-5.72482,38.8411],[-5.76664,38.84875],[-5.7609,38.83836],[-5.78644,38.79975],[-5.8011,38.79454],[-5.82916,38.802],[-5.8962,38.72529],[-5.91168,38.72387],[-5.9321,38.7404],[-5.97648,38.75121],[-6.01163,38.75613],[-6.04063,38.75031],[-6.09207,38.76945],[-6.13461,38.85868],[-6.15106,38.86877],[-6.17802,38.83005],[-6.19685,38.78103],[-6.23653,38.79856],[-6.30853,38.80603],[-6.30861,38.7994],[-6.26985,38.78973],[-6.2695,38.78004],[-6.3355,38.796],[-6.34203,38.79027],[-6.26802,38.77411],[-6.26953,38.76587],[-6.29576,38.7536],[-6.3561,38.77195],[-6.35579,38.77856],[-6.37766,38.75387],[-6.39605,38.75354],[-6.39106,38.75971],[-6.41368,38.77047],[-6.47632,38.75793],[-6.51624,38.72733],[-6.53654,38.77329],[-6.55821,38.79092],[-6.56782,38.77345],[-6.59233,38.7675],[-6.59323,38.75342],[-6.61665,38.76617],[-6.63369,38.76639],[-6.69586,38.74806],[-6.72886,38.72372],[-6.73377,38.70777],[-6.74883,38.70818],[-6.74808,38.6832],[-6.80484,38.65835],[-6.8109,38.67497],[-6.85139,38.67144],[-6.87865,38.58483],[-6.86495,38.55695],[-6.89135,38.55532],[-6.94404,38.57108],[-6.95526,38.5684],[-6.95456,38.54123],[-6.97214,38.48898],[-6.9652,38.46632],[-6.94252,38.45915]]]}},{"type":"Feature","properties":{"code":"700604"},"geometry":{"type":"Polygon","coordinates":[[[-7.29632,38.47382],[-7.33458,38.43538],[-7.31519,38.44025],[-7.27917,38.42079],[-7.26647,38.39152],[-7.20041,38.32901],[-7.16826,38.27972],[-7.1492,38.27619],[-7.14152,38.24092],[-7.116,38.21432],[-7.10651,38.18851],[-7.08368,38.16972],[-7.06472,38.17976],[-7.06504,38.18702],[-7.05524,38.18632],[-7.05779,38.17815],[-7.04188,38.1877],[-7.02722,38.18308],[-7.00872,38.1968],[-7.00985,38.205],[-6.97889,38.2116],[-6.97049,38.20281],[-6.95485,38.21743],[-6.94508,38.21233],[-6.93511,38.22097],[-6.93702,38.20801],[-6.92109,38.20073],[-6.90113,38.20225],[-6.84708,38.17768],[-6.79374,38.17899],[-6.79819,38.14425],[-6.81446,38.12059],[-6.80647,38.11156],[-6.7687,38.11256],[-6.76873,38.0999],[-6.73064,38.0905],[-6.72804,38.09995],[-6.7184,38.10107],[-6.71411,38.09307],[-6.68732,38.10068],[-6.65902,38.09282],[-6.65168,38.09693],[-6.64795,38.09047],[-6.64136,38.09767],[-6.6211,38.09761],[-6.57918,38.05322],[-6.58098,38.0213],[-6.54434,38.02857],[-6.49369,38.01958],[-6.49039,38.00992],[-6.4641,38.01146],[-6.47251,38.02488],[-6.44297,38.04657],[-6.45109,38.05641],[-6.41256,38.05901],[-6.38711,38.04859],[-6.3659,38.04937],[-6.35357,38.0103],[-6.30203,37.9787],[-6.25061,37.97183],[-6.2319,37.95839],[-6.20017,37.96251],[-6.19465,37.9492],[-6.1789,37.94148],[-6.16647,37.95627],[-6.11396,37.98222],[-6.07651,37.98508],[-6.04481,37.99777],[-6.01576,37.99157],[-5.99216,38.0],[-5.95235,37.9958],[-5.93142,38.03121],[-5.93289,38.04732],[-5.91794,38.05025],[-5.90764,38.06329],[-5.90931,38.07827],[-5.92801,38.09006],[-5.92504,38.10546],[-5.91158,38.12314],[-5.87933,38.13273],[-5.87604,38.15616],[-5.8549,38.16211],[-5.85019,38.17235],[-5.7981,38.17503],[-5.78037,38.18632],[-5.75595,38.18101],[-5.72683,38.19786],[-5.71216,38.1863],[-5.6934,38.18697],[-5.69762,38.18136],[-5.68728,38.18232],[-5.68291,38.15751],[-5.69367,38.17153],[-5.70445,38.16983],[-5.69392,38.15016],[-5.71408,38.13428],[-5.72946,38.13755],[-5.7394,38.12699],[-5.73357,38.0867],[-5.70909,38.08149],[-5.6923,38.08419],[-5.63117,38.139],[-5.58346,38.13215],[-5.57453,38.15009],[-5.55877,38.14901],[-5.54935,38.161],[-5.53757,38.1621],[-5.53738,38.20105],[-5.51965,38.20767],[-5.52463,38.26457],[-5.54307,38.28277],[-5.5542,38.31818],[-5.57431,38.32955],[-5.55791,38.36732],[-5.58373,38.38628],[-5.57137,38.42371],[-5.58169,38.41993],[-5.65315,38.4504],[-5.71108,38.48888],[-5.74033,38.44567],[-5.78255,38.41791],[-5.79667,38.42799],[-5.84809,38.42722],[-5.85145,38.44369],[-5.87179,38.45152],[-5.8741,38.48865],[-5.93859,38.52593],[-5.96685,38.53015],[-6.00137,38.48672],[-6.02238,38.47589],[-6.0468,38.49255],[-6.0724,38.49672],[-6.08528,38.48957],[-6.09796,38.50013],[-6.09203,38.50488],[-6.11183,38.51537],[-6.12967,38.50848],[-6.12908,38.49152],[-6.15208,38.48758],[-6.16034,38.50127],[-6.15824,38.52409],[-6.19024,38.49884],[-6.21095,38.50488],[-6.23064,38.48563],[-6.22749,38.45418],[-6.28475,38.44428],[-6.31906,38.41754],[-6.31116,38.36215],[-6.39191,38.36648],[-6.42856,38.37943],[-6.43557,38.37407],[-6.45804,38.41656],[-6.47749,38.43779],[-6.50246,38.44934],[-6.52089,38.43569],[-6.53826,38.44635],[-6.57448,38.43643],[-6.61686,38.45976],[-6.64129,38.44954],[-6.66718,38.44947],[-6.79612,38.46764],[-6.81772,38.45166],[-6.83366,38.46499],[-6.85992,38.45904],[-6.88367,38.48124],[-6.94198,38.47295],[-6.94252,38.45915],[-6.95786,38.46785],[-6.9807,38.46276],[-6.98308,38.45435],[-6.98999,38.45814],[-6.99661,38.44741],[-7.01273,38.44414],[-7.01603,38.45056],[-7.02299,38.43886],[-7.04078,38.44518],[-7.05313,38.43693],[-7.06486,38.43856],[-7.06121,38.43492],[-7.09628,38.44903],[-7.12242,38.47359],[-7.14549,38.46735],[-7.16704,38.47339],[-7.17314,38.46541],[-7.19283,38.46237],[-7.21384,38.47069],[-7.24433,38.461],[-7.27087,38.4755],[-7.28225,38.46775],[-7.29632,38.47382]]]}},{"type":"Feature","properties":{"code":"701001"},"geometry":{"type":"Polygon","coordinates":[[[-6.91903,40.08398],[-6.91502,40.06555],[-6.89111,40.06057],[-6.89558,40.05242],[-6.87957,40.04159],[-6.87545,40.01828],[-6.85082,40.00331],[-6.81591,39.96285],[-6.79651,39.95472],[-6.76916,39.9563],[-6.76978,39.99629],[-6.74915,40.02584],[-6.7548,40.04167],[-6.73222,40.06631],[-6.72683,40.10252],[-6.71902,40.10547],[-6.71106,40.10145],[-6.67997,40.11145],[-6.65079,40.10998],[-6.65035,40.0942],[-6.62529,40.06896],[-6.59579,40.10835],[-6.53992,40.10304],[-6.4945,40.11665],[-6.44946,40.1132],[-6.4392,40.09988],[-6.3898,40.11832],[-6.38207,40.11098],[-6.32108,40.11741],[-6.27056,40.09983],[-6.25859,40.11289],[-6.24222,40.11051],[-6.22586,40.1237],[-6.19716,40.10841],[-6.17746,40.10669],[-6.18165,40.09048],[-6.15589,40.08915],[-6.11774,40.05645],[-6.08802,40.08248],[-6.06824,40.08046],[-6.0315,40.0961],[-5.98264,40.07972],[-5.97363,40.05054],[-5.94436,40.02162],[-5.96351,40.0136],[-5.963,40.00676],[-5.95412,39.99187],[-5.92639,39.97804],[-5.90434,39.97379],[-5.8854,39.98319],[-5.90733,39.9993],[-5.91445,40.01742],[-5.91272,40.02422],[-5.88273,40.03627],[-5.85523,40.03549],[-5.83434,40.02031],[-5.82551,40.00193],[-5.83451,39.9946],[-5.82972,39.97675],[-5.80828,39.98246],[-5.76663,39.96745],[-5.74082,39.98028],[-5.7179,39.97241],[-5.67492,39.99262],[-5.6404,40.02217],[-5.60011,40.0237],[-5.59251,40.03574],[-5.5636,40.04768],[-5.52885,40.04878],[-5.51229,40.05405],[-5.50362,40.06842],[-5.4555,40.07149],[-5.44439,40.08637],[-5.36766,40.10047],[-5.33463,40.11621],[-5.36665,40.1645],[-5.36832,40.2187],[-5.34186,40.26444],[-5.39366,40.25085],[-5.42847,40.25264],[-5.43842,40.23401],[-5.46672,40.22454],[-5.46956,40.20824],[-5.49778,40.19933],[-5.54676,40.19763],[-5.60868,40.21587],[-5.62064,40.24627],[-5.64784,40.25011],[-5.65864,40.25816],[-5.65534,40.27079],[-5.6913,40.29249],[-5.7362,40.29451],[-5.76363,40.28117],[-5.79178,40.28709],[-5.80137,40.29802],[-5.78063,40.31285],[-5.79615,40.35363],[-5.81512,40.3515],[-5.84576,40.32844],[-5.85361,40.33876],[-5.88288,40.32699],[-5.91581,40.27809],[-5.93642,40.28146],[-6.00395,40.30576],[-6.01822,40.32304],[-6.01465,40.34068],[-6.05079,40.34194],[-6.10435,40.35719],[-6.08075,40.36388],[-6.08496,40.37842],[-6.07079,40.38739],[-6.0838,40.39088],[-6.06359,40.39671],[-6.12811,40.42118],[-6.11475,40.44197],[-6.14564,40.43651],[-6.15312,40.45493],[-6.17906,40.46259],[-6.2,40.48327],[-6.23856,40.48625],[-6.27395,40.45891],[-6.34327,40.44317],[-6.36417,40.42277],[-6.36049,40.40748],[-6.37459,40.40059],[-6.41745,40.39969],[-6.43827,40.38197],[-6.43694,40.37317],[-6.47334,40.37051],[-6.53491,40.34764],[-6.55903,40.32945],[-6.56337,40.31501],[-6.5548,40.29118],[-6.58565,40.27112],[-6.67038,40.26363],[-6.68876,40.24306],[-6.71685,40.26964],[-6.75007,40.25062],[-6.75423,40.23933],[-6.78018,40.24949],[-6.80078,40.24996],[-6.80532,40.24192],[-6.83581,40.24899],[-6.86371,40.27104],[-6.87411,40.26109],[-6.90646,40.25533],[-6.94917,40.25866],[-6.96318,40.23799],[-6.99598,40.23634],[-7.01079,40.22689],[-7.02745,40.18595],[-7.01427,40.17846],[-7.01153,40.15147],[-7.01827,40.14545],[-7.01053,40.12728],[-6.99207,40.11313],[-6.98457,40.11955],[-6.95928,40.10979],[-6.94027,40.11328],[-6.94245,40.10495],[-6.93262,40.10349],[-6.91903,40.08398]]]}},{"type":"Feature","properties":{"code":"701002"},"geometry":{"type":"Polygon","coordinates":[[[-6.91495,39.85882],[-6.82656,39.82694],[-6.8421,39.79029],[-6.85783,39.77875],[-6.83325,39.76372],[-6.81481,39.76003],[-6.76237,39.77369],[-6.74542,39.76081],[-6.71123,39.76041],[-6.69525,39.7669],[-6.66896,39.76108],[-6.64996,39.76996],[-6.62625,39.73526],[-6.61139,39.73252],[-6.60299,39.72163],[-6.59239,39.73369],[-6.58155,39.72702],[-6.55494,39.74329],[-6.54454,39.74127],[-6.54354,39.75555],[-6.5048,39.76278],[-6.48367,39.75842],[-6.4423,39.77093],[-6.43438,39.7545],[-6.43692,39.7274],[-6.42509,39.71681],[-6.3467,39.74452],[-6.27068,39.74699],[-6.23181,39.75849],[-6.1991,39.7174],[-6.17493,39.71531],[-6.14033,39.74412],[-6.12151,39.7492],[-6.12489,39.68569],[-6.1157,39.66212],[-6.07226,39.67906],[-6.03889,39.71213],[-6.01864,39.69843],[-6.0043,39.66357],[-5.93935,39.66472],[-5.93706,39.68256],[-5.95668,39.70571],[-5.9234,39.71758],[-5.92047,39.72648],[-5.88703,39.71387],[-5.85671,39.7932],[-5.83096,39.77842],[-5.82745,39.76353],[-5.80067,39.77263],[-5.78034,39.76455],[-5.7537,39.77512],[-5.69703,39.71084],[-5.6661,39.75378],[-5.695,39.78316],[-5.64243,39.7671],[-5.64487,39.75111],[-5.63903,39.74227],[-5.6216,39.73882],[-5.6235,39.72324],[-5.61158,39.73342],[-5.59851,39.73043],[-5.58967,39.74632],[-5.57612,39.7502],[-5.51314,39.71521],[-5.50254,39.72028],[-5.51694,39.76931],[-5.50367,39.77156],[-5.44005,39.74653],[-5.4408,39.7257],[-5.40792,39.69814],[-5.32784,39.65576],[-5.30155,39.67303],[-5.29301,39.66939],[-5.25454,39.68321],[-5.24523,39.69609],[-5.24926,39.71116],[-5.23772,39.72052],[-5.25288,39.75294],[-5.30748,39.76079],[-5.31488,39.77252],[-5.31005,39.82948],[-5.28218,39.85761],[-5.29294,39.87528],[-5.32511,39.89236],[-5.40476,39.87813],[-5.36375,39.98424],[-5.36102,40.01237],[-5.37251,40.05971],[-5.36766,40.10047],[-5.44439,40.08637],[-5.4555,40.07149],[-5.50362,40.06842],[-5.51229,40.05405],[-5.5636,40.04768],[-5.59251,40.03574],[-5.60011,40.0237],[-5.6404,40.02217],[-5.64573,40.01164],[-5.70852,39.9744],[-5.74082,39.98028],[-5.76663,39.96745],[-5.80828,39.98246],[-5.82972,39.97675],[-5.82911,40.01089],[-5.85523,40.03549],[-5.88273,40.03627],[-5.91272,40.02422],[-5.914,40.00862],[-5.8854,39.98319],[-5.89233,39.97669],[-5.93907,39.98194],[-5.963,40.00676],[-5.96351,40.0136],[-5.94436,40.02162],[-5.97363,40.05054],[-5.97529,40.07093],[-5.98264,40.07972],[-6.0315,40.0961],[-6.06824,40.08046],[-6.08802,40.08248],[-6.11774,40.05645],[-6.15589,40.08915],[-6.18165,40.09048],[-6.17746,40.10669],[-6.19716,40.10841],[-6.22586,40.1237],[-6.24222,40.11051],[-6.25859,40.11289],[-6.27056,40.09983],[-6.32108,40.11741],[-6.38207,40.11098],[-6.3898,40.11832],[-6.4392,40.09988],[-6.44946,40.1132],[-6.4945,40.11665],[-6.53992,40.10304],[-6.59579,40.10835],[-6.62529,40.06896],[-6.65035,40.0942],[-6.65079,40.10998],[-6.67997,40.11145],[-6.71106,40.10145],[-6.71902,40.10547],[-6.72683,40.10252],[-6.73222,40.06631],[-6.7548,40.04167],[-6.74915,40.02584],[-6.76978,39.99629],[-6.76916,39.9563],[-6.79651,39.95472],[-6.81591,39.96285],[-6.85082,40.00331],[-6.87309,40.00696],[-6.88426,39.98081],[-6.87838,39.97224],[-6.8873,39.96359],[-6.8844,39.94085],[-6.90745,39.91997],[-6.89919,39.9113],[-6.90173,39.87304],[-6.91495,39.85882]]]}},{"type":"Feature","properties":{"code":"701003"},"geometry":{"type":"Polygon","coordinates":[[[-7.46451,39.57544],[-7.42836,39.53493],[-7.38974,39.5303],[-7.37989,39.49223],[-7.36042,39.48253],[-7.34573,39.48833],[-7.34242,39.47905],[-7.31953,39.47468],[-7.29407,39.45775],[-7.30755,39.432],[-7.30089,39.41375],[-7.32211,39.38236],[-7.30503,39.35637],[-7.30916,39.34138],[-7.26601,39.30183],[-7.20249,39.26613],[-7.15383,39.31488],[-7.15405,39.33009],[-7.16714,39.32058],[-7.17581,39.338],[-7.15986,39.36176],[-7.13585,39.37721],[-7.10301,39.38638],[-7.07251,39.38164],[-7.0616,39.3727],[-7.07776,39.35184],[-7.09722,39.35955],[-7.1004,39.34648],[-7.08148,39.33599],[-7.0758,39.31061],[-7.04276,39.32735],[-7.04665,39.33393],[-7.02846,39.35193],[-7.03125,39.36806],[-7.0079,39.38891],[-7.06566,39.41472],[-7.04802,39.4371],[-6.99401,39.42499],[-6.93445,39.39726],[-6.88186,39.38318],[-6.80071,39.38992],[-6.78961,39.36878],[-6.79564,39.34493],[-6.74538,39.32217],[-6.75981,39.27703],[-6.7995,39.23984],[-6.79157,39.21229],[-6.76614,39.1888],[-6.74928,39.19447],[-6.67964,39.17758],[-6.65838,39.1995],[-6.63201,39.19727],[-6.57874,39.18022],[-6.58304,39.17154],[-6.57274,39.16812],[-6.5729,39.15878],[-6.53732,39.1557],[-6.539,39.18212],[-6.48977,39.16835],[-6.43463,39.17581],[-6.41722,39.16728],[-6.36996,39.16341],[-6.34033,39.18426],[-6.31806,39.18487],[-6.27202,39.20744],[-6.24693,39.23797],[-6.21964,39.24166],[-6.21337,39.23361],[-6.20221,39.23931],[-6.20039,39.2347],[-6.17629,39.24673],[-6.16018,39.26006],[-6.16451,39.27926],[-6.18358,39.28381],[-6.18482,39.29246],[-6.17499,39.29552],[-6.16718,39.29576],[-6.16465,39.28368],[-6.13799,39.26492],[-6.11564,39.26277],[-6.08832,39.28042],[-6.06787,39.25528],[-6.04031,39.2768],[-6.00648,39.27494],[-5.99443,39.29163],[-5.94735,39.30328],[-5.95613,39.31331],[-5.94826,39.32764],[-5.95763,39.32895],[-5.94856,39.33924],[-5.95739,39.34065],[-5.95482,39.36383],[-5.90596,39.40478],[-5.88826,39.40314],[-5.87958,39.37858],[-5.85347,39.36873],[-5.78143,39.37802],[-5.76906,39.39921],[-5.78329,39.4037],[-5.80552,39.39746],[-5.81954,39.41064],[-5.80366,39.4231],[-5.81415,39.43092],[-5.77811,39.44774],[-5.80595,39.45362],[-5.76274,39.50832],[-5.75603,39.50533],[-5.74467,39.51665],[-5.74111,39.50661],[-5.73459,39.50841],[-5.7294,39.51761],[-5.75099,39.52666],[-5.77127,39.51671],[-5.80386,39.53926],[-5.81734,39.563],[-5.83052,39.56505],[-5.83404,39.58632],[-5.82461,39.59912],[-5.8359,39.59871],[-5.83169,39.61291],[-5.84119,39.61375],[-5.82134,39.62924],[-5.83837,39.65093],[-5.90914,39.6575],[-5.93011,39.66756],[-6.0043,39.66357],[-6.01864,39.69843],[-6.03889,39.71213],[-6.07226,39.67906],[-6.1157,39.66212],[-6.12489,39.68569],[-6.12151,39.7492],[-6.14033,39.74412],[-6.17493,39.71531],[-6.1991,39.7174],[-6.23181,39.75849],[-6.27068,39.74699],[-6.3467,39.74452],[-6.42509,39.71681],[-6.43692,39.7274],[-6.43438,39.7545],[-6.4423,39.77093],[-6.48367,39.75842],[-6.5048,39.76278],[-6.54354,39.75555],[-6.54454,39.74127],[-6.55494,39.74329],[-6.58155,39.72702],[-6.59239,39.73369],[-6.60299,39.72163],[-6.61139,39.73252],[-6.62625,39.73526],[-6.64996,39.76996],[-6.66896,39.76108],[-6.69525,39.7669],[-6.71123,39.76041],[-6.74542,39.76081],[-6.76237,39.77369],[-6.81481,39.76003],[-6.83325,39.76372],[-6.85783,39.77875],[-6.8421,39.79029],[-6.82656,39.82694],[-6.91495,39.85882],[-6.92751,39.85533],[-6.94729,39.8281],[-6.96898,39.82579],[-6.98553,39.81051],[-6.98812,39.79491],[-6.97534,39.77312],[-6.99129,39.74093],[-6.98549,39.72815],[-7.01397,39.67121],[-7.06337,39.65832],[-7.1248,39.66441],[-7.14526,39.65339],[-7.2628,39.66629],[-7.33232,39.64159],[-7.37335,39.65174],[-7.40012,39.64697],[-7.45145,39.66364],[-7.53812,39.6673],[-7.54364,39.6639],[-7.52894,39.65719],[-7.52623,39.6336],[-7.50844,39.61862],[-7.49798,39.59032],[-7.46451,39.57544]]]}},{"type":"Feature","properties":{"code":"701004"},"geometry":{"type":"Polygon","coordinates":[[[-6.31806,39.18487],[-6.32016,39.17215],[-6.30643,39.14921],[-6.31059,39.11257],[-6.29401,39.09857],[-6.22951,39.09022],[-6.20179,39.05693],[-6.16654,39.05934],[-6.15143,39.05316],[-6.14075,39.03201],[-6.0773,39.09415],[-6.01347,39.12972],[-6.0084,39.05302],[-5.98034,39.06929],[-5.94059,39.10909],[-5.92332,39.09846],[-5.9363,39.08421],[-5.92335,39.08361],[-5.86995,39.10492],[-5.83268,39.11057],[-5.81509,39.12017],[-5.80902,39.145],[-5.75854,39.1348],[-5.6901,39.0841],[-5.67083,39.08161],[-5.64459,39.10274],[-5.60875,39.09966],[-5.59082,39.1087],[-5.58228,39.11853],[-5.59978,39.13417],[-5.57522,39.15133],[-5.6119,39.18863],[-5.54967,39.21629],[-5.52681,39.19189],[-5.51324,39.21013],[-5.49977,39.1888],[-5.4585,39.15878],[-5.42726,39.16295],[-5.41247,39.15707],[-5.38269,39.1746],[-5.34582,39.23958],[-5.35389,39.26069],[-5.33867,39.33372],[-5.30186,39.32001],[-5.28175,39.31994],[-5.24629,39.30224],[-5.14894,39.32138],[-5.12221,39.33691],[-5.11053,39.35792],[-5.11225,39.38788],[-5.08854,39.39077],[-5.05384,39.36299],[-5.01827,39.3687],[-5.00633,39.37864],[-4.98285,39.37215],[-4.96776,39.38375],[-4.97331,39.39474],[-4.95118,39.3954],[-5.00725,39.43536],[-5.05756,39.48982],[-5.08256,39.49107],[-5.20529,39.59764],[-5.16094,39.64228],[-5.16108,39.65575],[-5.14751,39.66851],[-5.15506,39.6743],[-5.15085,39.69519],[-5.13645,39.7154],[-5.17245,39.75125],[-5.15712,39.76006],[-5.16556,39.80028],[-5.20474,39.79813],[-5.2418,39.76834],[-5.25307,39.742],[-5.23772,39.72052],[-5.24926,39.71116],[-5.24523,39.69609],[-5.25454,39.68321],[-5.29301,39.66939],[-5.30155,39.67303],[-5.32784,39.65576],[-5.40792,39.69814],[-5.4408,39.7257],[-5.44005,39.74653],[-5.50367,39.77156],[-5.51694,39.76931],[-5.50254,39.72028],[-5.51314,39.71521],[-5.57612,39.7502],[-5.58967,39.74632],[-5.59851,39.73043],[-5.61158,39.73342],[-5.6235,39.72324],[-5.6216,39.73882],[-5.63903,39.74227],[-5.64487,39.75111],[-5.64243,39.7671],[-5.695,39.78316],[-5.6661,39.75378],[-5.69703,39.71084],[-5.7537,39.77512],[-5.78034,39.76455],[-5.80067,39.77263],[-5.82745,39.76353],[-5.83096,39.77842],[-5.85671,39.7932],[-5.88703,39.71387],[-5.92047,39.72648],[-5.9234,39.71758],[-5.95668,39.70571],[-5.93706,39.68256],[-5.93935,39.66472],[-5.83223,39.64798],[-5.82134,39.62924],[-5.84119,39.61375],[-5.83169,39.61291],[-5.8359,39.59871],[-5.82461,39.59912],[-5.83404,39.58632],[-5.83052,39.56505],[-5.81734,39.563],[-5.80386,39.53926],[-5.77127,39.51671],[-5.75099,39.52666],[-5.7294,39.51761],[-5.73459,39.50841],[-5.74111,39.50661],[-5.74467,39.51665],[-5.75603,39.50533],[-5.76274,39.50832],[-5.80595,39.45362],[-5.77811,39.44774],[-5.81415,39.43092],[-5.80366,39.4231],[-5.81954,39.41064],[-5.80552,39.39746],[-5.78329,39.4037],[-5.76599,39.39401],[-5.78143,39.37802],[-5.85347,39.36873],[-5.87958,39.37858],[-5.88826,39.40314],[-5.90596,39.40478],[-5.95482,39.36383],[-5.95739,39.34065],[-5.94856,39.33924],[-5.95763,39.32895],[-5.94826,39.32764],[-5.95613,39.31331],[-5.94735,39.30328],[-5.99443,39.29163],[-6.00648,39.27494],[-6.02924,39.27901],[-6.049,39.27359],[-6.06787,39.25528],[-6.08832,39.28042],[-6.11874,39.2622],[-6.14459,39.26804],[-6.16465,39.28368],[-6.16718,39.29576],[-6.18482,39.29246],[-6.18358,39.28381],[-6.16451,39.27926],[-6.16018,39.26006],[-6.17629,39.24673],[-6.20039,39.2347],[-6.20221,39.23931],[-6.21337,39.23361],[-6.21964,39.24166],[-6.24693,39.23797],[-6.27202,39.20744],[-6.31806,39.18487]]]}},{"type":"Feature","properties":{"code":"711501"},"geometry":{"type":"MultiPolygon","coordinates":[[[[-9.07607,43.18226],[-9.05211,43.16241],[-9.00704,43.15149],[-8.98212,43.18167],[-8.94869,43.16827],[-8.9381,43.18621],[-8.92797,43.18528],[-8.92023,43.18057],[-8.93171,43.1653],[-8.91281,43.14854],[-8.88786,43.15957],[-8.83939,43.14281],[-8.84139,43.12626],[-8.85643,43.11985],[-8.8497,43.10451],[-8.82208,43.0989],[-8.81238,43.11791],[-8.76925,43.11694],[-8.76721,43.10831],[-8.74476,43.11132],[-8.74965,43.10135],[-8.68677,43.08592],[-8.69448,43.11484],[-8.67492,43.12424],[-8.64969,43.11957],[-8.63479,43.10212],[-8.60765,43.1385],[-8.58223,43.15394],[-8.55588,43.1348],[-8.51744,43.12415],[-8.52364,43.10488],[-8.49327,43.09932],[-8.46133,43.13131],[-8.4486,43.1571],[-8.41748,43.15001],[-8.4072,43.16663],[-8.3733,43.17026],[-8.3565,43.16064],[-8.35762,43.14726],[-8.34507,43.13796],[-8.31743,43.14648],[-8.31135,43.15826],[-8.28531,43.14789],[-8.27863,43.12617],[-8.23616,43.14286],[-8.20568,43.12581],[-8.17424,43.13688],[-8.15834,43.11971],[-8.12943,43.15552],[-8.10645,43.16425],[-8.08049,43.15283],[-8.04995,43.17627],[-8.06306,43.18516],[-8.07013,43.17861],[-8.09236,43.18051],[-8.1142,43.21317],[-8.15765,43.2316],[-8.16793,43.22928],[-8.18347,43.24554],[-8.19558,43.28003],[-8.18709,43.28268],[-8.16328,43.26395],[-8.15407,43.26979],[-8.13387,43.26468],[-8.12094,43.25219],[-8.10657,43.25975],[-8.11835,43.27342],[-8.10355,43.29302],[-8.12958,43.29499],[-8.13469,43.31021],[-8.14668,43.31569],[-8.08583,43.33137],[-8.08867,43.35248],[-8.11391,43.35522],[-8.12353,43.36709],[-8.08894,43.3728],[-8.1086,43.40535],[-8.09869,43.41267],[-8.09013,43.41449],[-8.08607,43.40588],[-8.07398,43.41297],[-8.10036,43.46692],[-8.09249,43.47339],[-8.0335,43.47455],[-8.02766,43.48033],[-8.00255,43.47319],[-7.97856,43.47808],[-7.97637,43.50919],[-7.96737,43.5154],[-7.97567,43.52669],[-7.98621,43.52536],[-7.98277,43.53824],[-7.92379,43.55245],[-7.90058,43.57905],[-7.88978,43.57183],[-7.8792,43.57955],[-7.86449,43.57811],[-7.87571,43.55404],[-7.84441,43.55349],[-7.84073,43.56809],[-7.83066,43.57081],[-7.80559,43.5663],[-7.80087,43.55319],[-7.79485,43.55974],[-7.7613,43.54949],[-7.74914,43.5572],[-7.74474,43.58105],[-7.71641,43.5837],[-7.71873,43.59863],[-7.72878,43.60211],[-7.72081,43.60841],[-7.73397,43.62243],[-7.71679,43.63366],[-7.71552,43.64601],[-7.70033,43.64403],[-7.68949,43.65434],[-7.71778,43.68767],[-7.70108,43.68664],[-7.69708,43.69595],[-7.70582,43.7015],[-7.70575,43.71106],[-7.69194,43.71637],[-7.70009,43.7361],[-7.68525,43.74327],[-7.68702,43.75634],[-7.6604,43.7777],[-7.68617,43.79029],[-7.68561,43.77629],[-7.71547,43.76475],[-7.72308,43.74936],[-7.74842,43.74701],[-7.77494,43.73352],[-7.79088,43.73623],[-7.79413,43.72348],[-7.8083,43.72772],[-7.8051,43.71594],[-7.82828,43.70924],[-7.80535,43.69487],[-7.82275,43.69037],[-7.81989,43.69608],[-7.83594,43.69625],[-7.82803,43.7034],[-7.85415,43.70567],[-7.86629,43.69798],[-7.84239,43.66883],[-7.84804,43.67383],[-7.87216,43.6618],[-7.90264,43.67177],[-7.88514,43.67793],[-7.87039,43.67197],[-7.86966,43.68061],[-7.89021,43.68551],[-7.87586,43.68794],[-7.87813,43.70043],[-7.86751,43.70758],[-7.87451,43.72364],[-7.84887,43.70934],[-7.85404,43.72498],[-7.86894,43.73072],[-7.858,43.7632],[-7.86728,43.77389],[-7.88723,43.76336],[-7.90292,43.76949],[-7.92094,43.7434],[-7.94922,43.74179],[-7.94548,43.73486],[-7.95869,43.72335],[-8.00143,43.70476],[-8.02999,43.71403],[-8.06089,43.70516],[-8.07418,43.66017],[-8.05384,43.66091],[-8.05278,43.64885],[-8.08281,43.6453],[-8.09149,43.66681],[-8.09892,43.64764],[-8.13826,43.63381],[-8.14917,43.61702],[-8.16938,43.61243],[-8.18662,43.62152],[-8.18696,43.61316],[-8.19549,43.61209],[-8.19025,43.60245],[-8.19922,43.60389],[-8.21444,43.59273],[-8.2136,43.58328],[-8.25645,43.55921],[-8.29456,43.55637],[-8.31535,43.56848],[-8.32275,43.55531],[-8.31367,43.55597],[-8.29458,43.53637],[-8.30653,43.52415],[-8.32248,43.52567],[-8.32906,43.50737],[-8.31742,43.501],[-8.31917,43.49257],[-8.34634,43.4643],[-8.33862,43.45878],[-8.31499,43.47085],[-8.29823,43.46106],[-8.26432,43.46823],[-8.25831,43.48695],[-8.24478,43.49368],[-8.24783,43.48053],[-8.23838,43.4741],[-8.2299,43.48167],[-8.23187,43.47174],[-8.21793,43.48344],[-8.20487,43.47691],[-8.19195,43.4807],[-8.19698,43.48772],[-8.16949,43.49998],[-8.16359,43.50961],[-8.17145,43.51343],[-8.14989,43.51687],[-8.15895,43.50313],[-8.151,43.50437],[-8.1685,43.49887],[-8.16888,43.48427],[-8.17646,43.47839],[-8.18179,43.48312],[-8.18758,43.47776],[-8.18056,43.47246],[-8.19239,43.46406],[-8.22514,43.45846],[-8.25344,43.46687],[-8.26521,43.45625],[-8.2688,43.46427],[-8.30974,43.45552],[-8.30254,43.44863],[-8.31408,43.44655],[-8.29449,43.4358],[-8.27718,43.43728],[-8.25572,43.42031],[-8.23758,43.42009],[-8.23663,43.43027],[-8.21336,43.41908],[-8.19504,43.42698],[-8.17199,43.42001],[-8.17298,43.41298],[-8.20513,43.40914],[-8.22145,43.38699],[-8.21684,43.36795],[-8.20706,43.36518],[-8.21873,43.35367],[-8.19968,43.33562],[-8.2115,43.34086],[-8.20833,43.32801],[-8.25059,43.35018],[-8.2481,43.3651],[-8.26212,43.38144],[-8.29537,43.38667],[-8.30317,43.40458],[-8.34821,43.39717],[-8.34135,43.39186],[-8.3538,43.38324],[-8.3364,43.38039],[-8.33636,43.37184],[-8.34981,43.35673],[-8.34552,43.3486],[-8.35889,43.34203],[-8.38559,43.34012],[-8.38544,43.35367],[-8.3943,43.36378],[-8.40247,43.36164],[-8.39669,43.37015],[-8.38508,43.3659],[-8.39924,43.39031],[-8.41021,43.38465],[-8.40698,43.36964],[-8.43829,43.38203],[-8.45581,43.36977],[-8.45565,43.35971],[-8.48371,43.35282],[-8.49228,43.36026],[-8.50145,43.33147],[-8.53252,43.3156],[-8.5672,43.31203],[-8.60601,43.32236],[-8.60933,43.31503],[-8.70929,43.2899],[-8.72186,43.29712],[-8.74431,43.29373],[-8.7818,43.30327],[-8.80065,43.31335],[-8.8048,43.32693],[-8.82611,43.32839],[-8.83766,43.34706],[-8.84756,43.33729],[-8.84406,43.32012],[-8.85706,43.31688],[-8.86885,43.32316],[-8.87387,43.31277],[-8.88281,43.32025],[-8.90921,43.32164],[-8.90646,43.29358],[-8.92359,43.29411],[-8.92618,43.28244],[-8.95515,43.2941],[-8.98923,43.27494],[-8.97526,43.26255],[-8.95016,43.26362],[-8.93821,43.2272],[-8.9519,43.23112],[-8.97004,43.22432],[-8.97927,43.22956],[-8.99174,43.21654],[-9.01148,43.23343],[-9.00856,43.22474],[-9.02166,43.21391],[-9.03087,43.21567],[-9.03982,43.19379],[-9.07607,43.18226]]],[[[-7.83328,43.70783],[-7.83328,43.70783],[-7.83328,43.70783],[-7.83328,43.70783],[-7.83328,43.70783],[-7.83328,43.70783],[-7.83328,43.70783],[-7.83328,43.70783],[-7.83328,43.70783],[-7.83328,43.70783],[-7.83328,43.70783],[-7.83328,43.70783],[-7.83328,43.70783],[-7.83328,43.70783],[-7.83328,43.70783],[-7.83328,43.70783],[-7.83142,43.70983],[-7.83568,43.71068],[-7.83652,43.709],[-7.83328,43.70783]]],[[[-8.22237,43.38469],[-8.22237,43.38469],[-8.22237,43.38469],[-8.22237,43.38469],[-8.22237,43.38469],[-8.22237,43.38469],[-8.22237,43.38469],[-8.22237,43.38469],[-8.22237,43.38469],[-8.22237,43.38469],[-8.22237,43.38469],[-8.22237,43.38469],[-8.22237,43.38469],[-8.22237,43.38469],[-8.22237,43.38469],[-8.22237,43.38469],[-8.22188,43.3863],[-8.22372,43.38553],[-8.22237,43.38469]]],[[[-8.33605,43.51068],[-8.33605,43.51068],[-8.33605,43.51068],[-8.33605,43.51068],[-8.33605,43.51068],[-8.33605,43.51068],[-8.33605,43.51068],[-8.33605,43.51068],[-8.33605,43.51068],[-8.33605,43.51068],[-8.33605,43.51068],[-8.33605,43.51068],[-8.33605,43.51068],[-8.33605,43.51068],[-8.33605,43.51068],[-8.33605,43.51068],[-8.33513,43.51177],[-8.33877,43.51208],[-8.33605,43.51068]]],[[[-8.83041,43.35647],[-8.83041,43.35647],[-8.83041,43.35647],[-8.83041,43.35647],[-8.83041,43.35647],[-8.83041,43.35647],[-8.83041,43.35647],[-8.83041,43.35647],[-8.83041,43.35647],[-8.83041,43.35647],[-8.83041,43.35647],[-8.83041,43.35647],[-8.83041,43.35647],[-8.83041,43.35647],[-8.83041,43.35647],[-8.83041,43.35647],[-8.82869,43.35791],[-8.83193,43.36263],[-8.83428,43.35719],[-8.83041,43.35647]]],[[[-8.83015,43.35283],[-8.83015,43.35283],[-8.83015,43.35283],[-8.83015,43.35283],[-8.83015,43.35283],[-8.83015,43.35283],[-8.83015,43.35283],[-8.83015,43.35283],[-8.83015,43.35283],[-8.83015,43.35283],[-8.83015,43.35283],[-8.83015,43.35283],[-8.83015,43.35283],[-8.83015,43.35283],[-8.83015,43.35283],[-8.83015,43.35283],[-8.83022,43.3558],[-8.83359,43.35642],[-8.83381,43.35388],[-8.83015,43.35283]]],[[[-8.8436,43.35508],[-8.83467,43.3624],[-8.84809,43.36202],[-8.8436,43.35508]]]]}},{"type":"Feature","properties":{"code":"711501C"},"geometry":{"type":"Polygon","coordinates":[[[-9.34745,43.39194],[-9.07607,43.18226],[-9.03982,43.19379],[-9.03087,43.21567],[-9.02166,43.21391],[-9.00856,43.22474],[-9.01148,43.23343],[-8.99174,43.21654],[-8.97927,43.22956],[-8.97004,43.22432],[-8.9519,43.23112],[-8.93821,43.2272],[-8.95016,43.26362],[-8.97526,43.26255],[-8.98923,43.27494],[-8.95515,43.2941],[-8.92618,43.28244],[-8.92359,43.29411],[-8.90646,43.29358],[-8.90921,43.32164],[-8.88281,43.32025],[-8.87387,43.31277],[-8.86885,43.32316],[-8.85706,43.31688],[-8.84406,43.32012],[-8.84756,43.33729],[-8.83766,43.34706],[-8.82611,43.32839],[-8.8048,43.32693],[-8.80065,43.31335],[-8.7818,43.30327],[-8.74431,43.29373],[-8.72186,43.29712],[-8.70929,43.2899],[-8.60933,43.31503],[-8.60601,43.32236],[-8.5672,43.31203],[-8.53252,43.3156],[-8.50145,43.33147],[-8.49228,43.36026],[-8.48371,43.35282],[-8.45565,43.35971],[-8.45581,43.36977],[-8.43829,43.38203],[-8.40698,43.36964],[-8.41021,43.38465],[-8.39924,43.39031],[-8.38508,43.3659],[-8.39669,43.37015],[-8.40247,43.36164],[-8.3943,43.36378],[-8.38544,43.35367],[-8.38559,43.34012],[-8.35889,43.34203],[-8.34552,43.3486],[-8.34981,43.35673],[-8.33636,43.37184],[-8.3364,43.38039],[-8.3538,43.38324],[-8.34135,43.39186],[-8.34821,43.39717],[-8.30317,43.40458],[-8.29537,43.38667],[-8.26212,43.38144],[-8.2481,43.3651],[-8.25059,43.35018],[-8.20833,43.32801],[-8.2115,43.34086],[-8.19968,43.33562],[-8.21873,43.35367],[-8.20706,43.36518],[-8.21684,43.36795],[-8.22145,43.38699],[-8.20513,43.40914],[-8.17298,43.41298],[-8.17199,43.42001],[-8.19504,43.42698],[-8.21336,43.41908],[-8.23663,43.43027],[-8.23758,43.42009],[-8.25572,43.42031],[-8.27718,43.43728],[-8.29449,43.4358],[-8.31408,43.44655],[-8.30254,43.44863],[-8.30974,43.45552],[-8.2688,43.46427],[-8.26521,43.45625],[-8.25344,43.46687],[-8.22514,43.45846],[-8.19239,43.46406],[-8.18056,43.47246],[-8.18758,43.47776],[-8.18179,43.48312],[-8.17646,43.47839],[-8.16888,43.48427],[-8.1685,43.49887],[-8.151,43.50437],[-8.15895,43.50313],[-8.14989,43.51687],[-8.17145,43.51343],[-8.16359,43.50961],[-8.16949,43.49998],[-8.19698,43.48772],[-8.19195,43.4807],[-8.20487,43.47691],[-8.21793,43.48344],[-8.23187,43.47174],[-8.2299,43.48167],[-8.23838,43.4741],[-8.24783,43.48053],[-8.24478,43.49368],[-8.25831,43.48695],[-8.26432,43.46823],[-8.29823,43.46106],[-8.31499,43.47085],[-8.33862,43.45878],[-8.34634,43.4643],[-8.31917,43.49257],[-8.31742,43.501],[-8.32906,43.50737],[-8.32248,43.52567],[-8.30653,43.52415],[-8.29458,43.53637],[-8.32425,43.56014],[-8.31032,43.56969],[-8.29456,43.55637],[-8.25645,43.55921],[-8.2136,43.58328],[-8.21444,43.59273],[-8.19922,43.60389],[-8.19025,43.60245],[-8.19549,43.61209],[-8.18696,43.61316],[-8.18662,43.62152],[-8.16938,43.61243],[-8.14917,43.61702],[-8.13826,43.63381],[-8.09892,43.64764],[-8.09149,43.66681],[-8.08281,43.6453],[-8.05278,43.64885],[-8.05384,43.66091],[-8.07418,43.66017],[-8.06089,43.70516],[-8.02999,43.71403],[-8.00143,43.70476],[-7.95869,43.72335],[-7.94548,43.73486],[-7.94922,43.74179],[-7.92094,43.7434],[-7.90292,43.76949],[-7.88723,43.76336],[-7.86728,43.77389],[-7.85773,43.75964],[-7.86894,43.73072],[-7.84865,43.71761],[-7.84887,43.70934],[-7.87624,43.7213],[-7.86751,43.70758],[-7.87813,43.70043],[-7.87586,43.68794],[-7.89021,43.68551],[-7.86966,43.68061],[-7.87039,43.67197],[-7.88514,43.67793],[-7.90264,43.67177],[-7.88296,43.66327],[-7.86267,43.66252],[-7.84804,43.67383],[-7.84239,43.66883],[-7.86629,43.69798],[-7.85415,43.70567],[-7.82803,43.7034],[-7.83594,43.69625],[-7.81989,43.69608],[-7.82275,43.69037],[-7.80535,43.69487],[-7.82407,43.70115],[-7.82672,43.71424],[-7.8051,43.71594],[-7.81305,43.72437],[-7.79413,43.72348],[-7.79088,43.73623],[-7.77494,43.73352],[-7.74842,43.74701],[-7.72308,43.74936],[-7.71547,43.76475],[-7.68561,43.77629],[-7.68617,43.79029],[-7.6604,43.7777],[-7.68702,43.75634],[-7.68525,43.74327],[-7.70009,43.7361],[-7.68149,43.7393],[-7.67476,43.75273],[-7.64741,43.76763],[-7.61311,43.82727],[-7.60051,44.11691],[-7.69886,44.12307],[-7.78947,44.11472],[-7.85051,44.09984],[-7.94983,44.10061],[-8.04218,44.08675],[-8.12862,44.05959],[-8.28706,43.99492],[-8.35996,43.95789],[-8.44121,43.88914],[-8.58652,43.83516],[-8.65733,43.78971],[-8.71367,43.73468],[-8.74368,43.68742],[-8.85259,43.69475],[-8.95551,43.68529],[-9.04069,43.6636],[-9.11828,43.63017],[-9.19976,43.5721],[-9.31339,43.50877],[-9.3444,43.48054],[-9.42382,43.4553],[-9.34745,43.39194]],[[-7.83652,43.709],[-7.83652,43.709],[-7.83652,43.709],[-7.83652,43.709],[-7.83652,43.709],[-7.83652,43.709],[-7.83652,43.709],[-7.83652,43.709],[-7.83652,43.709],[-7.83652,43.709],[-7.83652,43.709],[-7.83652,43.709],[-7.83652,43.709],[-7.83652,43.709],[-7.83652,43.709],[-7.83568,43.71068],[-7.83142,43.70983],[-7.83142,43.70983],[-7.83142,43.70983],[-7.83328,43.70783],[-7.83652,43.709],[-7.83652,43.709],[-7.83652,43.709]],[[-8.22188,43.3863],[-8.22188,43.3863],[-8.22188,43.3863],[-8.22188,43.3863],[-8.22188,43.3863],[-8.22188,43.3863],[-8.22188,43.3863],[-8.22188,43.3863],[-8.22188,43.3863],[-8.22188,43.3863],[-8.22188,43.3863],[-8.22188,43.3863],[-8.22188,43.3863],[-8.22188,43.3863],[-8.22188,43.3863],[-8.22188,43.3863],[-8.22237,43.38469],[-8.22372,43.38553],[-8.22372,43.38553],[-8.22372,43.38553],[-8.22188,43.3863],[-8.22188,43.3863]],[[-8.33513,43.51177],[-8.33513,43.51177],[-8.33513,43.51177],[-8.33513,43.51177],[-8.33513,43.51177],[-8.33513,43.51177],[-8.33513,43.51177],[-8.33513,43.51177],[-8.33513,43.51177],[-8.33513,43.51177],[-8.33513,43.51177],[-8.33513,43.51177],[-8.33513,43.51177],[-8.33513,43.51177],[-8.33513,43.51177],[-8.33513,43.51177],[-8.33605,43.51068],[-8.33877,43.51208],[-8.33877,43.51208],[-8.33877,43.51208],[-8.33513,43.51177],[-8.33513,43.51177]],[[-8.83428,43.35719],[-8.83428,43.35719],[-8.83428,43.35719],[-8.83428,43.35719],[-8.83428,43.35719],[-8.83428,43.35719],[-8.83428,43.35719],[-8.83428,43.35719],[-8.83428,43.35719],[-8.83428,43.35719],[-8.83428,43.35719],[-8.83428,43.35719],[-8.83428,43.35719],[-8.83428,43.35719],[-8.83428,43.35719],[-8.83193,43.36263],[-8.83193,43.36263],[-8.83193,43.36263],[-8.82869,43.35791],[-8.83041,43.35647],[-8.83428,43.35719],[-8.83428,43.35719],[-8.83428,43.35719]],[[-8.83381,43.35388],[-8.83381,43.35388],[-8.83381,43.35388],[-8.83381,43.35388],[-8.83381,43.35388],[-8.83381,43.35388],[-8.83381,43.35388],[-8.83381,43.35388],[-8.83381,43.35388],[-8.83381,43.35388],[-8.83381,43.35388],[-8.83381,43.35388],[-8.83381,43.35388],[-8.83381,43.35388],[-8.83381,43.35388],[-8.83359,43.35642],[-8.83022,43.3558],[-8.83022,43.3558],[-8.83022,43.3558],[-8.83015,43.35283],[-8.83381,43.35388],[-8.83381,43.35388],[-8.83381,43.35388]],[[-8.84809,43.36202],[-8.83717,43.36357],[-8.83418,43.35769],[-8.8436,43.35508],[-8.84809,43.36202]]]}},{"type":"Feature","properties":{"code":"711502"},"geometry":{"type":"MultiPolygon","coordinates":[[[[-9.25908,42.97629],[-9.28256,42.95585],[-9.28021,42.94446],[-9.2911,42.94003],[-9.29657,42.92338],[-9.27373,42.91078],[-9.28045,42.89326],[-9.27071,42.88027],[-9.25636,42.90867],[-9.26157,42.91924],[-9.23229,42.92668],[-9.2316,42.94097],[-9.21638,42.94196],[-9.20773,42.9168],[-9.18166,42.91643],[-9.18936,42.9577],[-9.17203,42.94417],[-9.16157,42.91316],[-9.1239,42.90581],[-9.14161,42.89679],[-9.13729,42.88894],[-9.14889,42.87202],[-9.1367,42.85057],[-9.10847,42.8411],[-9.1041,42.82347],[-9.11049,42.81148],[-9.14968,42.79965],[-9.1328,42.79155],[-9.11235,42.76138],[-9.09601,42.77634],[-9.09506,42.79404],[-9.0527,42.8337],[-9.05113,42.85205],[-9.03211,42.86059],[-8.99965,42.84404],[-8.97655,42.86221],[-8.99314,42.89076],[-8.95979,42.8944],[-8.92661,42.88131],[-8.91407,42.88554],[-8.91821,42.91929],[-8.88697,42.92531],[-8.88458,42.93211],[-8.90088,42.98473],[-8.89076,42.99282],[-8.91298,43.01544],[-8.91348,43.03581],[-8.88363,43.06049],[-8.88258,43.08019],[-8.86872,43.09036],[-8.86495,43.10913],[-8.85096,43.10733],[-8.85643,43.11985],[-8.84139,43.12626],[-8.83939,43.14281],[-8.88786,43.15957],[-8.91281,43.14854],[-8.93171,43.1653],[-8.92023,43.18057],[-8.92797,43.18528],[-8.9381,43.18621],[-8.94869,43.16827],[-8.98212,43.18167],[-9.00704,43.15149],[-9.05211,43.16241],[-9.06794,43.1785],[-9.0836,43.18585],[-9.08987,43.182],[-9.09564,43.19273],[-9.10687,43.18573],[-9.11703,43.1961],[-9.13466,43.19744],[-9.13381,43.19114],[-9.14827,43.19588],[-9.15747,43.18349],[-9.17298,43.1911],[-9.18267,43.1638],[-9.19467,43.16275],[-9.19794,43.15464],[-9.21098,43.1626],[-9.2121,43.15131],[-9.2018,43.14236],[-9.20395,43.13052],[-9.18359,43.1234],[-9.16405,43.15319],[-9.16602,43.13283],[-9.15673,43.12782],[-9.16535,43.10498],[-9.18183,43.10367],[-9.18768,43.0902],[-9.19658,43.10413],[-9.21173,43.1023],[-9.21817,43.11421],[-9.21924,43.08929],[-9.23587,43.0915],[-9.24262,43.08517],[-9.24645,43.09323],[-9.25522,43.09232],[-9.24748,43.07248],[-9.2611,43.0488],[-9.27576,43.04449],[-9.29717,43.05643],[-9.27497,43.01115],[-9.26241,43.01151],[-9.25566,43.00287],[-9.25908,42.97629]]],[[[-9.18235,42.87909],[-9.1837,42.88189],[-9.18499,42.881],[-9.18235,42.87909]]]]}},{"type":"Feature","properties":{"code":"711502C"},"geometry":{"type":"Polygon","coordinates":[[[-9.42382,43.4553],[-9.51584,43.40941],[-9.57915,43.35781],[-9.63585,43.27616],[-9.67443,43.24134],[-9.7144,43.18711],[-9.73995,43.12842],[-9.75024,43.06728],[-9.74497,43.0058],[-9.71832,42.93356],[-9.71974,42.84317],[-9.70085,42.77898],[-9.66526,42.71877],[-9.61439,42.66487],[-9.53637,42.61282],[-9.53667,42.59557],[-9.11235,42.76138],[-9.1328,42.79155],[-9.14968,42.79965],[-9.11049,42.81148],[-9.1041,42.82347],[-9.10847,42.8411],[-9.1367,42.85057],[-9.14889,42.87202],[-9.13729,42.88894],[-9.14161,42.89679],[-9.1239,42.90581],[-9.16157,42.91316],[-9.17203,42.94417],[-9.18936,42.9577],[-9.18166,42.91643],[-9.20773,42.9168],[-9.21638,42.94196],[-9.2278,42.94204],[-9.23229,42.92668],[-9.26157,42.91924],[-9.25636,42.90867],[-9.26568,42.88428],[-9.27071,42.88027],[-9.27962,42.88985],[-9.27373,42.91078],[-9.29657,42.92338],[-9.2911,42.94003],[-9.28021,42.94446],[-9.28256,42.95585],[-9.26089,42.97116],[-9.25566,43.00287],[-9.26241,43.01151],[-9.27497,43.01115],[-9.29717,43.05643],[-9.27576,43.04449],[-9.2611,43.0488],[-9.24748,43.07248],[-9.25522,43.09232],[-9.24645,43.09323],[-9.24262,43.08517],[-9.23587,43.0915],[-9.21924,43.08929],[-9.21817,43.11421],[-9.21173,43.1023],[-9.19658,43.10413],[-9.18768,43.0902],[-9.18183,43.10367],[-9.16535,43.10498],[-9.15673,43.12782],[-9.16602,43.13283],[-9.16405,43.15319],[-9.18359,43.1234],[-9.20395,43.13052],[-9.2018,43.14236],[-9.2121,43.1513],[-9.21098,43.1626],[-9.19794,43.15464],[-9.19467,43.16275],[-9.18267,43.1638],[-9.17298,43.1911],[-9.15747,43.18349],[-9.14827,43.19588],[-9.13381,43.19114],[-9.12871,43.19863],[-9.10687,43.18573],[-9.09564,43.19273],[-9.08987,43.182],[-9.07607,43.18226],[-9.42382,43.4553]],[[-9.18499,42.881],[-9.1837,42.88189],[-9.1837,42.88189],[-9.1837,42.88189],[-9.18235,42.87909],[-9.18235,42.87909],[-9.18235,42.87909],[-9.18499,42.881]]]}},{"type":"Feature","properties":{"code":"711503"},"geometry":{"type":"Polygon","coordinates":[[[-8.91184,42.90075],[-8.90897,42.90921],[-8.88281,42.90304],[-8.87812,42.91041],[-8.86523,42.90912],[-8.87243,42.87044],[-8.7982,42.8346],[-8.77303,42.82924],[-8.75036,42.84213],[-8.72724,42.83703],[-8.71772,42.84228],[-8.70316,42.83622],[-8.69323,42.81324],[-8.66686,42.80701],[-8.6446,42.81744],[-8.62576,42.81451],[-8.62641,42.80364],[-8.60638,42.79731],[-8.63173,42.79196],[-8.6216,42.78662],[-8.62651,42.7688],[-8.57834,42.77111],[-8.58078,42.75487],[-8.56906,42.74332],[-8.55316,42.74707],[-8.55193,42.76165],[-8.53226,42.75214],[-8.49219,42.75694],[-8.46884,42.74403],[-8.4055,42.75455],[-8.41315,42.76694],[-8.39813,42.78102],[-8.38993,42.77702],[-8.39076,42.78951],[-8.35218,42.77939],[-8.33013,42.79477],[-8.32894,42.82765],[-8.34032,42.82836],[-8.34412,42.83628],[-8.32824,42.84242],[-8.32378,42.83152],[-8.31359,42.84618],[-8.30882,42.83078],[-8.29148,42.8292],[-8.29808,42.81924],[-8.27797,42.81123],[-8.27537,42.82198],[-8.25306,42.83704],[-8.24424,42.82794],[-8.23368,42.83319],[-8.20577,42.82549],[-8.21896,42.84498],[-8.20519,42.84323],[-8.18221,42.86035],[-8.13756,42.84345],[-8.12488,42.85032],[-8.11399,42.84187],[-8.08735,42.85399],[-8.07028,42.85276],[-8.06163,42.8365],[-8.04443,42.83182],[-8.02281,42.84749],[-7.99359,42.85095],[-7.97639,42.87775],[-7.95468,42.88479],[-7.93401,42.90378],[-7.94182,42.91768],[-7.9148,42.93263],[-7.90667,42.95158],[-7.90381,42.98572],[-7.94129,43.0679],[-7.91509,43.08865],[-7.93585,43.11185],[-7.94923,43.17749],[-7.95949,43.1902],[-7.92001,43.26978],[-7.94504,43.28618],[-7.88728,43.3361],[-7.87961,43.35294],[-7.89707,43.39097],[-7.88972,43.39875],[-7.86807,43.40886],[-7.84439,43.39977],[-7.82155,43.40105],[-7.80386,43.42691],[-7.80576,43.43764],[-7.77857,43.44921],[-7.75726,43.50877],[-7.74291,43.51219],[-7.74298,43.53074],[-7.75371,43.5321],[-7.74646,43.54219],[-7.75878,43.54813],[-7.75059,43.5532],[-7.77061,43.54944],[-7.79485,43.55974],[-7.80087,43.55319],[-7.80559,43.5663],[-7.83066,43.57081],[-7.84073,43.56809],[-7.84441,43.55349],[-7.87571,43.55404],[-7.87688,43.56549],[-7.86449,43.57811],[-7.8792,43.57955],[-7.88978,43.57183],[-7.90058,43.57905],[-7.92379,43.55245],[-7.98277,43.53824],[-7.98621,43.52536],[-7.97567,43.52669],[-7.96737,43.5154],[-7.97637,43.50919],[-7.97856,43.47808],[-8.00255,43.47319],[-8.02766,43.48033],[-8.0335,43.47455],[-8.09249,43.47339],[-8.10036,43.46692],[-8.07398,43.41297],[-8.08607,43.40588],[-8.09013,43.41449],[-8.09869,43.41267],[-8.1086,43.40535],[-8.08894,43.3728],[-8.12353,43.36709],[-8.11391,43.35522],[-8.08867,43.35248],[-8.08583,43.33137],[-8.14668,43.31569],[-8.13469,43.31021],[-8.12958,43.29499],[-8.10355,43.29302],[-8.11835,43.27342],[-8.10657,43.25975],[-8.12094,43.25219],[-8.13387,43.26468],[-8.15407,43.26979],[-8.16328,43.26395],[-8.18709,43.28268],[-8.19558,43.28003],[-8.18347,43.24554],[-8.16793,43.22928],[-8.15765,43.2316],[-8.1142,43.21317],[-8.09236,43.18051],[-8.07013,43.17861],[-8.06306,43.18516],[-8.04995,43.17627],[-8.06213,43.17345],[-8.06908,43.15917],[-8.08049,43.15283],[-8.10645,43.16425],[-8.12943,43.15552],[-8.15834,43.11971],[-8.17424,43.13688],[-8.20568,43.12581],[-8.23616,43.14286],[-8.27863,43.12617],[-8.28531,43.14789],[-8.31135,43.15826],[-8.31743,43.14648],[-8.34507,43.13796],[-8.35762,43.14726],[-8.3565,43.16064],[-8.3733,43.17026],[-8.4072,43.16663],[-8.41748,43.15001],[-8.4486,43.1571],[-8.46133,43.13131],[-8.49327,43.09932],[-8.52364,43.10488],[-8.51744,43.12415],[-8.55588,43.1348],[-8.58223,43.15394],[-8.60765,43.1385],[-8.63479,43.10212],[-8.64969,43.11957],[-8.67492,43.12424],[-8.69448,43.11484],[-8.68677,43.08592],[-8.74965,43.10135],[-8.74476,43.11132],[-8.76721,43.10831],[-8.76925,43.11694],[-8.81238,43.11791],[-8.82208,43.0989],[-8.86495,43.10913],[-8.86872,43.09036],[-8.88258,43.08019],[-8.88363,43.06049],[-8.91348,43.03581],[-8.91298,43.01544],[-8.89076,42.99282],[-8.90088,42.98473],[-8.88458,42.93211],[-8.88697,42.92531],[-8.91821,42.91929],[-8.91869,42.90197],[-8.91184,42.90075]]]}},{"type":"Feature","properties":{"code":"711504"},"geometry":{"type":"MultiPolygon","coordinates":[[[[-9.11235,42.76138],[-9.11349,42.75458],[-9.09925,42.75568],[-9.08777,42.73867],[-9.07658,42.73937],[-9.07429,42.7579],[-9.0564,42.75998],[-9.04652,42.7697],[-9.06234,42.7873],[-9.0409,42.78768],[-9.01866,42.80104],[-9.01024,42.79628],[-9.01363,42.7825],[-8.97974,42.77885],[-8.9734,42.79165],[-8.96094,42.77909],[-8.92974,42.80769],[-8.92187,42.79776],[-8.90581,42.8033],[-8.90381,42.82942],[-8.88688,42.81684],[-8.87431,42.82873],[-8.87612,42.81741],[-8.89467,42.81674],[-8.89994,42.80291],[-8.88918,42.78036],[-8.90953,42.792],[-8.92712,42.7843],[-8.95616,42.74613],[-8.98599,42.74292],[-8.99436,42.72838],[-9.00693,42.72763],[-9.0093,42.71089],[-9.02197,42.70883],[-9.03211,42.69555],[-9.02827,42.68055],[-9.0413,42.66341],[-9.03677,42.64211],[-9.06124,42.61986],[-9.06354,42.60014],[-9.08008,42.59482],[-9.07841,42.58047],[-9.08977,42.57858],[-9.07283,42.56698],[-9.06207,42.57724],[-9.04802,42.57387],[-9.02861,42.5508],[-9.04154,42.51801],[-9.01169,42.52347],[-9.00445,42.51486],[-9.00893,42.52564],[-8.98143,42.54581],[-8.98695,42.56579],[-8.96113,42.56897],[-8.95471,42.58373],[-8.91924,42.58701],[-8.93608,42.60843],[-8.90071,42.63369],[-8.9011,42.64271],[-8.87415,42.63552],[-8.88611,42.61092],[-8.88093,42.61505],[-8.86777,42.60456],[-8.85439,42.60726],[-8.85455,42.63006],[-8.83845,42.62851],[-8.83601,42.63445],[-8.85913,42.6476],[-8.85054,42.66563],[-8.83845,42.66119],[-8.84328,42.68733],[-8.82761,42.66675],[-8.81151,42.66619],[-8.81922,42.64508],[-8.79401,42.63666],[-8.76869,42.6533],[-8.74578,42.65058],[-8.71678,42.70635],[-8.67666,42.71198],[-8.67483,42.71784],[-8.65347,42.72085],[-8.64942,42.7295],[-8.62245,42.7146],[-8.60512,42.7155],[-8.59841,42.74346],[-8.56906,42.74332],[-8.58078,42.75487],[-8.57834,42.77111],[-8.62651,42.7688],[-8.6216,42.78662],[-8.63173,42.79196],[-8.60638,42.79731],[-8.62641,42.80364],[-8.62576,42.81451],[-8.6446,42.81744],[-8.66686,42.80701],[-8.69323,42.81324],[-8.70316,42.83622],[-8.71772,42.84228],[-8.72724,42.83703],[-8.75036,42.84213],[-8.77303,42.82924],[-8.84134,42.85063],[-8.87243,42.87044],[-8.86523,42.90912],[-8.87812,42.91041],[-8.88281,42.90304],[-8.90897,42.90921],[-8.91407,42.88554],[-8.92661,42.88131],[-8.95979,42.8944],[-8.99314,42.89076],[-8.97655,42.86221],[-8.99965,42.84404],[-9.03211,42.86059],[-9.05113,42.85205],[-9.0527,42.8337],[-9.09506,42.79404],[-9.09601,42.77634],[-9.11235,42.76138]]],[[[-8.96197,42.7734],[-8.96197,42.7734],[-8.96197,42.7734],[-8.96197,42.7734],[-8.96197,42.7734],[-8.96197,42.7734],[-8.96197,42.7734],[-8.96197,42.7734],[-8.96197,42.7734],[-8.96197,42.7734],[-8.96197,42.7734],[-8.96197,42.7734],[-8.96197,42.7734],[-8.96197,42.7734],[-8.96197,42.7734],[-8.96197,42.7734],[-8.96102,42.77562],[-8.96489,42.77682],[-8.96197,42.7734]]],[[[-8.99425,42.48807],[-8.99425,42.48807],[-8.99425,42.48807],[-8.99425,42.48807],[-8.99425,42.48807],[-8.99425,42.48807],[-8.99425,42.48807],[-8.99425,42.48807],[-8.99425,42.48807],[-8.99425,42.48807],[-8.99425,42.48807],[-8.99425,42.48807],[-8.99425,42.48807],[-8.99425,42.48807],[-8.99425,42.48807],[-8.99425,42.48807],[-8.99564,42.49019],[-8.99646,42.48852],[-8.99425,42.48807]]],[[[-9.00832,42.46372],[-8.99792,42.46954],[-9.01339,42.48582],[-9.01861,42.47496],[-9.00832,42.46372]]],[[[-9.00128,42.49608],[-9.00128,42.49608],[-9.00128,42.49608],[-9.00128,42.49608],[-9.00128,42.49608],[-9.00128,42.49608],[-9.00128,42.49608],[-9.00128,42.49608],[-9.00128,42.49608],[-9.00128,42.49608],[-9.00128,42.49608],[-9.00128,42.49608],[-9.00128,42.49608],[-9.00128,42.49608],[-9.00128,42.49608],[-9.00128,42.49608],[-9.00196,42.50038],[-9.00624,42.50132],[-9.00387,42.49657],[-9.00128,42.49608]]],[[[-9.04337,42.51047],[-9.04337,42.51047],[-9.04337,42.51047],[-9.04337,42.51047],[-9.04337,42.51047],[-9.04337,42.51047],[-9.04337,42.51047],[-9.04337,42.51047],[-9.04337,42.51047],[-9.04337,42.51047],[-9.04337,42.51047],[-9.04337,42.51047],[-9.04337,42.51047],[-9.04337,42.51047],[-9.04337,42.51047],[-9.04337,42.51047],[-9.04243,42.51205],[-9.04591,42.51232],[-9.04337,42.51047]]],[[[-9.04779,42.50748],[-9.04779,42.50748],[-9.04779,42.50748],[-9.04779,42.50748],[-9.04779,42.50748],[-9.04779,42.50748],[-9.04779,42.50748],[-9.04779,42.50748],[-9.04779,42.50748],[-9.04779,42.50748],[-9.04779,42.50748],[-9.04779,42.50748],[-9.04779,42.50748],[-9.04779,42.50748],[-9.04779,42.50748],[-9.04779,42.50748],[-9.04649,42.50976],[-9.04509,42.50913],[-9.04521,42.51153],[-9.04785,42.51263],[-9.0495,42.50961],[-9.04779,42.50748]]],[[[-9.0459,42.51767],[-9.04669,42.51951],[-9.04765,42.51817],[-9.0459,42.51767]]]]}},{"type":"Feature","properties":{"code":"711504C"},"geometry":{"type":"Polygon","coordinates":[[[-9.41698,42.64354],[-9.53667,42.59557],[-9.53752,42.54721],[-9.51721,42.47569],[-9.45608,42.37189],[-9.1935,42.41318],[-9.03504,42.44465],[-8.97986,42.46509],[-8.90725,42.57436],[-8.82466,42.60558],[-8.7398,42.64996],[-8.72261,42.67862],[-8.73033,42.68826],[-8.72599,42.67782],[-8.7435,42.6666],[-8.74578,42.65058],[-8.76869,42.6533],[-8.77729,42.64236],[-8.79894,42.63666],[-8.82213,42.65049],[-8.81151,42.66619],[-8.82761,42.66675],[-8.84328,42.68733],[-8.83845,42.66119],[-8.85054,42.66563],[-8.85913,42.6476],[-8.83601,42.63445],[-8.83845,42.62851],[-8.85455,42.63006],[-8.85439,42.60726],[-8.86777,42.60456],[-8.88093,42.61505],[-8.88611,42.61092],[-8.87415,42.63552],[-8.9011,42.64271],[-8.90071,42.63369],[-8.93608,42.60843],[-8.91924,42.58701],[-8.95471,42.58373],[-8.96113,42.56897],[-8.98695,42.56579],[-8.98143,42.54581],[-9.00893,42.52564],[-9.00445,42.51486],[-9.01169,42.52347],[-9.04154,42.51801],[-9.0398,42.53668],[-9.029,42.54526],[-9.03221,42.55866],[-9.05622,42.57762],[-9.07283,42.56698],[-9.08977,42.57858],[-9.07841,42.58047],[-9.08008,42.59482],[-9.06354,42.60014],[-9.06124,42.61986],[-9.03677,42.64211],[-9.0413,42.66341],[-9.02827,42.68055],[-9.03211,42.69555],[-9.02197,42.70883],[-9.0093,42.71089],[-9.00693,42.72763],[-8.99436,42.72838],[-8.98599,42.74292],[-8.95616,42.74613],[-8.92712,42.7843],[-8.90953,42.792],[-8.88918,42.78036],[-8.89994,42.80291],[-8.89467,42.81674],[-8.87612,42.81741],[-8.87431,42.82873],[-8.88688,42.81684],[-8.90381,42.82942],[-8.89794,42.82627],[-8.90581,42.8033],[-8.92187,42.79776],[-8.92974,42.80769],[-8.95206,42.78189],[-8.96463,42.77949],[-8.9734,42.79165],[-8.97974,42.77885],[-9.00045,42.77931],[-9.01363,42.7825],[-9.01024,42.79628],[-9.02642,42.79919],[-9.0409,42.78768],[-9.06234,42.7873],[-9.04652,42.7697],[-9.0564,42.75998],[-9.07429,42.7579],[-9.07658,42.73937],[-9.08777,42.73867],[-9.09925,42.75568],[-9.11349,42.75458],[-9.11235,42.76138],[-9.41698,42.64354]],[[-8.7331,42.66527],[-8.7331,42.66527],[-8.7331,42.66527],[-8.7331,42.66527],[-8.7331,42.66527],[-8.7331,42.66527],[-8.7331,42.66527],[-8.7331,42.66527],[-8.7331,42.66527],[-8.7331,42.66527],[-8.7331,42.66527],[-8.7331,42.66527],[-8.7331,42.66527],[-8.7331,42.66527],[-8.7331,42.66527],[-8.72939,42.66968],[-8.72939,42.66968],[-8.72939,42.66968],[-8.72934,42.66758],[-8.7331,42.66527],[-8.7331,42.66527],[-8.7331,42.66527]],[[-8.96197,42.7734],[-8.96197,42.7734],[-8.96197,42.7734],[-8.96197,42.7734],[-8.96197,42.7734],[-8.96197,42.7734],[-8.96197,42.7734],[-8.96197,42.7734],[-8.96197,42.7734],[-8.96197,42.7734],[-8.96197,42.7734],[-8.96197,42.7734],[-8.96197,42.7734],[-8.96197,42.7734],[-8.96197,42.7734],[-8.96489,42.77682],[-8.96102,42.77562],[-8.96102,42.77562],[-8.96102,42.77562],[-8.96197,42.7734],[-8.96197,42.7734],[-8.96197,42.7734]],[[-8.99646,42.48852],[-8.99646,42.48852],[-8.99646,42.48852],[-8.99646,42.48852],[-8.99646,42.48852],[-8.99646,42.48852],[-8.99646,42.48852],[-8.99646,42.48852],[-8.99646,42.48852],[-8.99646,42.48852],[-8.99646,42.48852],[-8.99646,42.48852],[-8.99646,42.48852],[-8.99646,42.48852],[-8.99646,42.48852],[-8.99564,42.49019],[-8.99564,42.49019],[-8.99564,42.49019],[-8.99425,42.48807],[-8.99475,42.48818],[-8.99646,42.48852]],[[-9.01861,42.47496],[-9.01339,42.48582],[-8.99792,42.46954],[-9.01162,42.46415],[-9.01861,42.47496]],[[-9.00387,42.49657],[-9.00387,42.49657],[-9.00387,42.49657],[-9.00387,42.49657],[-9.00387,42.49657],[-9.00387,42.49657],[-9.00387,42.49657],[-9.00387,42.49657],[-9.00387,42.49657],[-9.00387,42.49657],[-9.00387,42.49657],[-9.00387,42.49657],[-9.00387,42.49657],[-9.00387,42.49657],[-9.00387,42.49657],[-9.00624,42.50132],[-9.00624,42.50132],[-9.00624,42.50132],[-9.00196,42.50038],[-9.00128,42.49608],[-9.00128,42.49608],[-9.00128,42.49608],[-9.00387,42.49657]],[[-9.04337,42.51047],[-9.04337,42.51047],[-9.04337,42.51047],[-9.04337,42.51047],[-9.04337,42.51047],[-9.04337,42.51047],[-9.04337,42.51047],[-9.04337,42.51047],[-9.04337,42.51047],[-9.04337,42.51047],[-9.04337,42.51047],[-9.04337,42.51047],[-9.04337,42.51047],[-9.04337,42.51047],[-9.04337,42.51047],[-9.04591,42.51232],[-9.04591,42.51232],[-9.04591,42.51232],[-9.04243,42.51205],[-9.04337,42.51047],[-9.04337,42.51047],[-9.04337,42.51047]],[[-9.0495,42.50961],[-9.0495,42.50961],[-9.0495,42.50961],[-9.0495,42.50961],[-9.0495,42.50961],[-9.0495,42.50961],[-9.0495,42.50961],[-9.0495,42.50961],[-9.0495,42.50961],[-9.0495,42.50961],[-9.0495,42.50961],[-9.0495,42.50961],[-9.0495,42.50961],[-9.0495,42.50961],[-9.0495,42.50961],[-9.04785,42.51263],[-9.04785,42.51263],[-9.04785,42.51263],[-9.04521,42.51153],[-9.04509,42.50913],[-9.04509,42.50913],[-9.04509,42.50913],[-9.04649,42.50976],[-9.04779,42.50748],[-9.04779,42.50748],[-9.04779,42.50748],[-9.0495,42.50961]],[[-9.04765,42.51817],[-9.04669,42.51951],[-9.04669,42.51951],[-9.04669,42.51951],[-9.0459,42.51767],[-9.0459,42.51767],[-9.0459,42.51767],[-9.04765,42.51817]]]}},{"type":"Feature","properties":{"code":"712701"},"geometry":{"type":"MultiPolygon","coordinates":[[[[-7.74914,43.5572],[-7.71933,43.53501],[-7.70604,43.53908],[-7.70038,43.50993],[-7.66482,43.52746],[-7.64972,43.52187],[-7.65305,43.49449],[-7.64549,43.48802],[-7.62615,43.49774],[-7.61796,43.52566],[-7.60081,43.52325],[-7.58955,43.54057],[-7.57093,43.5364],[-7.54253,43.5203],[-7.54939,43.49966],[-7.57039,43.48081],[-7.57074,43.4645],[-7.55227,43.46091],[-7.5369,43.4662],[-7.51954,43.45149],[-7.4469,43.45787],[-7.4512,43.42755],[-7.42258,43.41315],[-7.43531,43.40146],[-7.42702,43.3839],[-7.41131,43.38223],[-7.39023,43.39199],[-7.3762,43.38056],[-7.366,43.38585],[-7.33572,43.38082],[-7.32275,43.36916],[-7.28818,43.39305],[-7.28802,43.38458],[-7.27712,43.38139],[-7.27642,43.39294],[-7.23924,43.39951],[-7.24682,43.38957],[-7.23591,43.3739],[-7.24916,43.37087],[-7.2473,43.34259],[-7.25742,43.33144],[-7.2513,43.30486],[-7.26288,43.2871],[-7.20245,43.29008],[-7.20276,43.25648],[-7.15851,43.26502],[-7.13465,43.25593],[-7.11653,43.29559],[-7.08514,43.30059],[-7.09945,43.3041],[-7.11423,43.32688],[-7.12927,43.33054],[-7.12605,43.37289],[-7.13753,43.38364],[-7.15807,43.37502],[-7.181,43.39275],[-7.16706,43.40388],[-7.17532,43.41493],[-7.1715,43.4307],[-7.14054,43.43107],[-7.12798,43.42404],[-7.1014,43.42732],[-7.09644,43.44206],[-7.08407,43.44409],[-7.08884,43.45424],[-7.04617,43.47818],[-7.04613,43.5076],[-7.02869,43.53527],[-7.03522,43.55217],[-7.05538,43.55912],[-7.09054,43.55477],[-7.11337,43.56245],[-7.11727,43.55473],[-7.15507,43.55405],[-7.17526,43.56409],[-7.20192,43.56132],[-7.23469,43.56915],[-7.2442,43.56556],[-7.24131,43.55198],[-7.25411,43.5476],[-7.2601,43.55109],[-7.25096,43.55665],[-7.26807,43.56214],[-7.25709,43.56057],[-7.2438,43.575],[-7.29768,43.59338],[-7.29472,43.60214],[-7.3482,43.64892],[-7.35577,43.67202],[-7.43792,43.69523],[-7.43499,43.70216],[-7.44529,43.694],[-7.44285,43.699],[-7.46716,43.70317],[-7.47857,43.71182],[-7.46603,43.72367],[-7.5083,43.72678],[-7.51264,43.71907],[-7.52318,43.73627],[-7.53168,43.72951],[-7.55262,43.7304],[-7.54936,43.71943],[-7.55844,43.71083],[-7.58548,43.70928],[-7.57647,43.69466],[-7.59488,43.6841],[-7.59555,43.66324],[-7.59306,43.67697],[-7.60294,43.67303],[-7.61246,43.67949],[-7.60486,43.718],[-7.62754,43.7221],[-7.63373,43.75344],[-7.65033,43.74361],[-7.67141,43.74714],[-7.67974,43.73082],[-7.69829,43.7355],[-7.69194,43.71637],[-7.70575,43.71106],[-7.70592,43.70317],[-7.69708,43.69595],[-7.70108,43.68664],[-7.71778,43.68767],[-7.68949,43.65434],[-7.70033,43.64403],[-7.71552,43.64601],[-7.71679,43.63366],[-7.73397,43.62243],[-7.72081,43.60841],[-7.72878,43.60211],[-7.71873,43.59863],[-7.71641,43.5837],[-7.74474,43.58105],[-7.74914,43.5572]]],[[[-7.43704,43.716],[-7.43704,43.716],[-7.43704,43.716],[-7.43704,43.716],[-7.43704,43.716],[-7.43704,43.716],[-7.43704,43.716],[-7.43704,43.716],[-7.43704,43.716],[-7.43704,43.716],[-7.43704,43.716],[-7.43704,43.716],[-7.43704,43.716],[-7.43704,43.716],[-7.43704,43.716],[-7.43704,43.716],[-7.43504,43.71661],[-7.43946,43.71735],[-7.43704,43.716]]],[[[-7.48905,43.72948],[-7.48905,43.72948],[-7.48905,43.72948],[-7.48905,43.72948],[-7.48905,43.72948],[-7.48905,43.72948],[-7.48905,43.72948],[-7.48905,43.72948],[-7.48905,43.72948],[-7.48905,43.72948],[-7.48905,43.72948],[-7.48905,43.72948],[-7.48905,43.72948],[-7.48905,43.72948],[-7.48905,43.72948],[-7.48905,43.72948],[-7.4869,43.73164],[-7.49095,43.73251],[-7.49234,43.73053],[-7.48905,43.72948]]],[[[-7.63164,43.7573],[-7.62688,43.75851],[-7.62769,43.76198],[-7.63325,43.75963],[-7.63164,43.7573]]]]}},{"type":"Feature","properties":{"code":"712701C"},"geometry":{"type":"Polygon","coordinates":[[[-7.0304,43.54484],[-7.01424,43.88236],[-7.0379,43.88221],[-7.10215,43.94646],[-7.16959,43.98863],[-7.24709,44.02058],[-7.35626,44.05094],[-7.41891,44.05989],[-7.51972,44.10074],[-7.60051,44.11691],[-7.61311,43.82727],[-7.64741,43.76763],[-7.67476,43.75273],[-7.68149,43.7393],[-7.69829,43.7355],[-7.67974,43.73082],[-7.67141,43.74714],[-7.65033,43.74361],[-7.63373,43.75344],[-7.62754,43.7221],[-7.60486,43.718],[-7.61246,43.67949],[-7.60294,43.67303],[-7.59306,43.67697],[-7.59555,43.66324],[-7.59488,43.6841],[-7.57647,43.69466],[-7.58548,43.70928],[-7.55844,43.71083],[-7.54936,43.71943],[-7.55262,43.7304],[-7.53168,43.72951],[-7.52318,43.73627],[-7.51264,43.71907],[-7.5083,43.72678],[-7.46603,43.72367],[-7.47857,43.71182],[-7.46716,43.70317],[-7.44285,43.699],[-7.44529,43.694],[-7.43499,43.70216],[-7.43792,43.69523],[-7.35577,43.67202],[-7.3482,43.64892],[-7.29472,43.60214],[-7.29768,43.59338],[-7.2438,43.575],[-7.25709,43.56057],[-7.26807,43.56214],[-7.25096,43.55665],[-7.2601,43.55109],[-7.25411,43.5476],[-7.24131,43.55198],[-7.2442,43.56556],[-7.23469,43.56915],[-7.20192,43.56132],[-7.17526,43.56409],[-7.15507,43.55405],[-7.11727,43.55473],[-7.11337,43.56245],[-7.06975,43.5529],[-7.05538,43.55912],[-7.0304,43.54484]],[[-7.43504,43.71661],[-7.43504,43.71661],[-7.43504,43.71661],[-7.43504,43.71661],[-7.43504,43.71661],[-7.43504,43.71661],[-7.43504,43.71661],[-7.43504,43.71661],[-7.43504,43.71661],[-7.43504,43.71661],[-7.43504,43.71661],[-7.43504,43.71661],[-7.43504,43.71661],[-7.43504,43.71661],[-7.43504,43.71661],[-7.43504,43.71661],[-7.43704,43.716],[-7.43946,43.71735],[-7.43946,43.71735],[-7.43946,43.71735],[-7.43504,43.71661],[-7.43504,43.71661]],[[-7.49234,43.73053],[-7.49234,43.73053],[-7.49234,43.73053],[-7.49234,43.73053],[-7.49234,43.73053],[-7.49234,43.73053],[-7.49234,43.73053],[-7.49234,43.73053],[-7.49234,43.73053],[-7.49234,43.73053],[-7.49234,43.73053],[-7.49234,43.73053],[-7.49234,43.73053],[-7.49234,43.73053],[-7.49234,43.73053],[-7.49095,43.73251],[-7.4869,43.73164],[-7.4869,43.73164],[-7.4869,43.73164],[-7.48905,43.72948],[-7.49234,43.73053],[-7.49234,43.73053],[-7.49234,43.73053]],[[-7.62688,43.75851],[-7.62688,43.75851],[-7.63164,43.7573],[-7.63325,43.75963],[-7.63325,43.75963],[-7.63325,43.75963],[-7.62769,43.76198],[-7.62688,43.75851],[-7.62688,43.75851]]]}},{"type":"Feature","properties":{"code":"712702"},"geometry":{"type":"Polygon","coordinates":[[[-7.82426,42.72438],[-7.80442,42.72102],[-7.78903,42.75106],[-7.80203,42.75787],[-7.79311,42.76803],[-7.76742,42.76828],[-7.75981,42.78601],[-7.72213,42.77358],[-7.69384,42.78585],[-7.67987,42.75996],[-7.66195,42.76211],[-7.65387,42.75606],[-7.65312,42.72976],[-7.63671,42.72894],[-7.63351,42.71741],[-7.56992,42.67844],[-7.56591,42.66878],[-7.50832,42.69082],[-7.51084,42.70704],[-7.49162,42.71621],[-7.4244,42.70037],[-7.39164,42.71099],[-7.38381,42.70033],[-7.37195,42.69934],[-7.37981,42.7437],[-7.39122,42.75549],[-7.36689,42.75254],[-7.32662,42.77765],[-7.27708,42.78155],[-7.22714,42.80774],[-7.21791,42.82614],[-7.22467,42.83848],[-7.25854,42.8424],[-7.26628,42.85158],[-7.29328,42.83992],[-7.30519,42.84846],[-7.33098,42.85042],[-7.32203,42.88599],[-7.3493,42.91815],[-7.32028,42.93066],[-7.31276,42.94279],[-7.28843,42.9389],[-7.24196,42.95415],[-7.28234,43.0419],[-7.29156,43.08847],[-7.25841,43.12461],[-7.25184,43.13748],[-7.2589,43.14857],[-7.23122,43.16145],[-7.24771,43.21261],[-7.22479,43.21527],[-7.22392,43.2297],[-7.19649,43.23144],[-7.20245,43.29008],[-7.26288,43.2871],[-7.2513,43.30486],[-7.25742,43.33144],[-7.2473,43.34259],[-7.24916,43.37087],[-7.23591,43.3739],[-7.24682,43.38957],[-7.23924,43.39951],[-7.27642,43.39294],[-7.27712,43.38139],[-7.28802,43.38458],[-7.28818,43.39305],[-7.32275,43.36916],[-7.33572,43.38082],[-7.366,43.38585],[-7.3762,43.38056],[-7.39023,43.39199],[-7.41131,43.38223],[-7.42702,43.3839],[-7.43531,43.40146],[-7.42258,43.41315],[-7.4512,43.42755],[-7.4469,43.45787],[-7.51954,43.45149],[-7.5369,43.4662],[-7.55227,43.46091],[-7.57074,43.4645],[-7.57039,43.48081],[-7.54939,43.49966],[-7.54253,43.5203],[-7.57093,43.5364],[-7.58955,43.54057],[-7.60081,43.52325],[-7.61796,43.52566],[-7.62615,43.49774],[-7.64549,43.48802],[-7.65305,43.49449],[-7.64972,43.52187],[-7.66482,43.52746],[-7.70038,43.50993],[-7.70604,43.53908],[-7.71933,43.53501],[-7.74914,43.5572],[-7.75878,43.54813],[-7.74646,43.54219],[-7.75371,43.5321],[-7.74298,43.53074],[-7.74291,43.51219],[-7.75726,43.50877],[-7.77857,43.44921],[-7.80576,43.43764],[-7.80386,43.42691],[-7.82155,43.40105],[-7.84439,43.39977],[-7.86807,43.40886],[-7.88972,43.39875],[-7.89707,43.39097],[-7.87961,43.35294],[-7.88728,43.3361],[-7.94504,43.28618],[-7.92001,43.26978],[-7.95949,43.1902],[-7.94923,43.17749],[-7.93585,43.11185],[-7.91509,43.08865],[-7.94129,43.0679],[-7.90381,42.98572],[-7.90667,42.95158],[-7.9148,42.93263],[-7.94182,42.91768],[-7.93401,42.90378],[-7.95468,42.88479],[-7.97639,42.87775],[-7.99823,42.84922],[-7.9816,42.84266],[-7.96738,42.85],[-7.95491,42.84008],[-7.97899,42.81167],[-7.98048,42.78831],[-7.93388,42.74008],[-7.84914,42.71729],[-7.82426,42.72438]]]}},{"type":"Feature","properties":{"code":"712703"},"geometry":{"type":"Polygon","coordinates":[[[-7.37195,42.69934],[-7.38381,42.70033],[-7.39164,42.71099],[-7.4244,42.70037],[-7.47878,42.71704],[-7.51084,42.70704],[-7.50832,42.69082],[-7.44789,42.6653],[-7.43256,42.64736],[-7.44113,42.63688],[-7.43315,42.62939],[-7.41378,42.62787],[-7.39498,42.64708],[-7.37555,42.6524],[-7.36876,42.62781],[-7.34996,42.61826],[-7.31354,42.62436],[-7.29593,42.61804],[-7.26215,42.5769],[-7.27212,42.55953],[-7.29319,42.54736],[-7.29445,42.53313],[-7.26934,42.52451],[-7.23689,42.53048],[-7.19822,42.55912],[-7.18131,42.56265],[-7.1737,42.57559],[-7.14278,42.5788],[-7.13179,42.59262],[-7.09815,42.60604],[-7.0704,42.59022],[-7.06133,42.55305],[-7.05327,42.57196],[-7.03265,42.58447],[-7.04871,42.59764],[-7.04554,42.63303],[-7.01636,42.64554],[-7.0029,42.6432],[-7.02002,42.65227],[-7.01405,42.66492],[-7.04373,42.69509],[-7.00943,42.72398],[-6.98873,42.72693],[-6.98228,42.71901],[-6.97142,42.72533],[-6.95802,42.75535],[-6.93476,42.74107],[-6.86597,42.78749],[-6.8678,42.80111],[-6.83886,42.82368],[-6.86982,42.87415],[-6.83228,42.88237],[-6.83395,42.87394],[-6.81343,42.87113],[-6.84653,42.91463],[-6.82273,42.91537],[-6.83434,42.91666],[-6.84041,42.92851],[-6.83463,42.95807],[-6.86284,42.98379],[-6.87914,42.99166],[-6.90886,42.99044],[-6.93917,43.0117],[-6.94509,43.03276],[-6.95564,43.03708],[-6.96298,43.02687],[-6.95461,42.99645],[-6.96049,42.99103],[-6.99571,43.01979],[-6.98045,43.04168],[-6.97101,43.03067],[-6.96317,43.03498],[-6.96717,43.05699],[-6.93667,43.087],[-6.91413,43.07372],[-6.89253,43.0921],[-6.86989,43.09151],[-6.82614,43.12349],[-6.82009,43.14354],[-6.83745,43.16644],[-6.86036,43.18255],[-6.87025,43.18016],[-6.86678,43.19032],[-6.88394,43.1571],[-6.90068,43.15539],[-6.9401,43.13213],[-6.95589,43.13578],[-6.9793,43.16684],[-6.96365,43.18738],[-6.96955,43.20455],[-6.99997,43.20757],[-7.00811,43.22318],[-7.01858,43.21354],[-7.06381,43.24975],[-7.07003,43.27151],[-7.05831,43.30563],[-7.11653,43.29559],[-7.13465,43.25593],[-7.15851,43.26502],[-7.20276,43.25648],[-7.19649,43.23144],[-7.22392,43.2297],[-7.22479,43.21527],[-7.24771,43.21261],[-7.23122,43.16145],[-7.2589,43.14857],[-7.25184,43.13748],[-7.25841,43.12461],[-7.29156,43.08847],[-7.28234,43.0419],[-7.24196,42.95415],[-7.28843,42.9389],[-7.31276,42.94279],[-7.32028,42.93066],[-7.3493,42.91815],[-7.32203,42.88599],[-7.33098,42.85042],[-7.30519,42.84846],[-7.29328,42.83992],[-7.26628,42.85158],[-7.25854,42.8424],[-7.22467,42.83848],[-7.21791,42.82614],[-7.22714,42.80774],[-7.27708,42.78155],[-7.32662,42.77765],[-7.36689,42.75254],[-7.39122,42.75549],[-7.37981,42.7437],[-7.37195,42.69934]]]}},{"type":"Feature","properties":{"code":"712704"},"geometry":{"type":"Polygon","coordinates":[[[-7.7295,42.45479],[-7.71122,42.4524],[-7.68992,42.42671],[-7.66066,42.42337],[-7.62993,42.4074],[-7.61517,42.38457],[-7.57464,42.40521],[-7.54049,42.38478],[-7.49966,42.38905],[-7.46435,42.4075],[-7.44605,42.40738],[-7.39777,42.4359],[-7.36843,42.4217],[-7.34277,42.42997],[-7.30547,42.42978],[-7.28936,42.41492],[-7.26796,42.41526],[-7.24634,42.39024],[-7.2186,42.38752],[-7.22947,42.35948],[-7.20121,42.32604],[-7.18905,42.36438],[-7.17039,42.37957],[-7.16474,42.40479],[-7.14541,42.42216],[-7.14781,42.43649],[-7.09828,42.45912],[-7.07473,42.49708],[-7.07559,42.50852],[-7.05839,42.52965],[-7.05985,42.5375],[-7.06949,42.53826],[-7.06745,42.55479],[-7.06133,42.55305],[-7.06865,42.55975],[-7.0648,42.57576],[-7.0704,42.59022],[-7.09815,42.60604],[-7.13179,42.59262],[-7.14278,42.5788],[-7.1737,42.57559],[-7.18131,42.56265],[-7.19822,42.55912],[-7.23244,42.53251],[-7.26934,42.52451],[-7.29577,42.53539],[-7.28863,42.53809],[-7.29319,42.54736],[-7.27212,42.55953],[-7.26492,42.58621],[-7.3067,42.62405],[-7.34996,42.61826],[-7.36876,42.62781],[-7.37555,42.6524],[-7.39498,42.64708],[-7.41378,42.62787],[-7.43315,42.62939],[-7.44113,42.63688],[-7.43256,42.64736],[-7.44789,42.6653],[-7.50832,42.69082],[-7.56591,42.66878],[-7.56992,42.67844],[-7.63351,42.71741],[-7.63671,42.72894],[-7.65312,42.72976],[-7.65387,42.75606],[-7.66195,42.76211],[-7.67987,42.75996],[-7.69384,42.78585],[-7.72213,42.77358],[-7.75981,42.78601],[-7.76742,42.76828],[-7.79311,42.76803],[-7.80203,42.75787],[-7.78903,42.75106],[-7.80442,42.72102],[-7.8649,42.72097],[-7.85994,42.70653],[-7.89111,42.678],[-7.89106,42.62997],[-7.91125,42.59201],[-7.92926,42.57894],[-7.91007,42.55641],[-7.88855,42.55054],[-7.88724,42.53847],[-7.92252,42.52539],[-7.90011,42.5217],[-7.91169,42.50873],[-7.87393,42.51129],[-7.8764,42.50296],[-7.86001,42.50445],[-7.8406,42.49086],[-7.81731,42.492],[-7.79831,42.48037],[-7.76354,42.4943],[-7.74683,42.48033],[-7.78687,42.47382],[-7.78741,42.46634],[-7.7798,42.46848],[-7.75125,42.45137],[-7.7295,42.45479]]]}},{"type":"Feature","properties":{"code":"713201"},"geometry":{"type":"Polygon","coordinates":[[[-8.33799,42.45325],[-8.3132,42.38134],[-8.323,42.36957],[-8.31596,42.35665],[-8.3232,42.3454],[-8.30971,42.34415],[-8.27142,42.31478],[-8.22263,42.3276],[-8.21579,42.38198],[-8.20011,42.40171],[-8.18023,42.40435],[-8.11993,42.3822],[-8.09631,42.39621],[-8.05831,42.40058],[-8.03157,42.38647],[-8.00264,42.39666],[-7.99087,42.38685],[-7.97578,42.38851],[-7.99004,42.35842],[-7.95829,42.35449],[-7.95702,42.37608],[-7.94206,42.37449],[-7.91342,42.3977],[-7.86949,42.39506],[-7.85967,42.37703],[-7.84101,42.37053],[-7.8301,42.3787],[-7.80551,42.38098],[-7.79536,42.40953],[-7.76788,42.42111],[-7.72918,42.45419],[-7.75125,42.45137],[-7.7798,42.46848],[-7.78741,42.46634],[-7.78687,42.47382],[-7.74683,42.48033],[-7.76354,42.4943],[-7.79831,42.48037],[-7.81731,42.492],[-7.8406,42.49086],[-7.86001,42.50445],[-7.8764,42.50296],[-7.87393,42.51129],[-7.91169,42.50873],[-7.90011,42.5217],[-7.92252,42.52539],[-7.88724,42.53847],[-7.88855,42.55054],[-7.91007,42.55641],[-7.92926,42.57894],[-7.9634,42.56696],[-7.99099,42.57284],[-8.01491,42.54306],[-8.04694,42.55525],[-8.05788,42.54903],[-8.08796,42.55804],[-8.14534,42.54902],[-8.17236,42.57232],[-8.21608,42.53421],[-8.23772,42.53871],[-8.26223,42.52603],[-8.27326,42.50874],[-8.30123,42.49056],[-8.31081,42.4958],[-8.33899,42.49275],[-8.35112,42.48111],[-8.36484,42.4877],[-8.3407,42.4663],[-8.33799,42.45325]]]}},{"type":"Feature","properties":{"code":"713202"},"geometry":{"type":"Polygon","coordinates":[[[-8.27141,42.28277],[-8.26308,42.25322],[-8.24017,42.24534],[-8.23162,42.23392],[-8.21062,42.23616],[-8.20195,42.24487],[-8.16035,42.24447],[-8.17118,42.23555],[-8.16311,42.2218],[-8.19077,42.20948],[-8.17819,42.21028],[-8.17455,42.18606],[-8.15978,42.17899],[-8.18017,42.1581],[-8.19755,42.15477],[-8.18739,42.14409],[-8.18581,42.07499],[-8.18082,42.06722],[-8.16996,42.06809],[-8.14761,42.08024],[-8.13624,42.07644],[-8.11703,42.08247],[-8.12036,42.11719],[-8.10481,42.13792],[-8.12331,42.15331],[-8.11333,42.16057],[-8.12531,42.18408],[-8.11496,42.19918],[-8.11526,42.23164],[-8.09216,42.22464],[-8.07866,42.23091],[-8.05592,42.21045],[-8.02954,42.20846],[-8.02683,42.1998],[-8.01059,42.1938],[-7.97822,42.19394],[-7.96435,42.20442],[-7.9489,42.19375],[-7.93376,42.21538],[-7.96144,42.23272],[-7.96216,42.2523],[-7.94331,42.26739],[-7.93618,42.25571],[-7.90958,42.25989],[-7.90083,42.24307],[-7.889,42.23999],[-7.87055,42.24979],[-7.86158,42.23281],[-7.84782,42.23355],[-7.84102,42.21666],[-7.82432,42.21697],[-7.79127,42.25128],[-7.79203,42.2965],[-7.76088,42.28962],[-7.7473,42.29804],[-7.75136,42.31502],[-7.72539,42.33119],[-7.72047,42.34326],[-7.72652,42.36284],[-7.71288,42.36663],[-7.67753,42.3525],[-7.65261,42.36749],[-7.63205,42.3549],[-7.61517,42.38457],[-7.62993,42.4074],[-7.66066,42.42337],[-7.68992,42.42671],[-7.71122,42.4524],[-7.72918,42.45419],[-7.76788,42.42111],[-7.79536,42.40953],[-7.80551,42.38098],[-7.8301,42.3787],[-7.84101,42.37053],[-7.85967,42.37703],[-7.86949,42.39506],[-7.91342,42.3977],[-7.94206,42.37449],[-7.95702,42.37608],[-7.95829,42.35449],[-7.99004,42.35842],[-7.97578,42.38851],[-7.99087,42.38685],[-8.00264,42.39666],[-8.03157,42.38647],[-8.05831,42.40058],[-8.09631,42.39621],[-8.11993,42.3822],[-8.18023,42.40435],[-8.20011,42.40171],[-8.21579,42.38198],[-8.22263,42.3276],[-8.26045,42.31533],[-8.27141,42.28277]]]}},{"type":"Feature","properties":{"code":"713203"},"geometry":{"type":"Polygon","coordinates":[[[-8.21223,41.90099],[-8.19823,41.87439],[-8.16912,41.87942],[-8.16021,41.86101],[-8.16362,41.81865],[-8.12847,41.80931],[-8.09238,41.80932],[-8.05606,41.81654],[-8.03553,41.83087],[-8.01178,41.82919],[-7.97938,41.87274],[-7.94676,41.87132],[-7.9195,41.87939],[-7.9043,41.92773],[-7.88291,41.92479],[-7.89045,41.8603],[-7.87501,41.84984],[-7.84414,41.86431],[-7.8435,41.8819],[-7.80113,41.8825],[-7.77689,41.88765],[-7.76244,41.89966],[-7.73318,41.89505],[-7.69572,41.90787],[-7.65238,41.88174],[-7.5848,41.88239],[-7.60086,41.86696],[-7.61212,41.82964],[-7.57271,41.83024],[-7.51962,41.84228],[-7.50395,41.85083],[-7.51168,41.86252],[-7.50068,41.87],[-7.48953,41.87177],[-7.48357,41.86164],[-7.45134,41.8655],[-7.44268,41.84013],[-7.42529,41.83331],[-7.42583,41.80784],[-7.39536,41.82707],[-7.38855,41.84269],[-7.36237,41.85308],[-7.35481,41.84047],[-7.31436,41.8432],[-7.19584,41.88042],[-7.18118,41.91239],[-7.1963,41.93121],[-7.23441,41.95203],[-7.2394,41.94323],[-7.27593,41.92865],[-7.27154,41.92346],[-7.32287,41.92687],[-7.34693,41.94093],[-7.35387,41.95448],[-7.33595,41.96999],[-7.34373,41.99282],[-7.33115,42.00379],[-7.31371,42.00569],[-7.32421,42.03794],[-7.29567,42.03194],[-7.27311,42.03808],[-7.26655,42.06737],[-7.29298,42.0882],[-7.29409,42.10303],[-7.33184,42.11212],[-7.35213,42.10943],[-7.36737,42.11705],[-7.38702,42.19273],[-7.41832,42.18012],[-7.45571,42.20439],[-7.46304,42.19024],[-7.47717,42.19306],[-7.4982,42.21166],[-7.51687,42.19716],[-7.55674,42.20244],[-7.61612,42.22825],[-7.63433,42.24738],[-7.67399,42.26616],[-7.7031,42.26514],[-7.6899,42.29207],[-7.70947,42.30522],[-7.74105,42.30955],[-7.76088,42.28962],[-7.79203,42.2965],[-7.79127,42.25128],[-7.82134,42.21894],[-7.8359,42.21392],[-7.87055,42.24979],[-7.889,42.23999],[-7.90083,42.24307],[-7.90958,42.25989],[-7.93618,42.25571],[-7.94331,42.26739],[-7.96216,42.2523],[-7.96144,42.23272],[-7.93376,42.21538],[-7.9489,42.19375],[-7.96435,42.20442],[-7.97822,42.19394],[-8.01059,42.1938],[-8.02683,42.1998],[-8.02954,42.20846],[-8.05592,42.21045],[-8.07866,42.23091],[-8.09216,42.22464],[-8.11526,42.23164],[-8.11496,42.19918],[-8.12531,42.18408],[-8.11333,42.16057],[-8.12331,42.15331],[-8.10481,42.13792],[-8.12036,42.11719],[-8.11703,42.08247],[-8.0954,42.07217],[-8.08548,42.05371],[-8.08397,42.01734],[-8.12611,42.00579],[-8.1391,41.98915],[-8.16198,41.98307],[-8.17375,41.95544],[-8.19685,41.94011],[-8.21553,41.914],[-8.21223,41.90099]]]}},{"type":"Feature","properties":{"code":"713204"},"geometry":{"type":"Polygon","coordinates":[[[-7.75036,42.30557],[-7.70947,42.30522],[-7.6899,42.29207],[-7.7031,42.26514],[-7.67399,42.26616],[-7.63433,42.24738],[-7.61612,42.22825],[-7.55674,42.20244],[-7.51687,42.19716],[-7.4982,42.21166],[-7.47717,42.19306],[-7.46304,42.19024],[-7.45571,42.20439],[-7.41832,42.18012],[-7.38702,42.19273],[-7.36737,42.11705],[-7.35213,42.10943],[-7.33184,42.11212],[-7.29409,42.10303],[-7.29298,42.0882],[-7.26655,42.06737],[-7.27311,42.03808],[-7.29567,42.03194],[-7.32421,42.03794],[-7.31371,42.00569],[-7.33115,42.00379],[-7.34373,41.99282],[-7.33595,41.96999],[-7.35387,41.95448],[-7.34693,41.94093],[-7.32287,41.92687],[-7.27154,41.92346],[-7.27593,41.92865],[-7.2394,41.94323],[-7.23441,41.95203],[-7.1963,41.93121],[-7.18118,41.91239],[-7.17205,41.91989],[-7.18847,41.94211],[-7.18012,41.95206],[-7.18521,41.97023],[-7.17566,41.98038],[-7.15651,41.97673],[-7.13983,41.99119],[-7.08611,41.97427],[-7.07539,41.95253],[-7.06506,41.94939],[-7.04097,41.95539],[-7.00479,41.95086],[-6.98279,41.97125],[-6.98966,41.98869],[-6.95969,42.02755],[-6.97334,42.0555],[-7.01038,42.05276],[-7.02956,42.06364],[-7.03179,42.07493],[-7.00124,42.08452],[-7.00125,42.09701],[-6.98889,42.10148],[-6.98837,42.12166],[-6.95497,42.1298],[-6.9431,42.14202],[-6.94206,42.1726],[-6.91332,42.18977],[-6.89963,42.18996],[-6.88544,42.21469],[-6.84215,42.22864],[-6.80089,42.2188],[-6.79526,42.20939],[-6.78569,42.21606],[-6.80173,42.23901],[-6.78612,42.25451],[-6.76555,42.25779],[-6.7645,42.27131],[-6.7397,42.299],[-6.73251,42.35944],[-6.76509,42.36538],[-6.78009,42.38204],[-6.81935,42.38598],[-6.84206,42.40618],[-6.82846,42.41043],[-6.8488,42.4156],[-6.86857,42.43905],[-6.9212,42.42264],[-6.91577,42.41417],[-6.95157,42.39017],[-6.94708,42.37679],[-6.96757,42.35947],[-6.99615,42.35511],[-7.02473,42.36379],[-7.04732,42.35427],[-7.06548,42.36299],[-7.10134,42.35743],[-7.11353,42.35075],[-7.11664,42.33538],[-7.17757,42.32731],[-7.1966,42.3333],[-7.20121,42.32604],[-7.22947,42.35948],[-7.22819,42.37695],[-7.21637,42.38509],[-7.24634,42.39024],[-7.26796,42.41526],[-7.28936,42.41492],[-7.30547,42.42978],[-7.34277,42.42997],[-7.36843,42.4217],[-7.39777,42.4359],[-7.44605,42.40738],[-7.46435,42.4075],[-7.49966,42.38905],[-7.52813,42.38405],[-7.57464,42.40521],[-7.61517,42.38457],[-7.63205,42.3549],[-7.65261,42.36749],[-7.67753,42.3525],[-7.71288,42.36663],[-7.72652,42.36284],[-7.72539,42.33119],[-7.7462,42.32233],[-7.75036,42.30557]]]}},{"type":"Feature","properties":{"code":"713205"},"geometry":{"type":"Polygon","coordinates":[[[-7.1966,42.3333],[-7.17757,42.32731],[-7.11664,42.33538],[-7.11353,42.35075],[-7.10134,42.35743],[-7.06548,42.36299],[-7.04732,42.35427],[-7.02473,42.36379],[-6.99615,42.35511],[-6.96757,42.35947],[-6.94708,42.37679],[-6.95157,42.39017],[-6.91577,42.41417],[-6.9212,42.42264],[-6.87862,42.43815],[-6.86857,42.43905],[-6.8488,42.4156],[-6.82846,42.41043],[-6.82336,42.42622],[-6.81282,42.42768],[-6.82132,42.45324],[-6.80694,42.46939],[-6.82133,42.49118],[-6.83594,42.49591],[-6.83894,42.48969],[-6.85861,42.48909],[-6.93074,42.52087],[-6.95905,42.51783],[-6.9721,42.49434],[-6.9995,42.50603],[-7.02723,42.4982],[-7.04429,42.50811],[-7.07559,42.50852],[-7.09828,42.45912],[-7.14781,42.43649],[-7.14541,42.42216],[-7.16474,42.40479],[-7.17039,42.37957],[-7.18905,42.36438],[-7.1966,42.3333]]]}},{"type":"Feature","properties":{"code":"713601"},"geometry":{"type":"MultiPolygon","coordinates":[[[[-8.93578,42.457],[-8.92467,42.45123],[-8.91338,42.46192],[-8.88171,42.45546],[-8.87047,42.43409],[-8.87935,42.41465],[-8.86283,42.41107],[-8.83734,42.38443],[-8.81328,42.4011],[-8.78019,42.39591],[-8.77396,42.38804],[-8.68849,42.44033],[-8.67974,42.42112],[-8.65485,42.42626],[-8.65293,42.4322],[-8.69534,42.39387],[-8.70526,42.39875],[-8.7357,42.37589],[-8.7537,42.34083],[-8.76976,42.33267],[-8.79083,42.32749],[-8.799,42.33952],[-8.83514,42.34116],[-8.81686,42.31415],[-8.81616,42.27897],[-8.8299,42.27856],[-8.85432,42.31024],[-8.87282,42.25377],[-8.86321,42.24673],[-8.85469,42.26173],[-8.82725,42.25131],[-8.81118,42.25953],[-8.79132,42.24675],[-8.78232,42.26368],[-8.76429,42.25808],[-8.73654,42.27131],[-8.73014,42.28724],[-8.71898,42.28301],[-8.71598,42.28908],[-8.71125,42.27572],[-8.65741,42.2918],[-8.65018,42.29808],[-8.65856,42.31598],[-8.63463,42.32678],[-8.64339,42.33907],[-8.62685,42.35144],[-8.61044,42.34594],[-8.61006,42.32724],[-8.62532,42.30938],[-8.61356,42.30123],[-8.61945,42.29091],[-8.60935,42.28787],[-8.64577,42.29017],[-8.66004,42.28471],[-8.67563,42.26471],[-8.68921,42.25748],[-8.70141,42.26028],[-8.70643,42.24383],[-8.73122,42.24054],[-8.73943,42.2263],[-8.75158,42.23108],[-8.73889,42.233],[-8.74857,42.2321],[-8.7769,42.2199],[-8.77708,42.20301],[-8.81348,42.18958],[-8.81967,42.15767],[-8.84876,42.15722],[-8.84739,42.15019],[-8.81899,42.14191],[-8.82592,42.11433],[-8.83954,42.11619],[-8.84985,42.12848],[-8.86733,42.11535],[-8.89655,42.11228],[-8.8942,42.06756],[-8.88009,42.04084],[-8.88626,42.01552],[-8.87545,42.0031],[-8.88519,41.98838],[-8.88532,41.96229],[-8.85752,41.97441],[-8.80409,41.96534],[-8.78291,42.00782],[-8.80769,42.03788],[-8.80854,42.0554],[-8.77337,42.06678],[-8.72917,42.0616],[-8.70937,42.08595],[-8.68765,42.08722],[-8.6954,42.13279],[-8.68915,42.13871],[-8.67154,42.13578],[-8.66849,42.15078],[-8.64051,42.16419],[-8.61731,42.16602],[-8.61253,42.18392],[-8.58668,42.17914],[-8.56544,42.22284],[-8.56705,42.24146],[-8.54505,42.25472],[-8.52505,42.25656],[-8.48129,42.29003],[-8.48471,42.32416],[-8.52231,42.33082],[-8.52228,42.34157],[-8.49027,42.34764],[-8.47892,42.339],[-8.45364,42.36442],[-8.43488,42.36036],[-8.43019,42.36626],[-8.44224,42.37349],[-8.43859,42.38296],[-8.45461,42.38983],[-8.46123,42.41273],[-8.49165,42.42601],[-8.55637,42.42887],[-8.579,42.44864],[-8.56165,42.47173],[-8.58231,42.51061],[-8.60368,42.52096],[-8.60787,42.56259],[-8.61748,42.57356],[-8.60956,42.59008],[-8.62016,42.59486],[-8.60032,42.601],[-8.61028,42.60796],[-8.61446,42.66383],[-8.59211,42.70252],[-8.60291,42.71455],[-8.61535,42.71923],[-8.62245,42.7146],[-8.64942,42.7295],[-8.65347,42.72085],[-8.67483,42.71784],[-8.67666,42.71198],[-8.71678,42.70635],[-8.72752,42.66705],[-8.77762,42.61459],[-8.76478,42.60193],[-8.77057,42.59391],[-8.78408,42.60003],[-8.79421,42.58002],[-8.82959,42.5755],[-8.83132,42.56355],[-8.81792,42.56136],[-8.82282,42.55246],[-8.82986,42.56186],[-8.83557,42.55933],[-8.83804,42.55132],[-8.824,42.53935],[-8.82866,42.52126],[-8.81171,42.53081],[-8.82053,42.50753],[-8.81146,42.49795],[-8.80255,42.5004],[-8.81752,42.48992],[-8.8236,42.49617],[-8.82976,42.48526],[-8.83223,42.4705],[-8.81975,42.46789],[-8.81871,42.45212],[-8.84636,42.46106],[-8.86752,42.44837],[-8.87174,42.46026],[-8.85506,42.47368],[-8.85785,42.49501],[-8.87217,42.49568],[-8.86973,42.50195],[-8.88968,42.49508],[-8.88204,42.48833],[-8.88856,42.48154],[-8.89138,42.48649],[-8.90984,42.47547],[-8.93679,42.48022],[-8.94305,42.46381],[-8.93578,42.457]]],[[[-8.62725,42.30647],[-8.62725,42.30647],[-8.62725,42.30647],[-8.62725,42.30647],[-8.62725,42.30647],[-8.62725,42.30647],[-8.62725,42.30647],[-8.62725,42.30647],[-8.62725,42.30647],[-8.62725,42.30647],[-8.62725,42.30647],[-8.62725,42.30647],[-8.62725,42.30647],[-8.62725,42.30647],[-8.62725,42.30647],[-8.62725,42.30647],[-8.62614,42.30833],[-8.62846,42.31028],[-8.62725,42.30647]]],[[[-8.70666,42.408],[-8.70666,42.408],[-8.70666,42.408],[-8.70666,42.408],[-8.70666,42.408],[-8.70666,42.408],[-8.70666,42.408],[-8.70666,42.408],[-8.70666,42.408],[-8.70666,42.408],[-8.70666,42.408],[-8.70666,42.408],[-8.70666,42.408],[-8.70666,42.408],[-8.70666,42.408],[-8.70666,42.408],[-8.70377,42.41201],[-8.70709,42.41514],[-8.71106,42.41186],[-8.70666,42.408]]],[[[-8.7331,42.66527],[-8.7331,42.66527],[-8.7331,42.66527],[-8.7331,42.66527],[-8.7331,42.66527],[-8.7331,42.66527],[-8.7331,42.66527],[-8.7331,42.66527],[-8.7331,42.66527],[-8.7331,42.66527],[-8.7331,42.66527],[-8.7331,42.66527],[-8.7331,42.66527],[-8.7331,42.66527],[-8.7331,42.66527],[-8.7331,42.66527],[-8.72934,42.66758],[-8.72939,42.66968],[-8.7331,42.66527]]],[[[-8.78561,42.61388],[-8.78561,42.61388],[-8.78561,42.61388],[-8.78561,42.61388],[-8.78561,42.61388],[-8.78561,42.61388],[-8.78561,42.61388],[-8.78561,42.61388],[-8.78561,42.61388],[-8.78561,42.61388],[-8.78561,42.61388],[-8.78561,42.61388],[-8.78561,42.61388],[-8.78561,42.61388],[-8.78561,42.61388],[-8.78561,42.61388],[-8.7767,42.61877],[-8.77857,42.6253],[-8.78235,42.62088],[-8.78752,42.62034],[-8.78936,42.61572],[-8.78561,42.61388]]],[[[-8.79013,42.61082],[-8.79013,42.61082],[-8.79013,42.61082],[-8.79013,42.61082],[-8.79013,42.61082],[-8.79013,42.61082],[-8.79013,42.61082],[-8.79013,42.61082],[-8.79013,42.61082],[-8.79013,42.61082],[-8.79013,42.61082],[-8.79013,42.61082],[-8.79013,42.61082],[-8.79013,42.61082],[-8.79013,42.61082],[-8.79013,42.61082],[-8.78941,42.61189],[-8.79335,42.61337],[-8.79013,42.61082]]],[[[-8.79629,42.60946],[-8.79629,42.60946],[-8.79629,42.60946],[-8.79629,42.60946],[-8.79629,42.60946],[-8.79629,42.60946],[-8.79629,42.60946],[-8.79629,42.60946],[-8.79629,42.60946],[-8.79629,42.60946],[-8.79629,42.60946],[-8.79629,42.60946],[-8.79629,42.60946],[-8.79629,42.60946],[-8.79629,42.60946],[-8.79629,42.60946],[-8.79422,42.6104],[-8.79495,42.61235],[-8.79629,42.60946]]],[[[-8.80051,42.19953],[-8.80051,42.19953],[-8.80051,42.19953],[-8.80051,42.19953],[-8.80051,42.19953],[-8.80051,42.19953],[-8.80051,42.19953],[-8.80051,42.19953],[-8.80051,42.19953],[-8.80051,42.19953],[-8.80051,42.19953],[-8.80051,42.19953],[-8.80051,42.19953],[-8.80051,42.19953],[-8.80051,42.19953],[-8.80051,42.19953],[-8.79816,42.20055],[-8.7984,42.20342],[-8.80346,42.20065],[-8.80051,42.19953]]],[[[-8.83288,42.48954],[-8.83288,42.48954],[-8.83288,42.48954],[-8.83288,42.48954],[-8.83288,42.48954],[-8.83288,42.48954],[-8.83288,42.48954],[-8.83288,42.48954],[-8.83288,42.48954],[-8.83288,42.48954],[-8.83288,42.48954],[-8.83288,42.48954],[-8.83288,42.48954],[-8.83288,42.48954],[-8.83288,42.48954],[-8.83288,42.48954],[-8.83261,42.49746],[-8.83545,42.49041],[-8.83288,42.48954]]],[[[-8.83535,42.48105],[-8.83535,42.48105],[-8.83535,42.48105],[-8.83535,42.48105],[-8.83535,42.48105],[-8.83535,42.48105],[-8.83535,42.48105],[-8.83535,42.48105],[-8.83535,42.48105],[-8.83535,42.48105],[-8.83535,42.48105],[-8.83535,42.48105],[-8.83535,42.48105],[-8.83535,42.48105],[-8.83535,42.48105],[-8.83535,42.48105],[-8.83369,42.48379],[-8.83651,42.48302],[-8.83535,42.48105]]],[[[-8.84586,42.48175],[-8.8407,42.50134],[-8.8516,42.48926],[-8.84586,42.48175]]],[[[-8.87473,42.5296],[-8.86281,42.52499],[-8.86337,42.54443],[-8.85045,42.54612],[-8.86084,42.55393],[-8.85396,42.5663],[-8.86705,42.56393],[-8.87515,42.57549],[-8.89022,42.56919],[-8.88004,42.55808],[-8.86877,42.56146],[-8.87861,42.54048],[-8.87032,42.53271],[-8.8806,42.53431],[-8.87473,42.5296]]],[[[-8.84952,42.46405],[-8.84952,42.46405],[-8.84952,42.46405],[-8.84952,42.46405],[-8.84952,42.46405],[-8.84952,42.46405],[-8.84952,42.46405],[-8.84952,42.46405],[-8.84952,42.46405],[-8.84952,42.46405],[-8.84952,42.46405],[-8.84952,42.46405],[-8.84952,42.46405],[-8.84952,42.46405],[-8.84952,42.46405],[-8.84952,42.46405],[-8.84661,42.46575],[-8.84815,42.4673],[-8.84952,42.46405]]],[[[-8.85394,42.46161],[-8.85394,42.46161],[-8.85394,42.46161],[-8.85394,42.46161],[-8.85394,42.46161],[-8.85394,42.46161],[-8.85394,42.46161],[-8.85394,42.46161],[-8.85394,42.46161],[-8.85394,42.46161],[-8.85394,42.46161],[-8.85394,42.46161],[-8.85394,42.46161],[-8.85394,42.46161],[-8.85394,42.46161],[-8.85394,42.46161],[-8.85759,42.46654],[-8.86057,42.46642],[-8.85394,42.46161]]],[[[-8.8538,42.14497],[-8.8538,42.14497],[-8.8538,42.14497],[-8.8538,42.14497],[-8.8538,42.14497],[-8.8538,42.14497],[-8.8538,42.14497],[-8.8538,42.14497],[-8.8538,42.14497],[-8.8538,42.14497],[-8.8538,42.14497],[-8.8538,42.14497],[-8.8538,42.14497],[-8.8538,42.14497],[-8.8538,42.14497],[-8.8538,42.14497],[-8.85188,42.14576],[-8.85261,42.1475],[-8.85673,42.14856],[-8.8538,42.14497]]],[[[-8.89243,42.53996],[-8.89243,42.53996],[-8.89243,42.53996],[-8.89243,42.53996],[-8.89243,42.53996],[-8.89243,42.53996],[-8.89243,42.53996],[-8.89243,42.53996],[-8.89243,42.53996],[-8.89243,42.53996],[-8.89243,42.53996],[-8.89243,42.53996],[-8.89243,42.53996],[-8.89243,42.53996],[-8.89243,42.53996],[-8.89243,42.53996],[-8.89138,42.54101],[-8.89401,42.54141],[-8.89243,42.53996]]],[[[-8.89941,42.5376],[-8.89941,42.5376],[-8.89941,42.5376],[-8.89941,42.5376],[-8.89941,42.5376],[-8.89941,42.5376],[-8.89941,42.5376],[-8.89941,42.5376],[-8.89941,42.5376],[-8.89941,42.5376],[-8.89941,42.5376],[-8.89941,42.5376],[-8.89941,42.5376],[-8.89941,42.5376],[-8.89941,42.5376],[-8.89941,42.5376],[-8.89969,42.53994],[-8.89657,42.54154],[-8.89714,42.54431],[-8.90166,42.54082],[-8.90273,42.54167],[-8.89941,42.5376]]],[[[-8.86195,42.14515],[-8.86195,42.14515],[-8.86195,42.14515],[-8.86195,42.14515],[-8.86195,42.14515],[-8.86195,42.14515],[-8.86195,42.14515],[-8.86195,42.14515],[-8.86195,42.14515],[-8.86195,42.14515],[-8.86195,42.14515],[-8.86195,42.14515],[-8.86195,42.14515],[-8.86195,42.14515],[-8.86195,42.14515],[-8.86195,42.14515],[-8.86239,42.14757],[-8.86525,42.14765],[-8.86478,42.14542],[-8.86195,42.14515]]],[[[-8.90519,42.5429],[-8.90519,42.5429],[-8.90519,42.5429],[-8.90519,42.5429],[-8.90519,42.5429],[-8.90519,42.5429],[-8.90519,42.5429],[-8.90519,42.5429],[-8.90519,42.5429],[-8.90519,42.5429],[-8.90519,42.5429],[-8.90519,42.5429],[-8.90519,42.5429],[-8.90519,42.5429],[-8.90519,42.5429],[-8.90519,42.5429],[-8.90437,42.5459],[-8.90641,42.5473],[-8.90519,42.5429]]],[[[-8.90707,42.53231],[-8.90707,42.53231],[-8.90707,42.53231],[-8.90707,42.53231],[-8.90707,42.53231],[-8.90707,42.53231],[-8.90707,42.53231],[-8.90707,42.53231],[-8.90707,42.53231],[-8.90707,42.53231],[-8.90707,42.53231],[-8.90707,42.53231],[-8.90707,42.53231],[-8.90707,42.53231],[-8.90707,42.53231],[-8.90707,42.53231],[-8.90518,42.53491],[-8.90795,42.53446],[-8.90707,42.53231]]],[[[-8.91265,42.54409],[-8.91265,42.54409],[-8.91265,42.54409],[-8.91265,42.54409],[-8.91265,42.54409],[-8.91265,42.54409],[-8.91265,42.54409],[-8.91265,42.54409],[-8.91265,42.54409],[-8.91265,42.54409],[-8.91265,42.54409],[-8.91265,42.54409],[-8.91265,42.54409],[-8.91265,42.54409],[-8.91265,42.54409],[-8.91265,42.54409],[-8.91023,42.54584],[-8.9142,42.5485],[-8.91552,42.54589],[-8.91265,42.54409]]],[[[-8.89081,42.19104],[-8.9106,42.20652],[-8.91126,42.196],[-8.89081,42.19104]]],[[[-8.91417,42.21666],[-8.90428,42.21316],[-8.89391,42.22784],[-8.90115,42.24395],[-8.91634,42.25147],[-8.90471,42.23689],[-8.91417,42.21666]]],[[[-8.94588,42.36496],[-8.94391,42.35506],[-8.93664,42.3558],[-8.92057,42.40014],[-8.92409,42.39497],[-8.93103,42.39882],[-8.94471,42.3811],[-8.93747,42.37104],[-8.94588,42.36496]]],[[[-8.93721,42.34336],[-8.9326,42.34412],[-8.93227,42.34935],[-8.93638,42.34938],[-8.93721,42.34336]]]]}},{"type":"Feature","properties":{"code":"713601C"},"geometry":{"type":"Polygon","coordinates":[[[-9.45608,42.37189],[-9.37621,42.27414],[-9.36176,42.24036],[-9.32165,41.90188],[-8.88328,41.96166],[-8.88519,41.98838],[-8.87545,42.0031],[-8.88626,42.01552],[-8.88009,42.04084],[-8.8942,42.06756],[-8.89655,42.11228],[-8.86733,42.11535],[-8.84985,42.12848],[-8.83954,42.11619],[-8.82592,42.11433],[-8.81899,42.14191],[-8.84739,42.15019],[-8.84876,42.15722],[-8.81967,42.15767],[-8.81348,42.18958],[-8.77708,42.20301],[-8.7769,42.2199],[-8.74857,42.2321],[-8.73889,42.233],[-8.75158,42.23108],[-8.73943,42.2263],[-8.73122,42.24054],[-8.70643,42.24383],[-8.70141,42.26028],[-8.68921,42.25748],[-8.67563,42.26471],[-8.66004,42.28471],[-8.64577,42.29017],[-8.60935,42.28787],[-8.61945,42.29091],[-8.61356,42.30123],[-8.62532,42.30938],[-8.61006,42.32724],[-8.61044,42.34594],[-8.62685,42.35144],[-8.64339,42.33907],[-8.63463,42.32678],[-8.65856,42.31598],[-8.65018,42.29808],[-8.65741,42.2918],[-8.71125,42.27572],[-8.71598,42.28908],[-8.71898,42.28301],[-8.73014,42.28724],[-8.73654,42.27131],[-8.76429,42.25808],[-8.78232,42.26368],[-8.79132,42.24675],[-8.81118,42.25953],[-8.82725,42.25131],[-8.85469,42.26173],[-8.86321,42.24673],[-8.87182,42.25031],[-8.85432,42.31024],[-8.8299,42.27856],[-8.81616,42.27897],[-8.81686,42.31415],[-8.83514,42.34116],[-8.799,42.33952],[-8.79083,42.32749],[-8.76976,42.33267],[-8.7537,42.34083],[-8.74433,42.36633],[-8.72436,42.38554],[-8.70526,42.39875],[-8.69534,42.39387],[-8.65179,42.42767],[-8.6556,42.43232],[-8.65485,42.42626],[-8.67974,42.42112],[-8.68849,42.44033],[-8.77396,42.38804],[-8.78019,42.39591],[-8.81328,42.4011],[-8.83734,42.38443],[-8.86283,42.41107],[-8.87935,42.41465],[-8.87047,42.43409],[-8.88171,42.45546],[-8.91338,42.46192],[-8.92467,42.45123],[-8.94305,42.46381],[-8.93679,42.48022],[-8.90984,42.47547],[-8.89138,42.48649],[-8.88856,42.48154],[-8.88204,42.48833],[-8.88968,42.49508],[-8.86973,42.50195],[-8.87217,42.49568],[-8.85785,42.49501],[-8.85506,42.47368],[-8.87174,42.46026],[-8.86752,42.44837],[-8.84636,42.46106],[-8.81871,42.45212],[-8.81975,42.46789],[-8.83223,42.4705],[-8.82976,42.48526],[-8.8236,42.49617],[-8.81752,42.48992],[-8.80255,42.5004],[-8.81146,42.49795],[-8.82053,42.50753],[-8.81171,42.53081],[-8.82866,42.52126],[-8.824,42.53935],[-8.83804,42.55132],[-8.83557,42.55933],[-8.82986,42.56186],[-8.82282,42.55246],[-8.81792,42.56136],[-8.83132,42.56355],[-8.82959,42.5755],[-8.79421,42.58002],[-8.78408,42.60003],[-8.77057,42.59391],[-8.76478,42.60193],[-8.77762,42.61459],[-8.7398,42.64996],[-8.82466,42.60558],[-8.90725,42.57436],[-8.97986,42.46509],[-9.03504,42.44465],[-9.1935,42.41318],[-9.45608,42.37189]],[[-8.62614,42.30833],[-8.62614,42.30833],[-8.62614,42.30833],[-8.62614,42.30833],[-8.62614,42.30833],[-8.62614,42.30833],[-8.62614,42.30833],[-8.62614,42.30833],[-8.62614,42.30833],[-8.62614,42.30833],[-8.62614,42.30833],[-8.62614,42.30833],[-8.62614,42.30833],[-8.62614,42.30833],[-8.62614,42.30833],[-8.62614,42.30833],[-8.62725,42.30647],[-8.62846,42.31028],[-8.62846,42.31028],[-8.62846,42.31028],[-8.62614,42.30833],[-8.62614,42.30833]],[[-8.71106,42.41186],[-8.71106,42.41186],[-8.71106,42.41186],[-8.71106,42.41186],[-8.71106,42.41186],[-8.71106,42.41186],[-8.71106,42.41186],[-8.71106,42.41186],[-8.71106,42.41186],[-8.71106,42.41186],[-8.71106,42.41186],[-8.71106,42.41186],[-8.71106,42.41186],[-8.71106,42.41186],[-8.71106,42.41186],[-8.70709,42.41514],[-8.70377,42.41201],[-8.70377,42.41201],[-8.70377,42.41201],[-8.70666,42.408],[-8.71106,42.41186],[-8.71106,42.41186],[-8.71106,42.41186]],[[-8.78936,42.61572],[-8.77857,42.6253],[-8.7767,42.61877],[-8.78936,42.61572]],[[-8.78941,42.61189],[-8.78941,42.61189],[-8.78941,42.61189],[-8.78941,42.61189],[-8.78941,42.61189],[-8.78941,42.61189],[-8.78941,42.61189],[-8.78941,42.61189],[-8.78941,42.61189],[-8.78941,42.61189],[-8.78941,42.61189],[-8.78941,42.61189],[-8.78941,42.61189],[-8.78941,42.61189],[-8.78941,42.61189],[-8.78941,42.61189],[-8.79013,42.61082],[-8.79335,42.61337],[-8.79335,42.61337],[-8.79335,42.61337],[-8.78941,42.61189],[-8.78941,42.61189]],[[-8.79629,42.60946],[-8.79629,42.60946],[-8.79629,42.60946],[-8.79629,42.60946],[-8.79629,42.60946],[-8.79629,42.60946],[-8.79629,42.60946],[-8.79629,42.60946],[-8.79629,42.60946],[-8.79629,42.60946],[-8.79629,42.60946],[-8.79629,42.60946],[-8.79629,42.60946],[-8.79629,42.60946],[-8.79629,42.60946],[-8.79495,42.61235],[-8.79495,42.61235],[-8.79495,42.61235],[-8.79422,42.6104],[-8.79629,42.60946],[-8.79629,42.60946],[-8.79629,42.60946]],[[-8.7984,42.20342],[-8.7984,42.20342],[-8.7984,42.20342],[-8.7984,42.20342],[-8.7984,42.20342],[-8.7984,42.20342],[-8.7984,42.20342],[-8.7984,42.20342],[-8.7984,42.20342],[-8.7984,42.20342],[-8.7984,42.20342],[-8.7984,42.20342],[-8.7984,42.20342],[-8.7984,42.20342],[-8.7984,42.20342],[-8.7984,42.20342],[-8.79816,42.20055],[-8.80051,42.19953],[-8.80346,42.20065],[-8.80346,42.20065],[-8.80346,42.20065],[-8.7984,42.20342],[-8.7984,42.20342]],[[-8.83261,42.49746],[-8.83261,42.49746],[-8.83261,42.49746],[-8.83261,42.49746],[-8.83261,42.49746],[-8.83261,42.49746],[-8.83261,42.49746],[-8.83261,42.49746],[-8.83261,42.49746],[-8.83261,42.49746],[-8.83261,42.49746],[-8.83261,42.49746],[-8.83261,42.49746],[-8.83261,42.49746],[-8.83261,42.49746],[-8.83261,42.49746],[-8.83288,42.48954],[-8.83545,42.49041],[-8.83545,42.49041],[-8.83545,42.49041],[-8.83261,42.49746],[-8.83261,42.49746]],[[-8.83535,42.48105],[-8.83535,42.48105],[-8.83535,42.48105],[-8.83535,42.48105],[-8.83535,42.48105],[-8.83535,42.48105],[-8.83535,42.48105],[-8.83535,42.48105],[-8.83535,42.48105],[-8.83535,42.48105],[-8.83535,42.48105],[-8.83535,42.48105],[-8.83535,42.48105],[-8.83535,42.48105],[-8.83535,42.48105],[-8.83651,42.48302],[-8.83369,42.48379],[-8.83369,42.48379],[-8.83369,42.48379],[-8.83535,42.48105],[-8.83535,42.48105],[-8.83535,42.48105]],[[-8.85123,42.48339],[-8.8407,42.50134],[-8.8426,42.48575],[-8.85123,42.48339]],[[-8.88992,42.56707],[-8.87515,42.57549],[-8.86705,42.56393],[-8.85396,42.5663],[-8.86084,42.55393],[-8.85045,42.54612],[-8.86337,42.54443],[-8.86281,42.52499],[-8.88095,42.52985],[-8.87032,42.53271],[-8.87861,42.54048],[-8.86877,42.56146],[-8.88004,42.55808],[-8.88992,42.56707]],[[-8.84952,42.46405],[-8.84952,42.46405],[-8.84952,42.46405],[-8.84952,42.46405],[-8.84952,42.46405],[-8.84952,42.46405],[-8.84952,42.46405],[-8.84952,42.46405],[-8.84952,42.46405],[-8.84952,42.46405],[-8.84952,42.46405],[-8.84952,42.46405],[-8.84952,42.46405],[-8.84952,42.46405],[-8.84952,42.46405],[-8.84815,42.4673],[-8.84815,42.4673],[-8.84815,42.4673],[-8.84661,42.46575],[-8.84952,42.46405],[-8.84952,42.46405],[-8.84952,42.46405]],[[-8.86057,42.46642],[-8.86057,42.46642],[-8.86057,42.46642],[-8.86057,42.46642],[-8.86057,42.46642],[-8.86057,42.46642],[-8.86057,42.46642],[-8.86057,42.46642],[-8.86057,42.46642],[-8.86057,42.46642],[-8.86057,42.46642],[-8.86057,42.46642],[-8.86057,42.46642],[-8.86057,42.46642],[-8.86057,42.46642],[-8.85759,42.46654],[-8.85759,42.46654],[-8.85759,42.46654],[-8.85394,42.46161],[-8.86057,42.46642],[-8.86057,42.46642],[-8.86057,42.46642]],[[-8.8538,42.14497],[-8.8538,42.14497],[-8.8538,42.14497],[-8.8538,42.14497],[-8.8538,42.14497],[-8.8538,42.14497],[-8.8538,42.14497],[-8.8538,42.14497],[-8.8538,42.14497],[-8.8538,42.14497],[-8.8538,42.14497],[-8.8538,42.14497],[-8.8538,42.14497],[-8.8538,42.14497],[-8.8538,42.14497],[-8.85673,42.14856],[-8.85261,42.1475],[-8.85261,42.1475],[-8.85261,42.1475],[-8.85188,42.14576],[-8.8538,42.14497],[-8.8538,42.14497],[-8.8538,42.14497]],[[-8.89243,42.53996],[-8.89243,42.53996],[-8.89243,42.53996],[-8.89243,42.53996],[-8.89243,42.53996],[-8.89243,42.53996],[-8.89243,42.53996],[-8.89243,42.53996],[-8.89243,42.53996],[-8.89243,42.53996],[-8.89243,42.53996],[-8.89243,42.53996],[-8.89243,42.53996],[-8.89243,42.53996],[-8.89243,42.53996],[-8.89401,42.54141],[-8.89138,42.54101],[-8.89138,42.54101],[-8.89138,42.54101],[-8.89243,42.53996],[-8.89243,42.53996],[-8.89243,42.53996]],[[-8.90273,42.54167],[-8.89714,42.54431],[-8.89941,42.5376],[-8.90273,42.54167]],[[-8.86478,42.14542],[-8.86478,42.14542],[-8.86478,42.14542],[-8.86478,42.14542],[-8.86478,42.14542],[-8.86478,42.14542],[-8.86478,42.14542],[-8.86478,42.14542],[-8.86478,42.14542],[-8.86478,42.14542],[-8.86478,42.14542],[-8.86478,42.14542],[-8.86478,42.14542],[-8.86478,42.14542],[-8.86478,42.14542],[-8.86525,42.14765],[-8.86239,42.14757],[-8.86239,42.14757],[-8.86239,42.14757],[-8.86195,42.14515],[-8.86478,42.14542],[-8.86478,42.14542],[-8.86478,42.14542]],[[-8.90519,42.5429],[-8.90519,42.5429],[-8.90519,42.5429],[-8.90519,42.5429],[-8.90519,42.5429],[-8.90519,42.5429],[-8.90519,42.5429],[-8.90519,42.5429],[-8.90519,42.5429],[-8.90519,42.5429],[-8.90519,42.5429],[-8.90519,42.5429],[-8.90519,42.5429],[-8.90519,42.5429],[-8.90519,42.5429],[-8.90641,42.5473],[-8.90641,42.5473],[-8.90641,42.5473],[-8.90437,42.5459],[-8.90519,42.5429],[-8.90519,42.5429],[-8.90519,42.5429]],[[-8.90707,42.53231],[-8.90707,42.53231],[-8.90707,42.53231],[-8.90707,42.53231],[-8.90707,42.53231],[-8.90707,42.53231],[-8.90707,42.53231],[-8.90707,42.53231],[-8.90707,42.53231],[-8.90707,42.53231],[-8.90707,42.53231],[-8.90707,42.53231],[-8.90707,42.53231],[-8.90707,42.53231],[-8.90707,42.53231],[-8.90795,42.53446],[-8.90518,42.53491],[-8.90518,42.53491],[-8.90518,42.53491],[-8.90707,42.53231],[-8.90707,42.53231],[-8.90707,42.53231]],[[-8.91552,42.54589],[-8.91552,42.54589],[-8.91552,42.54589],[-8.91552,42.54589],[-8.91552,42.54589],[-8.91552,42.54589],[-8.91552,42.54589],[-8.91552,42.54589],[-8.91552,42.54589],[-8.91552,42.54589],[-8.91552,42.54589],[-8.91552,42.54589],[-8.91552,42.54589],[-8.91552,42.54589],[-8.91552,42.54589],[-8.9142,42.5485],[-8.9142,42.5485],[-8.9142,42.5485],[-8.91023,42.54584],[-8.91265,42.54409],[-8.91265,42.54409],[-8.91265,42.54409],[-8.91552,42.54589]],[[-8.91126,42.196],[-8.90717,42.20783],[-8.88758,42.19249],[-8.91126,42.196]],[[-8.91561,42.2147],[-8.90421,42.22513],[-8.91634,42.25147],[-8.90115,42.24395],[-8.89391,42.22784],[-8.90428,42.21316],[-8.91561,42.2147]],[[-8.94745,42.36165],[-8.93747,42.37104],[-8.94471,42.3811],[-8.93103,42.39882],[-8.92409,42.39497],[-8.92057,42.40014],[-8.93664,42.3558],[-8.94745,42.36165]],[[-8.93721,42.34336],[-8.93638,42.34938],[-8.93227,42.34935],[-8.93227,42.34935],[-8.93227,42.34935],[-8.9326,42.34412],[-8.93721,42.34336],[-8.93721,42.34336],[-8.93721,42.34336]]]}},{"type":"Feature","properties":{"code":"713602"},"geometry":{"type":"Polygon","coordinates":[[[-8.61598,42.56419],[-8.60787,42.56259],[-8.60368,42.52096],[-8.58231,42.51061],[-8.56165,42.47173],[-8.579,42.44864],[-8.56826,42.43737],[-8.55637,42.42887],[-8.49165,42.42601],[-8.46123,42.41273],[-8.45461,42.38983],[-8.43859,42.38296],[-8.43488,42.36036],[-8.45364,42.36442],[-8.47892,42.339],[-8.49027,42.34764],[-8.50672,42.34804],[-8.52228,42.34157],[-8.52231,42.33082],[-8.48471,42.32416],[-8.47901,42.28426],[-8.45959,42.28381],[-8.41924,42.30084],[-8.4047,42.29494],[-8.40792,42.24091],[-8.38979,42.22676],[-8.40101,42.20199],[-8.3854,42.18963],[-8.36991,42.19895],[-8.34844,42.18337],[-8.37591,42.18346],[-8.39431,42.17395],[-8.39139,42.16909],[-8.37075,42.17443],[-8.35156,42.15139],[-8.33171,42.14857],[-8.28472,42.15739],[-8.27921,42.14952],[-8.25189,42.15953],[-8.25046,42.17303],[-8.21376,42.18329],[-8.23451,42.20744],[-8.2215,42.2336],[-8.26308,42.25322],[-8.27141,42.28277],[-8.26045,42.31533],[-8.28331,42.31802],[-8.30373,42.34034],[-8.3232,42.3454],[-8.31596,42.35665],[-8.323,42.36957],[-8.3132,42.38134],[-8.33676,42.43379],[-8.3407,42.4663],[-8.36484,42.4877],[-8.35112,42.48111],[-8.33899,42.49275],[-8.31081,42.4958],[-8.30123,42.49056],[-8.27326,42.50874],[-8.26223,42.52603],[-8.23772,42.53871],[-8.21608,42.53421],[-8.17236,42.57232],[-8.14534,42.54902],[-8.08796,42.55804],[-8.05788,42.54903],[-8.04694,42.55525],[-8.01491,42.54306],[-7.99099,42.57284],[-7.9634,42.56696],[-7.92926,42.57894],[-7.91125,42.59201],[-7.89106,42.62997],[-7.89111,42.678],[-7.85994,42.70653],[-7.8649,42.72097],[-7.93388,42.74008],[-7.97691,42.77904],[-7.97899,42.81167],[-7.95491,42.84008],[-7.96738,42.85],[-7.9816,42.84266],[-8.01209,42.85053],[-8.04443,42.83182],[-8.06163,42.8365],[-8.07028,42.85276],[-8.08735,42.85399],[-8.11399,42.84187],[-8.12488,42.85032],[-8.13756,42.84345],[-8.18221,42.86035],[-8.20519,42.84323],[-8.21896,42.84498],[-8.20577,42.82549],[-8.23368,42.83319],[-8.24424,42.82794],[-8.25306,42.83704],[-8.27537,42.82198],[-8.27797,42.81123],[-8.29808,42.81924],[-8.29148,42.8292],[-8.30882,42.83078],[-8.31359,42.84618],[-8.32378,42.83152],[-8.32824,42.84242],[-8.34412,42.83628],[-8.34032,42.82836],[-8.32894,42.82765],[-8.33013,42.79477],[-8.35218,42.77939],[-8.39076,42.78951],[-8.38993,42.77702],[-8.39813,42.78102],[-8.41315,42.76694],[-8.4055,42.75455],[-8.46884,42.74403],[-8.49219,42.75694],[-8.53226,42.75214],[-8.55193,42.76165],[-8.55316,42.74707],[-8.59841,42.74346],[-8.60512,42.7155],[-8.59211,42.70252],[-8.61446,42.66383],[-8.61028,42.60796],[-8.60032,42.601],[-8.62016,42.59486],[-8.60956,42.59008],[-8.61598,42.56419]]]}},{"type":"Feature","properties":{"code":"713603"},"geometry":{"type":"Polygon","coordinates":[[[-8.88449,41.94197],[-8.87279,41.90026],[-8.88078,41.8826],[-8.87193,41.87072],[-8.86172,41.87243],[-8.82897,41.90106],[-8.7557,41.93385],[-8.74262,41.96564],[-8.662,42.00259],[-8.65536,42.03214],[-8.62867,42.05036],[-8.59296,42.05552],[-8.55583,42.05167],[-8.524,42.06486],[-8.52602,42.07799],[-8.45244,42.08325],[-8.4268,42.0726],[-8.40291,42.08081],[-8.37955,42.07764],[-8.36851,42.08937],[-8.3304,42.08457],[-8.32093,42.10231],[-8.29875,42.10591],[-8.27288,42.12366],[-8.25773,42.12139],[-8.25192,42.13715],[-8.22164,42.13372],[-8.20062,42.15352],[-8.18017,42.1581],[-8.16004,42.1813],[-8.17455,42.18606],[-8.17819,42.21028],[-8.19077,42.20948],[-8.16311,42.2218],[-8.17118,42.23555],[-8.16035,42.24447],[-8.20195,42.24487],[-8.2215,42.2336],[-8.23451,42.20744],[-8.21376,42.18329],[-8.25046,42.17303],[-8.25189,42.15953],[-8.27921,42.14952],[-8.28472,42.15739],[-8.30047,42.15763],[-8.33171,42.14857],[-8.35156,42.15139],[-8.37075,42.17443],[-8.39139,42.16909],[-8.39431,42.17395],[-8.37591,42.18346],[-8.34844,42.18337],[-8.36991,42.19895],[-8.3854,42.18963],[-8.40101,42.20199],[-8.38979,42.22676],[-8.40792,42.24091],[-8.4047,42.29494],[-8.41924,42.30084],[-8.45959,42.28381],[-8.48999,42.28783],[-8.52505,42.25656],[-8.54505,42.25472],[-8.56705,42.24146],[-8.56544,42.22284],[-8.58668,42.17914],[-8.61253,42.18392],[-8.61731,42.16602],[-8.64051,42.16419],[-8.66849,42.15078],[-8.67154,42.13578],[-8.68915,42.13871],[-8.6954,42.13279],[-8.68765,42.08722],[-8.70937,42.08595],[-8.72917,42.0616],[-8.77337,42.06678],[-8.80854,42.0554],[-8.80769,42.03788],[-8.78291,42.00782],[-8.80409,41.96534],[-8.86673,41.97319],[-8.88102,41.96874],[-8.88449,41.94197]]]}},{"type":"Feature","properties":{"code":"713603C"},"geometry":{"type":"Polygon","coordinates":[[[-8.88328,41.96166],[-9.32165,41.90188],[-9.3141,41.83211],[-9.23888,41.82681],[-9.04345,41.83449],[-8.87382,41.86417],[-8.79262,41.91521],[-8.82897,41.90106],[-8.84913,41.87769],[-8.87193,41.87072],[-8.88078,41.8826],[-8.87279,41.90026],[-8.88353,41.91758],[-8.88328,41.96166]]]}},{"type":"Feature","properties":{"code":"722801"},"geometry":{"type":"MultiPolygon","coordinates":[[[[-4.33816,40.4323],[-4.32286,40.41901],[-4.27208,40.42947],[-4.26108,40.4248],[-4.25205,40.40565],[-4.2364,40.43358],[-4.20536,40.45592],[-4.16854,40.43784],[-4.17384,40.45971],[-4.16121,40.46698],[-4.12695,40.52247],[-4.0898,40.45047],[-4.07712,40.44157],[-4.04817,40.44601],[-4.03902,40.45915],[-3.99169,40.47301],[-3.99956,40.48603],[-3.98318,40.51677],[-3.96521,40.51938],[-3.93858,40.50827],[-3.94421,40.55137],[-3.93516,40.54887],[-3.93081,40.56025],[-3.91877,40.55804],[-3.89402,40.56822],[-3.87281,40.59162],[-3.81325,40.59533],[-3.80458,40.60005],[-3.8103,40.61096],[-3.78109,40.62212],[-3.76896,40.61102],[-3.74206,40.60934],[-3.7408,40.62859],[-3.72794,40.63092],[-3.71654,40.64577],[-3.66674,40.62994],[-3.6518,40.64393],[-3.63616,40.63841],[-3.62504,40.61791],[-3.60731,40.63136],[-3.58327,40.62764],[-3.59224,40.65516],[-3.58344,40.65388],[-3.58294,40.64547],[-3.56693,40.6439],[-3.56547,40.65072],[-3.55456,40.65069],[-3.55461,40.66113],[-3.51961,40.67229],[-3.48158,40.66796],[-3.46468,40.6736],[-3.46618,40.69296],[-3.43288,40.73112],[-3.44972,40.73836],[-3.44209,40.76117],[-3.46457,40.78461],[-3.50935,40.78897],[-3.48992,40.79976],[-3.48041,40.81564],[-3.47812,40.83828],[-3.46911,40.84469],[-3.47546,40.85185],[-3.46643,40.85684],[-3.47192,40.86477],[-3.43956,40.87646],[-3.43902,40.89228],[-3.45812,40.89867],[-3.45951,40.90655],[-3.44359,40.908],[-3.4459,40.92275],[-3.4324,40.9379],[-3.41688,40.98793],[-3.39332,41.0006],[-3.43698,41.04295],[-3.42456,41.08377],[-3.4465,41.08187],[-3.4743,41.09607],[-3.48708,41.09462],[-3.49831,41.12406],[-3.53924,41.15086],[-3.53847,41.16535],[-3.58215,41.16141],[-3.61234,41.14943],[-3.67551,41.08679],[-3.70432,41.07786],[-3.73796,41.05421],[-3.78323,40.99931],[-3.89378,40.96732],[-3.9212,40.93021],[-3.93648,40.92752],[-3.9514,40.89383],[-3.94159,40.88763],[-3.94531,40.86511],[-3.96357,40.83881],[-3.96078,40.82245],[-3.97834,40.8002],[-3.9784,40.78453],[-4.00121,40.78879],[-4.02011,40.78162],[-4.06873,40.79416],[-4.07757,40.78924],[-4.07927,40.77725],[-4.09503,40.76557],[-4.09633,40.74842],[-4.11374,40.74265],[-4.14372,40.69552],[-4.17167,40.67726],[-4.17179,40.63064],[-4.16,40.62373],[-4.21388,40.6053],[-4.24277,40.60273],[-4.26075,40.60591],[-4.27111,40.62946],[-4.28863,40.62833],[-4.2887,40.60874],[-4.27725,40.60386],[-4.2803,40.58993],[-4.28836,40.5648],[-4.32347,40.54802],[-4.32669,40.50822],[-4.31506,40.46574],[-4.33816,40.4323]]],[[[-4.27379,40.67667],[-4.2891,40.68075],[-4.31608,40.6673],[-4.32344,40.65809],[-4.31838,40.64788],[-4.2562,40.65377],[-4.25472,40.66368],[-4.27379,40.67667]]]]}},{"type":"Feature","properties":{"code":"722802"},"geometry":{"type":"MultiPolygon","coordinates":[[[[-4.00476,40.33953],[-3.94053,40.29785],[-3.9175,40.30305],[-3.91429,40.29357],[-3.89528,40.30469],[-3.88613,40.29187],[-3.83939,40.28605],[-3.83773,40.2772],[-3.80916,40.27736],[-3.79123,40.25047],[-3.76098,40.24773],[-3.74026,40.25384],[-3.73789,40.27165],[-3.693,40.26942],[-3.64811,40.29326],[-3.63706,40.29234],[-3.622,40.26687],[-3.59371,40.27483],[-3.59538,40.28574],[-3.54981,40.29794],[-3.54254,40.29077],[-3.51794,40.29371],[-3.48127,40.25741],[-3.4082,40.25925],[-3.39472,40.24859],[-3.34703,40.27371],[-3.33275,40.31587],[-3.31298,40.3294],[-3.28682,40.3333],[-3.26943,40.36075],[-3.2773,40.39496],[-3.26973,40.39897],[-3.25567,40.39345],[-3.218,40.40346],[-3.21052,40.43469],[-3.19743,40.44268],[-3.19937,40.51505],[-3.23057,40.53909],[-3.23328,40.53281],[-3.24949,40.54423],[-3.28837,40.53207],[-3.2957,40.53768],[-3.28054,40.55277],[-3.28694,40.55862],[-3.28135,40.56967],[-3.30928,40.57992],[-3.32917,40.59776],[-3.32082,40.61254],[-3.33632,40.62575],[-3.3221,40.63049],[-3.31614,40.65464],[-3.33759,40.6369],[-3.36414,40.64829],[-3.37182,40.67887],[-3.39198,40.69306],[-3.40371,40.67046],[-3.42471,40.683],[-3.42566,40.67308],[-3.44061,40.67463],[-3.46619,40.69007],[-3.45975,40.68181],[-3.4699,40.66958],[-3.51961,40.67229],[-3.55461,40.66113],[-3.55456,40.65069],[-3.56547,40.65072],[-3.56693,40.6439],[-3.58294,40.64547],[-3.58344,40.65388],[-3.59224,40.65516],[-3.58327,40.62764],[-3.60731,40.63136],[-3.62504,40.61791],[-3.63616,40.63841],[-3.6518,40.64393],[-3.66674,40.62994],[-3.71654,40.64577],[-3.72794,40.63092],[-3.7408,40.62859],[-3.74206,40.60934],[-3.76896,40.61102],[-3.78109,40.62212],[-3.8103,40.61096],[-3.80458,40.60005],[-3.81325,40.59533],[-3.87281,40.59162],[-3.89402,40.56822],[-3.91877,40.55804],[-3.93081,40.56025],[-3.93516,40.54887],[-3.94421,40.55137],[-3.94856,40.53997],[-3.93202,40.4999],[-3.93744,40.46181],[-3.95125,40.43859],[-3.94267,40.37647],[-3.94764,40.36859],[-3.97829,40.36986],[-3.99922,40.36237],[-3.99734,40.34365],[-4.00476,40.33953]],[[-3.38076,40.63017],[-3.37215,40.64153],[-3.36421,40.63964],[-3.36974,40.62531],[-3.38076,40.63017]]],[[[-3.94057,40.29252],[-3.9239,40.29187],[-3.91711,40.28985],[-3.91499,40.29244],[-3.92188,40.29598],[-3.92827,40.29649],[-3.93708,40.2929],[-3.94034,40.29345],[-3.94057,40.29252]]]]}},{"type":"Feature","properties":{"code":"722803"},"geometry":{"type":"Polygon","coordinates":[[[-4.55459,40.26644],[-4.56788,40.25758],[-4.55782,40.23498],[-4.5643,40.21842],[-4.57767,40.21779],[-4.57384,40.20746],[-4.52081,40.20278],[-4.51308,40.21757],[-4.43612,40.23807],[-4.43435,40.25969],[-4.42615,40.25822],[-4.38273,40.28953],[-4.37986,40.31872],[-4.35557,40.31003],[-4.3469,40.23699],[-4.33409,40.23918],[-4.32029,40.2255],[-4.30658,40.23385],[-4.30494,40.22207],[-4.2946,40.21947],[-4.26787,40.23531],[-4.24452,40.27409],[-4.23037,40.27712],[-4.22513,40.27027],[-4.20245,40.26938],[-4.20254,40.28752],[-4.19004,40.29735],[-4.16895,40.28871],[-4.16353,40.27117],[-4.14276,40.26464],[-4.14932,40.24977],[-4.14238,40.24537],[-4.12983,40.24918],[-4.10292,40.24218],[-4.07917,40.26688],[-4.06991,40.26518],[-4.05032,40.25149],[-4.02241,40.24946],[-4.02471,40.23654],[-3.99113,40.2101],[-3.95163,40.2127],[-3.94765,40.18961],[-3.92909,40.20423],[-3.90986,40.19042],[-3.87493,40.19148],[-3.8323,40.16218],[-3.80899,40.1695],[-3.80477,40.17787],[-3.783,40.16308],[-3.77056,40.13996],[-3.74437,40.13302],[-3.71935,40.14833],[-3.68976,40.13312],[-3.66565,40.1439],[-3.6546,40.12543],[-3.60519,40.10937],[-3.61306,40.0999],[-3.60274,40.0944],[-3.60816,40.08391],[-3.62688,40.07686],[-3.61596,40.06906],[-3.62336,40.06374],[-3.61895,40.05696],[-3.6355,40.05236],[-3.64671,40.03458],[-3.65748,40.03419],[-3.67845,40.01619],[-3.698,40.01994],[-3.73351,39.97747],[-3.74502,39.98118],[-3.73935,39.97105],[-3.72714,39.97345],[-3.72478,39.96689],[-3.73954,39.96194],[-3.75996,39.97133],[-3.75231,39.95129],[-3.76868,39.94933],[-3.75764,39.95824],[-3.76353,39.96677],[-3.78735,39.95456],[-3.7857,39.94691],[-3.79976,39.94685],[-3.80601,39.95522],[-3.82353,39.94712],[-3.83137,39.93013],[-3.83778,39.9426],[-3.87525,39.9279],[-3.868,39.91706],[-3.87507,39.91131],[-3.86461,39.90352],[-3.83305,39.90013],[-3.80259,39.88497],[-3.77735,39.91173],[-3.75469,39.92201],[-3.74362,39.94101],[-3.71007,39.95541],[-3.69652,39.9474],[-3.66071,39.96657],[-3.63371,39.96656],[-3.63684,39.98916],[-3.59326,40.00227],[-3.5887,40.01378],[-3.51858,40.02126],[-3.51395,40.04364],[-3.5043,40.04904],[-3.46736,40.04153],[-3.45104,40.05055],[-3.44437,40.03772],[-3.42838,40.03912],[-3.42366,40.04742],[-3.39288,40.03589],[-3.39157,40.0473],[-3.37462,40.05084],[-3.37566,40.07558],[-3.33309,40.08198],[-3.31035,40.06903],[-3.30156,40.05404],[-3.27361,40.04781],[-3.26373,40.05755],[-3.25662,40.05111],[-3.25396,40.05836],[-3.24436,40.05983],[-3.24273,40.05396],[-3.2072,40.06354],[-3.20374,40.05936],[-3.18814,40.08305],[-3.16508,40.09165],[-3.16008,40.06551],[-3.11657,40.06207],[-3.08737,40.07087],[-3.05203,40.09947],[-3.0716,40.13121],[-3.09558,40.14282],[-3.08814,40.16251],[-3.06654,40.1579],[-3.08417,40.18683],[-3.0783,40.22735],[-3.09777,40.26086],[-3.09696,40.27545],[-3.11079,40.286],[-3.15206,40.26445],[-3.17189,40.2344],[-3.19441,40.24812],[-3.18226,40.26965],[-3.17762,40.31458],[-3.15212,40.33208],[-3.15491,40.34223],[-3.14024,40.35118],[-3.15209,40.36773],[-3.1375,40.37638],[-3.14298,40.38781],[-3.12918,40.40543],[-3.15473,40.43955],[-3.19743,40.44268],[-3.21052,40.43469],[-3.218,40.40346],[-3.25567,40.39345],[-3.26973,40.39897],[-3.2773,40.39496],[-3.26943,40.36075],[-3.28682,40.3333],[-3.31298,40.3294],[-3.33275,40.31587],[-3.34703,40.27371],[-3.38872,40.25044],[-3.4082,40.25925],[-3.48127,40.25741],[-3.51794,40.29371],[-3.54254,40.29077],[-3.54981,40.29794],[-3.59538,40.28574],[-3.59371,40.27483],[-3.622,40.26687],[-3.63706,40.29234],[-3.64811,40.29326],[-3.693,40.26942],[-3.73789,40.27165],[-3.74026,40.25384],[-3.76098,40.24773],[-3.79688,40.25141],[-3.80916,40.27736],[-3.83773,40.2772],[-3.83939,40.28605],[-3.88613,40.29187],[-3.89528,40.30469],[-3.91429,40.29357],[-3.9175,40.30305],[-3.94053,40.29785],[-4.00476,40.33953],[-3.99734,40.34365],[-3.99922,40.36237],[-3.97829,40.36986],[-3.94764,40.36859],[-3.94267,40.37647],[-3.95125,40.43859],[-3.93744,40.46181],[-3.93465,40.50901],[-3.96521,40.51938],[-3.98318,40.51677],[-3.99956,40.48603],[-3.99169,40.47301],[-4.03902,40.45915],[-4.04817,40.44601],[-4.07712,40.44157],[-4.11692,40.49084],[-4.12695,40.52247],[-4.16121,40.46698],[-4.17384,40.45971],[-4.16854,40.43784],[-4.20536,40.45592],[-4.2364,40.43358],[-4.25205,40.40565],[-4.26108,40.4248],[-4.27208,40.42947],[-4.32137,40.42106],[-4.31953,40.41106],[-4.33278,40.40924],[-4.41338,40.41075],[-4.44125,40.38608],[-4.43841,40.35067],[-4.45929,40.34071],[-4.45418,40.32029],[-4.50382,40.31573],[-4.52508,40.34529],[-4.54514,40.34249],[-4.52775,40.29313],[-4.55416,40.27743],[-4.55459,40.26644]],[[-3.94057,40.29252],[-3.94034,40.29345],[-3.93708,40.2929],[-3.92827,40.29649],[-3.92188,40.29598],[-3.91499,40.29244],[-3.91711,40.28985],[-3.9239,40.29187],[-3.94057,40.29252]]]}},{"type":"Feature","properties":{"code":"733001"},"geometry":{"type":"Polygon","coordinates":[[[-1.3431,38.67746],[-1.36545,38.70441],[-1.42044,38.6774],[-1.44648,38.64992],[-1.45078,38.58187],[-1.48647,38.56372],[-1.49751,38.53247],[-1.4753,38.44757],[-1.47732,38.3768],[-1.44926,38.37256],[-1.35259,38.33507],[-1.31766,38.31387],[-1.25106,38.32047],[-1.23527,38.30791],[-1.20748,38.30132],[-1.19687,38.28829],[-1.11738,38.32269],[-1.08317,38.34663],[-1.08692,38.40279],[-1.08415,38.42956],[-1.07599,38.43188],[-1.09295,38.43834],[-1.05809,38.45616],[-1.01267,38.49747],[-1.02485,38.52323],[-1.00036,38.57308],[-1.01471,38.63546],[-1.02601,38.65626],[-1.11439,38.71179],[-1.11846,38.73812],[-1.18242,38.75549],[-1.24854,38.73902],[-1.28541,38.70589],[-1.3431,38.67746]]]}},{"type":"Feature","properties":{"code":"733002"},"geometry":{"type":"Polygon","coordinates":[[[-2.29721,38.00256],[-2.27656,37.96139],[-2.23666,37.92894],[-2.18369,37.90407],[-2.17076,37.88913],[-2.12196,37.90089],[-2.10658,37.88171],[-2.08333,37.87277],[-2.06918,37.88493],[-2.02053,37.86895],[-1.99346,37.88092],[-1.97327,37.86891],[-1.97219,37.87998],[-1.85139,37.95835],[-1.82138,37.97061],[-1.77882,37.95043],[-1.73185,37.94959],[-1.6622,37.99589],[-1.61396,38.0568],[-1.63145,38.16393],[-1.5882,38.19039],[-1.57777,38.22236],[-1.59381,38.30546],[-1.58805,38.313],[-1.66902,38.31207],[-1.6915,38.33824],[-1.68071,38.36056],[-1.69908,38.37504],[-1.71697,38.36453],[-1.74228,38.38171],[-1.75261,38.37382],[-1.76949,38.37935],[-1.76991,38.36527],[-1.79452,38.37068],[-1.78307,38.35657],[-1.80979,38.35179],[-1.82067,38.33667],[-1.85301,38.33064],[-1.9063,38.29838],[-1.98139,38.28179],[-2.04775,38.3062],[-2.11248,38.23862],[-2.1678,38.22686],[-2.21227,38.20223],[-2.26039,38.11339],[-2.32864,38.06584],[-2.34315,38.03036],[-2.29721,38.00256]]]}},{"type":"Feature","properties":{"code":"733003"},"geometry":{"type":"MultiPolygon","coordinates":[[[[-1.66404,37.86453],[-1.65252,37.86067],[-1.58727,37.89689],[-1.53596,37.88561],[-1.40944,37.90644],[-1.38829,37.88981],[-1.36125,37.88093],[-1.36001,37.86087],[-1.35018,37.86149],[-1.31573,37.87561],[-1.28117,37.90509],[-1.2675,37.84872],[-1.23114,37.8283],[-1.21646,37.80965],[-1.22333,37.80424],[-1.20956,37.80046],[-1.18628,37.8126],[-1.15903,37.78985],[-1.16389,37.77507],[-1.14088,37.75206],[-1.09474,37.7812],[-1.06966,37.77466],[-1.07451,37.78626],[-1.02699,37.81727],[-1.01971,37.83528],[-1.00041,37.84965],[-0.98104,37.82345],[-0.93567,37.83093],[-0.85305,37.86513],[-0.85011,37.88218],[-0.92116,37.94689],[-0.96482,38.01311],[-1.02139,38.07611],[-1.02913,38.0975],[-1.03555,38.13814],[-0.98734,38.19995],[-0.96739,38.25618],[-0.97028,38.2905],[-0.98783,38.32097],[-1.02721,38.33898],[-1.08317,38.34663],[-1.11738,38.32269],[-1.19687,38.28829],[-1.20748,38.30132],[-1.23527,38.30791],[-1.25106,38.32047],[-1.31766,38.31387],[-1.35259,38.33507],[-1.44926,38.37256],[-1.47732,38.3768],[-1.53987,38.34393],[-1.55697,38.32562],[-1.59381,38.30546],[-1.57777,38.22236],[-1.5882,38.19039],[-1.63145,38.16393],[-1.61396,38.0568],[-1.6622,37.99589],[-1.73185,37.94959],[-1.67383,37.89893],[-1.67838,37.88106],[-1.66404,37.86453]]],[[[-1.06213,37.76045],[-1.09541,37.74122],[-1.08335,37.71645],[-1.04962,37.724],[-1.06213,37.76045]]]]}},{"type":"Feature","properties":{"code":"733004"},"geometry":{"type":"MultiPolygon","coordinates":[[[[-1.91519,37.5453],[-1.84404,37.45528],[-1.80772,37.43392],[-1.81053,37.452],[-1.73585,37.44308],[-1.6278,37.37423],[-1.58955,37.40259],[-1.57869,37.40099],[-1.57006,37.40856],[-1.55952,37.4047],[-1.5588,37.41152],[-1.546,37.41091],[-1.51733,37.4324],[-1.50095,37.43228],[-1.49694,37.42343],[-1.48633,37.4227],[-1.47655,37.42902],[-1.48028,37.45319],[-1.46388,37.48176],[-1.42645,37.50384],[-1.40111,37.5077],[-1.39508,37.51797],[-1.43152,37.54163],[-1.43981,37.54002],[-1.46073,37.5629],[-1.44524,37.58316],[-1.46018,37.6213],[-1.47454,37.62935],[-1.45299,37.6353],[-1.44749,37.65133],[-1.46095,37.6801],[-1.36811,37.72226],[-1.30486,37.73015],[-1.27173,37.74372],[-1.28819,37.78992],[-1.28533,37.82519],[-1.2675,37.84872],[-1.28117,37.90509],[-1.31573,37.87561],[-1.35018,37.86149],[-1.36001,37.86087],[-1.35498,37.87164],[-1.36125,37.88093],[-1.38829,37.88981],[-1.40944,37.90644],[-1.53596,37.88561],[-1.58727,37.89689],[-1.65252,37.86067],[-1.67838,37.88106],[-1.67383,37.89893],[-1.73185,37.94959],[-1.77882,37.95043],[-1.82138,37.97061],[-1.85139,37.95835],[-1.97219,37.87998],[-1.97615,37.86077],[-1.99404,37.84183],[-2.0076,37.77539],[-1.9946,37.72849],[-2.00642,37.72023],[-2.01069,37.67298],[-1.91519,37.5453]]],[[[-1.54572,37.4077],[-1.5427,37.40941],[-1.54627,37.40984],[-1.54572,37.4077]]]]}},{"type":"Feature","properties":{"code":"733004C"},"geometry":{"type":"Polygon","coordinates":[[[-1.21303,37.29691],[-1.39508,37.51797],[-1.40111,37.5077],[-1.42645,37.50384],[-1.46388,37.48176],[-1.48028,37.45319],[-1.47655,37.42902],[-1.48633,37.4227],[-1.49694,37.42343],[-1.50095,37.43228],[-1.51733,37.4324],[-1.546,37.41091],[-1.58955,37.40259],[-1.62701,37.37745],[-1.34867,37.10629],[-1.24283,37.15147],[-1.16943,37.2048],[-1.13686,37.20286],[-1.21303,37.29691]],[[-1.54572,37.4077],[-1.54627,37.40984],[-1.5427,37.40941],[-1.5427,37.40941],[-1.5427,37.40941],[-1.54572,37.4077],[-1.54572,37.4077],[-1.54572,37.4077]]]}},{"type":"Feature","properties":{"code":"733005"},"geometry":{"type":"MultiPolygon","coordinates":[[[[-1.46095,37.6801],[-1.44749,37.65133],[-1.45299,37.6353],[-1.47454,37.62935],[-1.46018,37.6213],[-1.44524,37.58316],[-1.46073,37.5629],[-1.43981,37.54002],[-1.43152,37.54163],[-1.39508,37.51797],[-1.35343,37.55063],[-1.32417,37.56289],[-1.25563,37.55838],[-1.25708,37.56664],[-1.23644,37.57834],[-1.1803,37.56751],[-1.16763,37.55833],[-1.17319,37.55164],[-1.16415,37.54207],[-1.10987,37.53463],[-1.12587,37.55267],[-1.10766,37.56966],[-1.07229,37.58458],[-1.01203,37.57509],[-1.00789,37.5864],[-0.98209,37.58457],[-0.9927,37.60198],[-0.97467,37.59954],[-0.97053,37.59354],[-0.98223,37.58948],[-0.97407,37.58927],[-0.97393,37.57736],[-0.944,37.57155],[-0.96118,37.56179],[-0.91856,37.55505],[-0.87747,37.57074],[-0.87736,37.57848],[-0.85138,37.5812],[-0.84966,37.58812],[-0.84042,37.58573],[-0.84119,37.57788],[-0.81837,37.57565],[-0.7825,37.59458],[-0.73062,37.60201],[-0.71669,37.60737],[-0.70056,37.63105],[-0.68741,37.63316],[-0.7105,37.64463],[-0.73763,37.7005],[-0.73364,37.74475],[-0.72618,37.74722],[-0.72044,37.74031],[-0.74422,37.75952],[-0.7442,37.78314],[-0.75647,37.78022],[-0.74936,37.77838],[-0.74397,37.74965],[-0.73247,37.74726],[-0.7442,37.7483],[-0.73803,37.73799],[-0.74454,37.70648],[-0.72848,37.66218],[-0.73942,37.66176],[-0.72213,37.65888],[-0.71892,37.64977],[-0.72688,37.63506],[-0.74659,37.63522],[-0.75001,37.64245],[-0.80407,37.65962],[-0.85575,37.71346],[-0.84542,37.74746],[-0.80542,37.77486],[-0.79669,37.78533],[-0.80249,37.79817],[-0.78321,37.8196],[-0.77544,37.82023],[-0.75367,37.78849],[-0.747,37.79111],[-0.76101,37.84744],[-0.78183,37.8456],[-0.80271,37.85957],[-0.82952,37.86485],[-0.85011,37.88218],[-0.85305,37.86513],[-0.93567,37.83093],[-0.98104,37.82345],[-1.00041,37.84965],[-1.01971,37.83528],[-1.02699,37.81727],[-1.07451,37.78626],[-1.06966,37.77466],[-1.09474,37.7812],[-1.14088,37.75206],[-1.16389,37.77507],[-1.15903,37.78985],[-1.18628,37.8126],[-1.20956,37.80046],[-1.22333,37.80424],[-1.21646,37.80965],[-1.23114,37.8283],[-1.2675,37.84872],[-1.28533,37.82519],[-1.28819,37.78992],[-1.27173,37.74372],[-1.30486,37.73015],[-1.36811,37.72226],[-1.46095,37.6801]],[[-1.06213,37.76045],[-1.04962,37.724],[-1.08335,37.71645],[-1.09541,37.74122],[-1.06213,37.76045]]],[[[-0.70694,37.72579],[-0.70694,37.72579],[-0.70694,37.72579],[-0.70694,37.72579],[-0.70694,37.72579],[-0.70694,37.72579],[-0.70694,37.72579],[-0.70694,37.72579],[-0.70694,37.72579],[-0.70694,37.72579],[-0.70694,37.72579],[-0.70694,37.72579],[-0.70694,37.72579],[-0.70694,37.72579],[-0.70694,37.72579],[-0.70694,37.72579],[-0.7034,37.72883],[-0.70558,37.72948],[-0.70495,37.73097],[-0.70815,37.73076],[-0.7087,37.72731],[-0.70694,37.72579]]],[[[-0.73971,37.66872],[-0.73971,37.66872],[-0.73971,37.66872],[-0.73971,37.66872],[-0.73971,37.66872],[-0.73971,37.66872],[-0.73971,37.66872],[-0.73971,37.66872],[-0.73971,37.66872],[-0.73971,37.66872],[-0.73971,37.66872],[-0.73971,37.66872],[-0.73971,37.66872],[-0.73971,37.66872],[-0.73971,37.66872],[-0.73971,37.66872],[-0.73751,37.66977],[-0.73903,37.67109],[-0.73971,37.66872]]],[[[-0.74776,37.66539],[-0.74776,37.66539],[-0.74776,37.66539],[-0.74776,37.66539],[-0.74776,37.66539],[-0.74776,37.66539],[-0.74776,37.66539],[-0.74776,37.66539],[-0.74776,37.66539],[-0.74776,37.66539],[-0.74776,37.66539],[-0.74776,37.66539],[-0.74776,37.66539],[-0.74776,37.66539],[-0.74776,37.66539],[-0.74776,37.66539],[-0.74596,37.66623],[-0.7484,37.66656],[-0.74776,37.66539]]],[[[-0.75646,37.78539],[-0.75646,37.78539],[-0.75646,37.78539],[-0.75646,37.78539],[-0.75646,37.78539],[-0.75646,37.78539],[-0.75646,37.78539],[-0.75646,37.78539],[-0.75646,37.78539],[-0.75646,37.78539],[-0.75646,37.78539],[-0.75646,37.78539],[-0.75646,37.78539],[-0.75646,37.78539],[-0.75646,37.78539],[-0.75646,37.78539],[-0.75549,37.78422],[-0.75283,37.78398],[-0.75509,37.78818],[-0.75877,37.78819],[-0.75684,37.78585],[-0.75646,37.78539]]],[[[-0.76052,37.78914],[-0.76052,37.78914],[-0.76052,37.78914],[-0.76052,37.78914],[-0.76052,37.78914],[-0.76052,37.78914],[-0.76052,37.78914],[-0.76052,37.78914],[-0.76052,37.78914],[-0.76052,37.78914],[-0.76052,37.78914],[-0.76052,37.78914],[-0.76052,37.78914],[-0.76052,37.78914],[-0.76052,37.78914],[-0.76052,37.78914],[-0.75792,37.7909],[-0.761,37.79103],[-0.76052,37.78914]]],[[[-0.76037,37.79221],[-0.76037,37.79221],[-0.76037,37.79221],[-0.76037,37.79221],[-0.76037,37.79221],[-0.76037,37.79221],[-0.76037,37.79221],[-0.76037,37.79221],[-0.76037,37.79221],[-0.76037,37.79221],[-0.76037,37.79221],[-0.76037,37.79221],[-0.76037,37.79221],[-0.76037,37.79221],[-0.76037,37.79221],[-0.76037,37.79221],[-0.75893,37.79336],[-0.76024,37.79447],[-0.76037,37.79221]]],[[[-0.76815,37.69064],[-0.7702,37.70341],[-0.77494,37.69623],[-0.76815,37.69064]]],[[[-0.79645,37.69647],[-0.79645,37.69647],[-0.79645,37.69647],[-0.79645,37.69647],[-0.79645,37.69647],[-0.79645,37.69647],[-0.79645,37.69647],[-0.79645,37.69647],[-0.79645,37.69647],[-0.79645,37.69647],[-0.79645,37.69647],[-0.79645,37.69647],[-0.79645,37.69647],[-0.79645,37.69647],[-0.79645,37.69647],[-0.79645,37.69647],[-0.79534,37.69769],[-0.79741,37.69967],[-0.79534,37.70211],[-0.79887,37.70419],[-0.80223,37.7032],[-0.80321,37.70186],[-0.79941,37.70068],[-0.79645,37.69647]]],[[[-0.96883,37.5594],[-0.96883,37.5594],[-0.96883,37.5594],[-0.96883,37.5594],[-0.96883,37.5594],[-0.96883,37.5594],[-0.96883,37.5594],[-0.96883,37.5594],[-0.96883,37.5594],[-0.96883,37.5594],[-0.96883,37.5594],[-0.96883,37.5594],[-0.96883,37.5594],[-0.96883,37.5594],[-0.96883,37.5594],[-0.96883,37.5594],[-0.96585,37.56033],[-0.9679,37.56091],[-0.96883,37.5594]]],[[[-1.26624,37.55478],[-1.26444,37.55684],[-1.26592,37.55883],[-1.26956,37.55612],[-1.26624,37.55478]]]]}},{"type":"Feature","properties":{"code":"733005C"},"geometry":{"type":"Polygon","coordinates":[[[-1.31851,37.56321],[-1.35343,37.55063],[-1.39508,37.51797],[-1.13686,37.20286],[-1.08379,37.20153],[-0.96224,37.22388],[-0.86928,37.22364],[-0.78883,37.23778],[-0.58774,37.28991],[-0.51233,37.31615],[-0.44476,37.35364],[-0.38763,37.40095],[-0.34315,37.45625],[-0.31306,37.51741],[-0.29857,37.58209],[-0.30011,37.64175],[-0.28621,37.69048],[-0.29093,37.78348],[-0.76101,37.84744],[-0.747,37.79111],[-0.75367,37.78849],[-0.77544,37.82023],[-0.78321,37.8196],[-0.80249,37.79817],[-0.79669,37.78533],[-0.84542,37.74746],[-0.85885,37.72189],[-0.80407,37.65962],[-0.75001,37.64245],[-0.74659,37.63522],[-0.72688,37.63506],[-0.71892,37.64977],[-0.72213,37.65888],[-0.73942,37.66176],[-0.72848,37.66218],[-0.74454,37.70648],[-0.73803,37.73799],[-0.7442,37.7483],[-0.73247,37.74726],[-0.74397,37.74965],[-0.74936,37.77838],[-0.75647,37.78022],[-0.7442,37.78314],[-0.74422,37.75952],[-0.72044,37.74031],[-0.72618,37.74722],[-0.73364,37.74475],[-0.73763,37.7005],[-0.7105,37.64463],[-0.69535,37.63302],[-0.68793,37.63718],[-0.71368,37.61817],[-0.71669,37.60737],[-0.7825,37.59458],[-0.81837,37.57565],[-0.84119,37.57788],[-0.84042,37.58573],[-0.84966,37.58812],[-0.85138,37.5812],[-0.87736,37.57848],[-0.87747,37.57074],[-0.91856,37.55505],[-0.96118,37.56179],[-0.944,37.57155],[-0.97393,37.57736],[-0.97407,37.58927],[-0.98223,37.58948],[-0.97053,37.59354],[-0.97467,37.59954],[-0.9927,37.60198],[-0.98209,37.58457],[-1.00789,37.5864],[-1.01203,37.57509],[-1.07229,37.58458],[-1.10766,37.56966],[-1.12587,37.55267],[-1.10987,37.53463],[-1.16415,37.54207],[-1.17319,37.55164],[-1.16763,37.55833],[-1.20043,37.57408],[-1.24511,37.57684],[-1.25563,37.55838],[-1.28649,37.55618],[-1.31851,37.56321]],[[-0.70694,37.72579],[-0.70694,37.72579],[-0.70694,37.72579],[-0.70694,37.72579],[-0.70694,37.72579],[-0.70694,37.72579],[-0.70694,37.72579],[-0.70694,37.72579],[-0.70694,37.72579],[-0.70694,37.72579],[-0.70694,37.72579],[-0.70694,37.72579],[-0.70694,37.72579],[-0.70694,37.72579],[-0.70694,37.72579],[-0.7087,37.72731],[-0.70815,37.73076],[-0.70495,37.73097],[-0.70495,37.73097],[-0.70495,37.73097],[-0.70558,37.72948],[-0.7034,37.72883],[-0.7034,37.72883],[-0.7034,37.72883],[-0.70694,37.72579],[-0.70694,37.72579],[-0.70694,37.72579]],[[-0.73903,37.67109],[-0.73903,37.67109],[-0.73903,37.67109],[-0.73903,37.67109],[-0.73903,37.67109],[-0.73903,37.67109],[-0.73903,37.67109],[-0.73903,37.67109],[-0.73903,37.67109],[-0.73903,37.67109],[-0.73903,37.67109],[-0.73903,37.67109],[-0.73903,37.67109],[-0.73903,37.67109],[-0.73903,37.67109],[-0.73903,37.67109],[-0.73903,37.67109],[-0.73751,37.66977],[-0.73971,37.66872],[-0.73971,37.66872],[-0.73971,37.66872],[-0.73903,37.67109]],[[-0.74776,37.66539],[-0.74776,37.66539],[-0.74776,37.66539],[-0.74776,37.66539],[-0.74776,37.66539],[-0.74776,37.66539],[-0.74776,37.66539],[-0.74776,37.66539],[-0.74776,37.66539],[-0.74776,37.66539],[-0.74776,37.66539],[-0.74776,37.66539],[-0.74776,37.66539],[-0.74776,37.66539],[-0.74776,37.66539],[-0.7484,37.66656],[-0.74596,37.66623],[-0.74596,37.66623],[-0.74596,37.66623],[-0.74776,37.66539],[-0.74776,37.66539],[-0.74776,37.66539]],[[-0.75684,37.78585],[-0.75684,37.78585],[-0.75684,37.78585],[-0.75684,37.78585],[-0.75684,37.78585],[-0.75684,37.78585],[-0.75684,37.78585],[-0.75684,37.78585],[-0.75684,37.78585],[-0.75684,37.78585],[-0.75684,37.78585],[-0.75684,37.78585],[-0.75684,37.78585],[-0.75684,37.78585],[-0.75684,37.78585],[-0.75877,37.78819],[-0.75509,37.78818],[-0.75509,37.78818],[-0.75509,37.78818],[-0.75283,37.78398],[-0.75549,37.78422],[-0.75549,37.78422],[-0.75549,37.78422],[-0.75646,37.78539],[-0.75684,37.78585]],[[-0.761,37.79103],[-0.761,37.79103],[-0.761,37.79103],[-0.761,37.79103],[-0.761,37.79103],[-0.761,37.79103],[-0.761,37.79103],[-0.761,37.79103],[-0.761,37.79103],[-0.761,37.79103],[-0.761,37.79103],[-0.761,37.79103],[-0.761,37.79103],[-0.761,37.79103],[-0.761,37.79103],[-0.75792,37.7909],[-0.75792,37.7909],[-0.75792,37.7909],[-0.76052,37.78914],[-0.76052,37.78914],[-0.76052,37.78914],[-0.761,37.79103]],[[-0.76037,37.79221],[-0.76037,37.79221],[-0.76037,37.79221],[-0.76037,37.79221],[-0.76037,37.79221],[-0.76037,37.79221],[-0.76037,37.79221],[-0.76037,37.79221],[-0.76037,37.79221],[-0.76037,37.79221],[-0.76037,37.79221],[-0.76037,37.79221],[-0.76037,37.79221],[-0.76037,37.79221],[-0.76037,37.79221],[-0.76024,37.79447],[-0.76024,37.79447],[-0.76024,37.79447],[-0.75893,37.79336],[-0.76037,37.79221],[-0.76037,37.79221],[-0.76037,37.79221]],[[-0.77303,37.69285],[-0.7702,37.70341],[-0.76353,37.6922],[-0.77303,37.69285]],[[-0.79645,37.69647],[-0.79645,37.69647],[-0.79645,37.69647],[-0.79645,37.69647],[-0.79645,37.69647],[-0.79645,37.69647],[-0.79645,37.69647],[-0.79645,37.69647],[-0.79645,37.69647],[-0.79645,37.69647],[-0.79645,37.69647],[-0.79645,37.69647],[-0.79645,37.69647],[-0.79645,37.69647],[-0.79645,37.69647],[-0.79941,37.70068],[-0.80321,37.70186],[-0.80321,37.70186],[-0.80321,37.70186],[-0.80223,37.7032],[-0.79887,37.70419],[-0.79534,37.70211],[-0.79534,37.70211],[-0.79534,37.70211],[-0.79741,37.69967],[-0.79534,37.69769],[-0.79645,37.69647],[-0.79645,37.69647],[-0.79645,37.69647]],[[-0.96883,37.5594],[-0.96883,37.5594],[-0.96883,37.5594],[-0.96883,37.5594],[-0.96883,37.5594],[-0.96883,37.5594],[-0.96883,37.5594],[-0.96883,37.5594],[-0.96883,37.5594],[-0.96883,37.5594],[-0.96883,37.5594],[-0.96883,37.5594],[-0.96883,37.5594],[-0.96883,37.5594],[-0.96883,37.5594],[-0.9679,37.56091],[-0.96585,37.56033],[-0.96585,37.56033],[-0.96585,37.56033],[-0.96883,37.5594],[-0.96883,37.5594],[-0.96883,37.5594]],[[-1.26956,37.55612],[-1.26592,37.55883],[-1.26592,37.55883],[-1.26592,37.55883],[-1.26444,37.55684],[-1.26624,37.55478],[-1.26956,37.55612],[-1.26956,37.55612],[-1.26956,37.55612]]]}},{"type":"Feature","properties":{"code":"743101"},"geometry":{"type":"Polygon","coordinates":[[[-1.92848,43.05924],[-1.88501,43.05177],[-1.86492,43.0808],[-1.83111,43.06502],[-1.81304,43.07042],[-1.79698,43.05662],[-1.7719,43.06254],[-1.76089,43.05573],[-1.73988,43.05935],[-1.712,43.05255],[-1.66927,43.05886],[-1.64511,43.05312],[-1.63022,43.0403],[-1.55386,43.04025],[-1.52206,43.04788],[-1.51699,43.06453],[-1.49315,43.05662],[-1.4925,43.04416],[-1.50655,43.03134],[-1.49091,43.03751],[-1.46907,43.03477],[-1.46943,43.04148],[-1.45233,43.04302],[-1.44585,43.05336],[-1.47099,43.08183],[-1.47009,43.09205],[-1.41372,43.12912],[-1.40063,43.17876],[-1.38131,43.18935],[-1.38307,43.25394],[-1.41239,43.27393],[-1.43707,43.26694],[-1.48117,43.28424],[-1.49009,43.2816],[-1.5027,43.29256],[-1.53444,43.29455],[-1.56281,43.28905],[-1.55509,43.27964],[-1.5735,43.25074],[-1.60675,43.25255],[-1.62895,43.2852],[-1.62449,43.30714],[-1.66674,43.31506],[-1.69341,43.31212],[-1.72835,43.29422],[-1.78197,43.28709],[-1.79264,43.27673],[-1.7937,43.2472],[-1.81799,43.23897],[-1.83239,43.22463],[-1.84808,43.22821],[-1.86012,43.21211],[-1.86625,43.23065],[-1.87208,43.22619],[-1.8754,43.23218],[-1.88063,43.20706],[-1.88597,43.21489],[-1.8889,43.20756],[-1.90168,43.21144],[-1.9096,43.2275],[-1.91469,43.22327],[-1.91913,43.15036],[-1.90094,43.13578],[-1.94734,43.10018],[-1.93397,43.08904],[-1.92848,43.05924]]]}},{"type":"Feature","properties":{"code":"743102"},"geometry":{"type":"MultiPolygon","coordinates":[[[[-2.48934,42.58565],[-2.46092,42.58768],[-2.45195,42.5674],[-2.41726,42.60744],[-2.39547,42.59939],[-2.39691,42.58648],[-2.36113,42.58877],[-2.33274,42.57664],[-2.32808,42.59351],[-2.30089,42.57585],[-2.2845,42.59553],[-2.28358,42.61552],[-2.25004,42.59802],[-2.23281,42.56707],[-2.21142,42.58616],[-2.18932,42.58898],[-2.17104,42.60515],[-2.15816,42.60186],[-2.16417,42.5649],[-2.1569,42.55981],[-2.16505,42.55418],[-2.14689,42.51746],[-2.14345,42.55727],[-2.12575,42.58231],[-2.08419,42.61031],[-2.06809,42.60165],[-2.05662,42.57956],[-2.08468,42.54921],[-2.07976,42.50284],[-2.06838,42.51256],[-2.04493,42.50276],[-2.0305,42.56642],[-2.00234,42.58205],[-1.97292,42.56399],[-1.98039,42.55252],[-1.97023,42.52645],[-1.93335,42.52704],[-1.9106,42.50439],[-1.88288,42.5029],[-1.87627,42.52179],[-1.84254,42.53408],[-1.78749,42.52084],[-1.79312,42.51381],[-1.7633,42.48622],[-1.75907,42.46104],[-1.71323,42.4221],[-1.71522,42.41016],[-1.69659,42.38113],[-1.64218,42.39453],[-1.64347,42.41247],[-1.62374,42.40775],[-1.60792,42.38505],[-1.58878,42.38164],[-1.53746,42.31756],[-1.50763,42.34209],[-1.49656,42.33831],[-1.49993,42.362],[-1.46886,42.32952],[-1.47595,42.32119],[-1.46643,42.31427],[-1.45282,42.30969],[-1.43127,42.31615],[-1.39647,42.29293],[-1.32783,42.35568],[-1.33496,42.3723],[-1.34936,42.37037],[-1.35846,42.37791],[-1.34025,42.42423],[-1.31395,42.44951],[-1.28011,42.46474],[-1.27386,42.49605],[-1.28548,42.49882],[-1.29222,42.51125],[-1.26351,42.55709],[-1.22491,42.54253],[-1.20154,42.54995],[-1.20067,42.57853],[-1.15678,42.59944],[-1.17852,42.61091],[-1.17183,42.6171],[-1.1564,42.61075],[-1.15116,42.64785],[-1.05068,42.64288],[-1.03556,42.65192],[-1.03794,42.69192],[-1.0278,42.69515],[-1.04211,42.70223],[-1.04966,42.75812],[-1.08699,42.76139],[-1.14555,42.78436],[-1.149,42.80024],[-1.15991,42.80509],[-1.15775,42.83444],[-1.17184,42.83558],[-1.201,42.86701],[-1.23394,42.86745],[-1.24293,42.87558],[-1.25871,42.86722],[-1.26238,42.86073],[-1.24971,42.84885],[-1.27519,42.81179],[-1.29995,42.81167],[-1.33168,42.83291],[-1.35228,42.82065],[-1.36382,42.83571],[-1.40005,42.84018],[-1.40922,42.82972],[-1.39701,42.82739],[-1.4001,42.81742],[-1.40991,42.81196],[-1.43382,42.83223],[-1.42483,42.86595],[-1.41178,42.87522],[-1.425,42.88013],[-1.43936,42.87486],[-1.48806,42.88391],[-1.50172,42.86876],[-1.54712,42.86146],[-1.54988,42.85374],[-1.57068,42.84716],[-1.57269,42.83547],[-1.59056,42.83643],[-1.59635,42.85488],[-1.58304,42.8755],[-1.57944,42.91159],[-1.5721,42.91634],[-1.55313,42.91088],[-1.55928,42.92235],[-1.55064,42.93402],[-1.5641,42.95079],[-1.56566,42.97871],[-1.56227,42.9942],[-1.5485,43.00077],[-1.55475,43.04187],[-1.63022,43.0403],[-1.64511,43.05312],[-1.66927,43.05886],[-1.712,43.05255],[-1.73988,43.05935],[-1.76089,43.05573],[-1.7719,43.06254],[-1.79698,43.05662],[-1.81304,43.07042],[-1.83111,43.06502],[-1.86492,43.0808],[-1.87566,43.05605],[-1.9062,43.05108],[-1.92848,43.05924],[-1.93397,43.08904],[-1.94625,43.09781],[-1.96371,43.09566],[-1.97187,43.08489],[-2.02155,43.06547],[-2.01917,43.04701],[-2.04012,43.02998],[-2.02703,42.99912],[-2.03706,42.98127],[-2.09396,42.97283],[-2.10245,42.94954],[-2.11636,42.94253],[-2.17968,42.93541],[-2.19786,42.95146],[-2.23088,42.93207],[-2.23648,42.89628],[-2.25179,42.89306],[-2.23971,42.88592],[-2.23141,42.84411],[-2.26641,42.81369],[-2.26742,42.795],[-2.27973,42.78542],[-2.26079,42.74927],[-2.30498,42.73587],[-2.31557,42.73963],[-2.32272,42.72406],[-2.31157,42.70897],[-2.31558,42.68279],[-2.30802,42.67144],[-2.29229,42.67823],[-2.2872,42.65536],[-2.3309,42.64647],[-2.346,42.63436],[-2.38066,42.63459],[-2.37084,42.64367],[-2.39331,42.6611],[-2.42833,42.6586],[-2.48178,42.61245],[-2.49879,42.61677],[-2.48934,42.58565]]],[[[-1.12811,42.44701],[-1.06656,42.43489],[-1.04976,42.44175],[-1.06812,42.46667],[-1.08622,42.47499],[-1.08389,42.48365],[-1.09611,42.4863],[-1.12811,42.44701]]],[[[-1.18157,42.42419],[-1.18471,42.40215],[-1.15752,42.40996],[-1.14372,42.44216],[-1.18157,42.42419]]],[[[-2.2242,42.54971],[-2.2271,42.52405],[-2.20939,42.54679],[-2.2242,42.54971]]]]}},{"type":"Feature","properties":{"code":"743103"},"geometry":{"type":"Polygon","coordinates":[[[-1.59473,42.8396],[-1.57269,42.83547],[-1.57068,42.84716],[-1.54988,42.85374],[-1.54712,42.86146],[-1.50172,42.86876],[-1.48806,42.88391],[-1.43936,42.87486],[-1.425,42.88013],[-1.41178,42.87522],[-1.42483,42.86595],[-1.43382,42.83223],[-1.40991,42.81196],[-1.4001,42.81742],[-1.39701,42.82739],[-1.40922,42.82972],[-1.40005,42.84018],[-1.36382,42.83571],[-1.35228,42.82065],[-1.33168,42.83291],[-1.29995,42.81167],[-1.27519,42.81179],[-1.24971,42.84885],[-1.26238,42.86073],[-1.25871,42.86722],[-1.24293,42.87558],[-1.23394,42.86745],[-1.201,42.86701],[-1.17184,42.83558],[-1.15775,42.83444],[-1.15991,42.80509],[-1.149,42.80024],[-1.14555,42.78436],[-1.08699,42.76139],[-1.04966,42.75812],[-1.04211,42.70223],[-1.02884,42.69681],[-0.94743,42.71174],[-0.92174,42.74428],[-0.89984,42.743],[-0.89929,42.76075],[-0.86359,42.76364],[-0.84629,42.7862],[-0.85876,42.79884],[-0.8502,42.80787],[-0.85552,42.84728],[-0.81729,42.86965],[-0.81785,42.90095],[-0.78197,42.922],[-0.72489,42.92252],[-0.72955,42.94544],[-0.74232,42.95088],[-0.75063,42.96741],[-0.78852,42.96412],[-0.80834,42.95165],[-0.86264,42.95111],[-0.89568,42.95622],[-0.90618,42.96469],[-0.94385,42.95373],[-0.99854,42.97745],[-1.00678,42.99114],[-1.07075,42.99817],[-1.08513,43.00267],[-1.08105,43.01123],[-1.10486,43.01453],[-1.11401,43.02351],[-1.14022,43.00791],[-1.14397,43.02607],[-1.17312,43.03758],[-1.17992,43.03252],[-1.21134,43.05196],[-1.22797,43.05597],[-1.24646,43.04298],[-1.26237,43.04452],[-1.26836,43.0554],[-1.30752,43.07008],[-1.29827,43.09255],[-1.26887,43.11857],[-1.27707,43.11896],[-1.31838,43.11306],[-1.3434,43.09482],[-1.34131,43.05472],[-1.35248,43.0283],[-1.44016,43.04647],[-1.44585,43.05336],[-1.45233,43.04302],[-1.46943,43.04148],[-1.46907,43.03477],[-1.49091,43.03751],[-1.50655,43.03134],[-1.4925,43.04416],[-1.49315,43.05662],[-1.51699,43.06453],[-1.52206,43.04788],[-1.55386,43.04025],[-1.55592,43.00923],[-1.5485,43.00077],[-1.56227,42.9942],[-1.56566,42.97871],[-1.5641,42.95079],[-1.55064,42.93402],[-1.55928,42.92235],[-1.55313,42.91088],[-1.5721,42.91634],[-1.57944,42.91159],[-1.59473,42.8396]]]}},{"type":"Feature","properties":{"code":"743104"},"geometry":{"type":"Polygon","coordinates":[[[-2.41941,42.4896],[-2.39888,42.47208],[-2.37544,42.47395],[-2.36413,42.46215],[-2.35096,42.46592],[-2.34118,42.45204],[-2.33055,42.4543],[-2.3287,42.4691],[-2.29743,42.45771],[-2.2956,42.46844],[-2.28673,42.46766],[-2.27394,42.44621],[-2.26323,42.4502],[-2.23663,42.44067],[-2.23986,42.43038],[-2.21301,42.4245],[-2.215,42.41593],[-2.18483,42.41907],[-2.16531,42.40831],[-2.15299,42.41817],[-2.10997,42.41985],[-2.1038,42.41624],[-2.11424,42.39938],[-2.08627,42.38392],[-2.09153,42.37612],[-2.07736,42.36842],[-2.08868,42.34727],[-2.06871,42.34282],[-2.01824,42.36879],[-2.00478,42.36113],[-1.99425,42.36391],[-1.97737,42.35019],[-1.96695,42.35117],[-1.96325,42.33412],[-1.94101,42.33548],[-1.93025,42.32249],[-1.91724,42.32726],[-1.91769,42.31644],[-1.90579,42.30877],[-1.91302,42.30083],[-1.88309,42.28809],[-1.86998,42.28979],[-1.87141,42.25326],[-1.85449,42.24995],[-1.84929,42.25967],[-1.82846,42.24444],[-1.81795,42.24894],[-1.81556,42.22981],[-1.79872,42.2231],[-1.77864,42.2246],[-1.76978,42.2147],[-1.76492,42.22196],[-1.73946,42.21258],[-1.72408,42.21484],[-1.70445,42.20732],[-1.70297,42.19233],[-1.68019,42.19272],[-1.69963,42.17343],[-1.67839,42.15199],[-1.71863,42.13374],[-1.73847,42.15004],[-1.76344,42.15072],[-1.78071,42.13804],[-1.82035,42.15387],[-1.89606,42.07986],[-1.90797,42.05943],[-1.9003,42.02999],[-1.88168,42.02664],[-1.85396,42.00291],[-1.84591,42.00831],[-1.83243,41.99537],[-1.80908,41.99833],[-1.79012,41.98994],[-1.76563,41.9961],[-1.73304,41.96421],[-1.69951,41.95425],[-1.68497,41.95378],[-1.67481,41.96678],[-1.66237,41.96029],[-1.65288,41.96566],[-1.61356,41.95083],[-1.59583,41.92806],[-1.55799,41.91425],[-1.52205,41.9102],[-1.5005,41.92458],[-1.4718,41.92478],[-1.42052,41.91338],[-1.4023,41.93538],[-1.38098,41.94365],[-1.3848,41.95733],[-1.3731,41.9623],[-1.33827,42.01832],[-1.30357,42.04325],[-1.30206,42.0521],[-1.30934,42.07261],[-1.35102,42.07337],[-1.3655,42.10726],[-1.39762,42.12652],[-1.39051,42.18101],[-1.41627,42.21267],[-1.38863,42.27883],[-1.39821,42.29766],[-1.43127,42.31615],[-1.45282,42.30969],[-1.46643,42.31427],[-1.47595,42.32119],[-1.46886,42.32952],[-1.49993,42.362],[-1.49656,42.33831],[-1.50763,42.34209],[-1.53746,42.31756],[-1.58878,42.38164],[-1.60792,42.38505],[-1.62374,42.40775],[-1.64347,42.41247],[-1.64218,42.39453],[-1.69659,42.38113],[-1.71522,42.41016],[-1.71323,42.4221],[-1.75907,42.46104],[-1.7633,42.48622],[-1.79312,42.51381],[-1.78749,42.52084],[-1.84254,42.53408],[-1.87627,42.52179],[-1.88288,42.5029],[-1.9106,42.50439],[-1.93335,42.52704],[-1.97023,42.52645],[-1.98039,42.55252],[-1.97292,42.56399],[-2.00234,42.58205],[-2.0305,42.56642],[-2.04493,42.50276],[-2.06838,42.51256],[-2.07976,42.50284],[-2.08468,42.54921],[-2.05662,42.57956],[-2.06809,42.60165],[-2.08419,42.61031],[-2.12575,42.58231],[-2.14597,42.55004],[-2.14689,42.51746],[-2.16505,42.55418],[-2.1569,42.55981],[-2.16417,42.5649],[-2.15816,42.60186],[-2.17632,42.60392],[-2.18932,42.58898],[-2.21142,42.58616],[-2.23281,42.56707],[-2.25004,42.59802],[-2.28358,42.61552],[-2.2845,42.59553],[-2.30089,42.57585],[-2.32808,42.59351],[-2.33274,42.57664],[-2.36113,42.58877],[-2.39252,42.59061],[-2.38867,42.54936],[-2.39977,42.5388],[-2.39092,42.51725],[-2.42078,42.51202],[-2.41941,42.4896]],[[-2.2242,42.54971],[-2.20939,42.54679],[-2.2271,42.52405],[-2.2242,42.54971]]]}},{"type":"Feature","properties":{"code":"750101"},"geometry":{"type":"Polygon","coordinates":[[[-3.17649,43.02226],[-3.14348,43.00712],[-3.08768,43.00191],[-3.08916,43.00984],[-3.0643,43.02342],[-3.04844,43.0475],[-3.02733,43.04686],[-3.02784,43.03723],[-3.01725,43.03794],[-3.0316,43.02061],[-2.98471,43.01237],[-2.98442,42.99241],[-2.96495,43.00184],[-2.9544,42.99913],[-2.97607,42.98891],[-2.99924,42.98991],[-3.00274,42.98316],[-3.03565,42.98251],[-3.04358,42.97366],[-3.01833,42.9553],[-2.99478,42.95315],[-2.97605,42.93688],[-2.94418,42.92816],[-2.92643,42.93805],[-2.89092,42.92375],[-2.86925,42.92631],[-2.85508,42.91434],[-2.80699,42.91212],[-2.7847,42.92599],[-2.76426,42.91552],[-2.70571,42.90461],[-2.67697,42.91725],[-2.68698,42.93045],[-2.68356,42.94089],[-2.69183,42.94349],[-2.68014,42.9617],[-2.65191,42.93536],[-2.63833,42.94393],[-2.62123,42.9413],[-2.61838,42.94624],[-2.63347,42.94636],[-2.62878,42.95871],[-2.60717,42.9544],[-2.59551,42.97625],[-2.60139,42.98251],[-2.59172,42.98733],[-2.59524,43.00953],[-2.54829,43.02007],[-2.52356,43.04465],[-2.54683,43.07536],[-2.53971,43.07697],[-2.54536,43.08845],[-2.59118,43.08148],[-2.63176,43.08732],[-2.66038,43.07454],[-2.65995,43.06561],[-2.63241,43.04509],[-2.63233,43.02019],[-2.66559,43.03171],[-2.68572,43.0219],[-2.70223,43.0312],[-2.72843,43.02423],[-2.73898,43.03446],[-2.7499,43.0268],[-2.76846,43.02713],[-2.77988,43.03427],[-2.82065,43.03532],[-2.8625,43.05223],[-2.89287,43.0467],[-2.97418,43.09975],[-2.93451,43.13649],[-2.95287,43.15998],[-2.94553,43.17026],[-2.97172,43.18655],[-2.97865,43.20163],[-3.00689,43.19759],[-3.03046,43.21716],[-3.03877,43.21016],[-3.01526,43.20305],[-3.0256,43.16164],[-3.10748,43.14393],[-3.13698,43.16346],[-3.16054,43.15454],[-3.17912,43.11659],[-3.15075,43.10439],[-3.14018,43.11092],[-3.13263,43.09751],[-3.15688,43.07429],[-3.139,43.06743],[-3.14099,43.02902],[-3.16894,43.02935],[-3.17649,43.02226]]]}},{"type":"Feature","properties":{"code":"750102"},"geometry":{"type":"Polygon","coordinates":[[[-3.12195,42.78961],[-3.14661,42.75698],[-3.09934,42.76745],[-3.08313,42.75738],[-3.07954,42.76754],[-3.06289,42.76037],[-3.04726,42.76505],[-3.03946,42.73878],[-3.01565,42.74137],[-3.01501,42.73417],[-3.00454,42.73274],[-3.00822,42.7254],[-2.98807,42.71956],[-2.97933,42.70411],[-2.92928,42.70851],[-2.92902,42.69995],[-2.9012,42.69389],[-2.88743,42.64921],[-2.86892,42.63967],[-2.82439,42.64526],[-2.80216,42.63923],[-2.80267,42.63155],[-2.78036,42.63972],[-2.75758,42.63855],[-2.75778,42.65019],[-2.73639,42.66341],[-2.77445,42.67054],[-2.76921,42.67692],[-2.78321,42.69923],[-2.824,42.70922],[-2.82769,42.7193],[-2.8503,42.72539],[-2.84544,42.73105],[-2.86717,42.7402],[-2.8523,42.74772],[-2.85246,42.76852],[-2.83418,42.79655],[-2.82552,42.78473],[-2.80905,42.79181],[-2.73026,42.7948],[-2.64241,42.765],[-2.60105,42.77092],[-2.58896,42.75081],[-2.55701,42.76302],[-2.57134,42.72546],[-2.58869,42.71105],[-2.59902,42.71555],[-2.60769,42.69625],[-2.59284,42.69033],[-2.57647,42.6685],[-2.54709,42.66909],[-2.53811,42.68687],[-2.52073,42.68432],[-2.51611,42.64662],[-2.55018,42.63423],[-2.55172,42.60858],[-2.5134,42.61756],[-2.48178,42.61245],[-2.44879,42.64754],[-2.41451,42.66297],[-2.37497,42.651],[-2.38037,42.64766],[-2.37084,42.64367],[-2.38066,42.63459],[-2.346,42.63436],[-2.3309,42.64647],[-2.2872,42.65536],[-2.29229,42.67823],[-2.30802,42.67144],[-2.31558,42.68279],[-2.31157,42.70897],[-2.32272,42.72406],[-2.31557,42.73963],[-2.30498,42.73587],[-2.26079,42.74927],[-2.27973,42.78542],[-2.26742,42.795],[-2.26641,42.81369],[-2.23141,42.84411],[-2.2495,42.89601],[-2.28826,42.90259],[-2.30104,42.92624],[-2.33784,42.93668],[-2.35352,42.95031],[-2.37539,42.94832],[-2.40861,42.95978],[-2.45281,42.95714],[-2.47767,42.96621],[-2.49952,42.96016],[-2.53402,42.97372],[-2.54122,42.95044],[-2.59551,42.97625],[-2.60717,42.9544],[-2.62878,42.95871],[-2.63347,42.94636],[-2.61838,42.94624],[-2.62123,42.9413],[-2.63833,42.94393],[-2.6475,42.93563],[-2.68014,42.9617],[-2.69183,42.94349],[-2.68356,42.94089],[-2.68698,42.93045],[-2.67697,42.91725],[-2.70571,42.90461],[-2.76426,42.91552],[-2.7847,42.92599],[-2.80699,42.91212],[-2.85508,42.91434],[-2.86925,42.92631],[-2.89092,42.92375],[-2.92643,42.93805],[-2.94418,42.92816],[-2.98017,42.93908],[-3.00402,42.92701],[-3.0176,42.90879],[-3.09247,42.89953],[-3.10336,42.91044],[-3.12522,42.90434],[-3.14953,42.91947],[-3.14342,42.93496],[-3.22342,42.94997],[-3.23425,42.94414],[-3.24724,42.91243],[-3.27593,42.90186],[-3.2813,42.8758],[-3.22453,42.8304],[-3.20422,42.82768],[-3.22087,42.83892],[-3.18938,42.86974],[-3.16154,42.85702],[-3.13741,42.87157],[-3.12439,42.8916],[-3.11363,42.88953],[-3.10388,42.88045],[-3.11184,42.86135],[-3.13961,42.83655],[-3.15792,42.80487],[-3.12195,42.78961]]]}},{"type":"Feature","properties":{"code":"750103"},"geometry":{"type":"Polygon","coordinates":[[[-2.82235,42.60175],[-2.81861,42.59177],[-2.83955,42.58149],[-2.8237,42.55524],[-2.81452,42.56814],[-2.80219,42.56489],[-2.77666,42.58163],[-2.76242,42.62313],[-2.73948,42.62284],[-2.70503,42.60012],[-2.68047,42.59569],[-2.7042,42.51706],[-2.67501,42.52627],[-2.67643,42.51117],[-2.65525,42.50434],[-2.64428,42.48324],[-2.60368,42.50365],[-2.59111,42.4928],[-2.59962,42.48485],[-2.59336,42.47267],[-2.58568,42.47475],[-2.59018,42.48289],[-2.57675,42.48327],[-2.56697,42.49444],[-2.55444,42.48476],[-2.53011,42.48365],[-2.53606,42.49554],[-2.50756,42.52021],[-2.51588,42.49194],[-2.47581,42.48713],[-2.44789,42.49718],[-2.41941,42.4896],[-2.42078,42.51202],[-2.39092,42.51725],[-2.39977,42.5388],[-2.38867,42.54936],[-2.39547,42.59939],[-2.42355,42.60486],[-2.45195,42.5674],[-2.46092,42.58768],[-2.48934,42.58565],[-2.49879,42.61677],[-2.55172,42.60858],[-2.55018,42.63423],[-2.53696,42.639],[-2.5503,42.64103],[-2.55064,42.64955],[-2.63356,42.64808],[-2.65716,42.67268],[-2.6651,42.66648],[-2.69791,42.67513],[-2.71671,42.66231],[-2.73639,42.66341],[-2.75778,42.65019],[-2.75758,42.63855],[-2.78036,42.63972],[-2.80267,42.63155],[-2.80216,42.63923],[-2.82439,42.64526],[-2.85762,42.6391],[-2.84128,42.62942],[-2.8405,42.60889],[-2.8186,42.61479],[-2.82235,42.60175]]]}},{"type":"Feature","properties":{"code":"752001"},"geometry":{"type":"MultiPolygon","coordinates":[[[[-2.43879,43.28843],[-2.41678,43.26787],[-2.37457,43.27075],[-2.34616,43.23965],[-2.29953,43.21358],[-2.28719,43.22369],[-2.27732,43.21597],[-2.25645,43.22522],[-2.25741,43.2146],[-2.24449,43.21627],[-2.22697,43.19766],[-2.1932,43.19793],[-2.17128,43.20875],[-2.14708,43.19428],[-2.14744,43.20735],[-2.127,43.22389],[-2.09852,43.23074],[-2.08716,43.24117],[-2.06521,43.23969],[-2.05449,43.24616],[-2.0542,43.23072],[-2.03741,43.2274],[-2.04972,43.22101],[-2.03762,43.20284],[-2.01235,43.19868],[-2.00047,43.186],[-1.96493,43.19528],[-1.91964,43.17283],[-1.9096,43.2275],[-1.90168,43.21144],[-1.8889,43.20756],[-1.88597,43.21489],[-1.88063,43.20706],[-1.87259,43.22058],[-1.87965,43.22905],[-1.86625,43.23065],[-1.86012,43.21211],[-1.84808,43.22821],[-1.83239,43.22463],[-1.81799,43.23897],[-1.7937,43.2472],[-1.79264,43.27673],[-1.78197,43.28709],[-1.72706,43.29565],[-1.73765,43.31177],[-1.73459,43.32998],[-1.78805,43.35361],[-1.77934,43.36094],[-1.79639,43.37566],[-1.78915,43.39636],[-1.86401,43.37272],[-1.88211,43.34973],[-1.9266,43.33593],[-1.92319,43.33213],[-1.96085,43.33847],[-1.97829,43.32415],[-1.99064,43.32684],[-1.99049,43.31629],[-2.02153,43.32248],[-2.11099,43.30007],[-2.12856,43.28813],[-2.15032,43.2941],[-2.15611,43.28573],[-2.15266,43.29147],[-2.17671,43.28809],[-2.20169,43.30178],[-2.20014,43.31191],[-2.20468,43.30422],[-2.22713,43.31119],[-2.28374,43.29505],[-2.35439,43.29992],[-2.36967,43.30984],[-2.38242,43.30703],[-2.37888,43.3125],[-2.41018,43.32455],[-2.43879,43.28843]]],[[[-1.99884,43.32056],[-1.99684,43.32308],[-1.99986,43.32231],[-1.99884,43.32056]]]]}},{"type":"Feature","properties":{"code":"752001C"},"geometry":{"type":"Polygon","coordinates":[[[-2.40618,43.38672],[-2.41331,43.32641],[-2.37888,43.3125],[-2.38242,43.30703],[-2.28374,43.29505],[-2.22713,43.31119],[-2.20468,43.30422],[-2.20014,43.31191],[-2.20169,43.30178],[-2.18822,43.29251],[-2.15266,43.29147],[-2.15611,43.28573],[-2.15032,43.2941],[-2.12856,43.28813],[-2.11099,43.30007],[-2.02153,43.32248],[-1.99049,43.31629],[-1.99064,43.32684],[-1.97829,43.32415],[-1.96085,43.33847],[-1.92319,43.33213],[-1.9266,43.33593],[-1.88211,43.34973],[-1.86401,43.37272],[-1.78915,43.39636],[-1.79639,43.37566],[-1.7794,43.36097],[-1.7385,43.43777],[-1.73161,43.47664],[-1.71821,43.64892],[-1.74136,43.73203],[-1.87926,43.72334],[-1.96369,43.70474],[-2.21067,43.63041],[-2.30469,43.67312],[-2.38603,43.69295],[-2.40618,43.38672]],[[-1.99884,43.32056],[-1.99986,43.32231],[-1.99684,43.32308],[-1.99684,43.32308],[-1.99684,43.32308],[-1.99884,43.32056],[-1.99884,43.32056],[-1.99884,43.32056]]]}},{"type":"Feature","properties":{"code":"752002"},"geometry":{"type":"Polygon","coordinates":[[[-2.59172,42.98733],[-2.60139,42.98251],[-2.59207,42.97306],[-2.54122,42.95044],[-2.53402,42.97372],[-2.49952,42.96016],[-2.47767,42.96621],[-2.45281,42.95714],[-2.40861,42.95978],[-2.37539,42.94832],[-2.35352,42.95031],[-2.33784,42.93668],[-2.30104,42.92624],[-2.28826,42.90259],[-2.23648,42.89628],[-2.23429,42.92689],[-2.21423,42.93717],[-2.20898,42.95019],[-2.19301,42.95014],[-2.17968,42.93541],[-2.15577,42.94257],[-2.12822,42.93966],[-2.10245,42.94954],[-2.09396,42.97283],[-2.03706,42.98127],[-2.02703,42.99912],[-2.04012,43.02998],[-2.01917,43.04701],[-2.02155,43.06547],[-1.97187,43.08489],[-1.96371,43.09566],[-1.94625,43.09781],[-1.90158,43.14099],[-1.91913,43.15036],[-1.91558,43.16946],[-1.96493,43.19528],[-2.00047,43.186],[-2.01235,43.19868],[-2.03762,43.20284],[-2.04972,43.22101],[-2.03741,43.2274],[-2.0542,43.23072],[-2.05449,43.24616],[-2.06521,43.23969],[-2.08716,43.24117],[-2.09852,43.23074],[-2.127,43.22389],[-2.14744,43.20735],[-2.14708,43.19428],[-2.17128,43.20875],[-2.1932,43.19793],[-2.22697,43.19766],[-2.24449,43.21627],[-2.25741,43.2146],[-2.25645,43.22522],[-2.27732,43.21597],[-2.28719,43.22369],[-2.29953,43.21358],[-2.31841,43.22167],[-2.37457,43.27075],[-2.41678,43.26787],[-2.46197,43.22374],[-2.49283,43.22597],[-2.49666,43.22019],[-2.48359,43.17188],[-2.50843,43.16172],[-2.49493,43.12368],[-2.49986,43.09681],[-2.51254,43.09038],[-2.52468,43.09574],[-2.54339,43.09208],[-2.53971,43.07697],[-2.54683,43.07536],[-2.52356,43.04465],[-2.54829,43.02007],[-2.59524,43.00953],[-2.59172,42.98733]]]}},{"type":"Feature","properties":{"code":"754801"},"geometry":{"type":"MultiPolygon","coordinates":[[[[-3.15024,43.30656],[-3.11326,43.29215],[-3.10257,43.33912],[-3.09045,43.33093],[-3.08049,43.33778],[-3.06307,43.33532],[-3.06466,43.32524],[-3.00348,43.2976],[-2.98794,43.30538],[-2.97136,43.29252],[-2.94404,43.28903],[-2.94338,43.28019],[-2.91605,43.27451],[-2.90838,43.28579],[-2.90086,43.27095],[-2.82843,43.25066],[-2.77444,43.24386],[-2.75522,43.25778],[-2.75614,43.26917],[-2.74524,43.26572],[-2.73914,43.27515],[-2.73037,43.27339],[-2.72786,43.24895],[-2.71407,43.2521],[-2.71768,43.24372],[-2.6732,43.22562],[-2.66651,43.20766],[-2.65737,43.22097],[-2.60074,43.23036],[-2.57686,43.21749],[-2.553,43.23165],[-2.53877,43.23108],[-2.5031,43.21236],[-2.49283,43.22597],[-2.46197,43.22374],[-2.41678,43.26787],[-2.43879,43.28843],[-2.41153,43.32141],[-2.43129,43.33391],[-2.45839,43.33563],[-2.48567,43.3638],[-2.50117,43.3645],[-2.50831,43.37789],[-2.54231,43.37349],[-2.56139,43.39121],[-2.5826,43.38233],[-2.58119,43.38806],[-2.60022,43.39484],[-2.61745,43.3921],[-2.64439,43.4162],[-2.69377,43.40568],[-2.69928,43.41576],[-2.72212,43.41855],[-2.7112,43.42181],[-2.73664,43.42952],[-2.75231,43.45747],[-2.77554,43.44521],[-2.78452,43.44814],[-2.80563,43.43096],[-2.8496,43.43027],[-2.87958,43.43767],[-2.89812,43.43211],[-2.90964,43.43935],[-2.94409,43.4359],[-2.95417,43.42247],[-2.94422,43.41299],[-2.96957,43.41365],[-3.00484,43.38447],[-3.03601,43.37391],[-3.0762,43.37984],[-3.03617,43.37378],[-3.01803,43.35858],[-3.02449,43.35611],[-3.01172,43.34825],[-3.01398,43.34133],[-3.02657,43.34235],[-3.0092,43.33812],[-3.01534,43.32382],[-3.04255,43.33948],[-3.03276,43.33795],[-3.03971,43.34122],[-3.0305,43.34709],[-3.04603,43.33915],[-3.10151,43.36369],[-3.0854,43.37679],[-3.10804,43.36495],[-3.1162,43.35028],[-3.152,43.35355],[-3.15024,43.30656]]],[[[-2.49463,43.36527],[-2.49463,43.36527],[-2.49463,43.36527],[-2.49463,43.36527],[-2.49463,43.36527],[-2.49463,43.36527],[-2.49463,43.36527],[-2.49463,43.36527],[-2.49463,43.36527],[-2.49463,43.36527],[-2.49463,43.36527],[-2.49463,43.36527],[-2.49463,43.36527],[-2.49463,43.36527],[-2.49463,43.36527],[-2.49463,43.36527],[-2.4924,43.36886],[-2.49575,43.36731],[-2.49463,43.36527]]],[[[-2.68038,43.42302],[-2.68038,43.42302],[-2.68038,43.42302],[-2.68038,43.42302],[-2.68038,43.42302],[-2.68038,43.42302],[-2.68038,43.42302],[-2.68038,43.42302],[-2.68038,43.42302],[-2.68038,43.42302],[-2.68038,43.42302],[-2.68038,43.42302],[-2.68038,43.42302],[-2.68038,43.42302],[-2.68038,43.42302],[-2.68038,43.42302],[-2.68032,43.42619],[-2.68597,43.42779],[-2.68038,43.42302]]],[[[-2.77332,43.45062],[-2.77436,43.4532],[-2.77533,43.45171],[-2.77332,43.45062]]]]}},{"type":"Feature","properties":{"code":"754801C"},"geometry":{"type":"Polygon","coordinates":[[[-2.49463,43.36527],[-2.45839,43.33563],[-2.43129,43.33391],[-2.41153,43.32141],[-2.38603,43.69295],[-2.62202,43.77726],[-2.72125,43.79021],[-2.82199,43.78711],[-3.01479,43.76544],[-3.09764,43.75019],[-3.16043,43.72901],[-3.18701,43.74097],[-3.152,43.35355],[-3.1162,43.35028],[-3.10804,43.36495],[-3.0854,43.37679],[-3.10151,43.36369],[-3.04603,43.33915],[-3.0305,43.34709],[-3.03971,43.34122],[-3.03276,43.33795],[-3.04255,43.33948],[-3.01626,43.32336],[-3.0092,43.33812],[-3.02657,43.34235],[-3.01398,43.34133],[-3.01172,43.34825],[-3.02449,43.35611],[-3.01803,43.35858],[-3.03617,43.37378],[-3.0762,43.37984],[-3.03601,43.37391],[-3.00484,43.38447],[-2.96957,43.41365],[-2.94422,43.41299],[-2.95417,43.42247],[-2.94409,43.4359],[-2.90964,43.43935],[-2.89812,43.43211],[-2.87958,43.43767],[-2.8496,43.43027],[-2.80563,43.43096],[-2.78452,43.44814],[-2.77554,43.44521],[-2.75231,43.45747],[-2.73664,43.42952],[-2.7112,43.42181],[-2.72212,43.41855],[-2.69928,43.41576],[-2.69377,43.40568],[-2.64439,43.4162],[-2.61745,43.3921],[-2.60022,43.39484],[-2.58119,43.38806],[-2.5826,43.38233],[-2.56139,43.39121],[-2.54863,43.37505],[-2.50831,43.37789],[-2.49463,43.36527]],[[-2.68038,43.42302],[-2.68038,43.42302],[-2.68038,43.42302],[-2.68038,43.42302],[-2.68038,43.42302],[-2.68038,43.42302],[-2.68038,43.42302],[-2.68038,43.42302],[-2.68038,43.42302],[-2.68038,43.42302],[-2.68038,43.42302],[-2.68038,43.42302],[-2.68038,43.42302],[-2.68038,43.42302],[-2.68038,43.42302],[-2.68038,43.42302],[-2.68038,43.42302],[-2.68597,43.42779],[-2.68597,43.42779],[-2.68597,43.42779],[-2.68032,43.42619],[-2.68032,43.42619],[-2.68032,43.42619],[-2.68033,43.42564],[-2.68038,43.42302]],[[-2.77533,43.45171],[-2.77436,43.4532],[-2.77332,43.45062],[-2.77332,43.45062],[-2.77332,43.45062],[-2.77533,43.45171],[-2.77533,43.45171],[-2.77533,43.45171]]]}},{"type":"Feature","properties":{"code":"754802"},"geometry":{"type":"MultiPolygon","coordinates":[[[[-3.44743,43.23638],[-3.43164,43.20702],[-3.43214,43.17132],[-3.41633,43.1337],[-3.34932,43.15463],[-3.34066,43.16712],[-3.30799,43.17278],[-3.2768,43.1947],[-3.25211,43.19885],[-3.22278,43.17041],[-3.20654,43.17968],[-3.18564,43.16949],[-3.15667,43.17831],[-3.11535,43.14659],[-3.0923,43.15176],[-3.0734,43.14663],[-3.06461,43.15605],[-3.0256,43.16164],[-3.01526,43.20305],[-3.03877,43.21016],[-3.02595,43.21724],[-3.00689,43.19759],[-2.97865,43.20163],[-2.97172,43.18655],[-2.94553,43.17026],[-2.95287,43.15998],[-2.93451,43.13649],[-2.97418,43.09975],[-2.91583,43.05949],[-2.89287,43.0467],[-2.8625,43.05223],[-2.82065,43.03532],[-2.7499,43.0268],[-2.73898,43.03446],[-2.72843,43.02423],[-2.70223,43.0312],[-2.68572,43.0219],[-2.66559,43.03171],[-2.63233,43.02019],[-2.63241,43.04509],[-2.65995,43.06561],[-2.66038,43.07454],[-2.63176,43.08732],[-2.59118,43.08148],[-2.50107,43.09564],[-2.49493,43.12368],[-2.50843,43.16172],[-2.48359,43.17188],[-2.49119,43.18099],[-2.4856,43.20171],[-2.53877,43.23108],[-2.553,43.23165],[-2.57686,43.21749],[-2.60074,43.23036],[-2.62352,43.2226],[-2.63626,43.2254],[-2.65737,43.22097],[-2.66651,43.20766],[-2.6732,43.22562],[-2.71768,43.24372],[-2.71407,43.2521],[-2.72786,43.24895],[-2.73037,43.27339],[-2.73914,43.27515],[-2.74524,43.26572],[-2.75614,43.26917],[-2.75522,43.25778],[-2.77444,43.24386],[-2.82843,43.25066],[-2.90086,43.27095],[-2.90838,43.28579],[-2.91605,43.27451],[-2.94338,43.28019],[-2.94404,43.28903],[-2.97136,43.29252],[-2.98794,43.30538],[-3.00348,43.2976],[-3.06466,43.32524],[-3.06307,43.33532],[-3.08049,43.33778],[-3.09045,43.33093],[-3.10257,43.33912],[-3.11326,43.29215],[-3.15021,43.30712],[-3.1919,43.29872],[-3.2082,43.28381],[-3.26318,43.29629],[-3.28981,43.29064],[-3.29363,43.30103],[-3.32237,43.29273],[-3.33109,43.30215],[-3.34164,43.29473],[-3.33881,43.2783],[-3.38168,43.27076],[-3.39764,43.24609],[-3.41215,43.25017],[-3.41713,43.24134],[-3.44743,43.23638]],[[-3.24811,43.25993],[-3.26846,43.23232],[-3.26388,43.20604],[-3.28373,43.19797],[-3.29659,43.20695],[-3.2914,43.24138],[-3.30328,43.25896],[-3.26563,43.26719],[-3.24811,43.25993]]],[[[-3.03565,42.98251],[-3.00274,42.98316],[-2.99924,42.98991],[-2.97607,42.98891],[-2.9544,42.99913],[-2.96495,43.00184],[-2.98442,42.99241],[-2.98471,43.01237],[-3.0316,43.02061],[-3.01725,43.03794],[-3.02784,43.03723],[-3.02733,43.04686],[-3.04844,43.0475],[-3.0643,43.02342],[-3.08916,43.00984],[-3.08768,43.00191],[-3.07579,43.0088],[-3.05895,43.00379],[-3.03565,42.98251]]]]}},{"type":"Feature","properties":{"code":"762601"},"geometry":{"type":"MultiPolygon","coordinates":[[[[-3.13296,42.54235],[-3.10615,42.52907],[-3.08799,42.53857],[-3.07059,42.5284],[-3.07799,42.49939],[-3.09339,42.48837],[-3.08911,42.47818],[-3.0629,42.47125],[-3.0447,42.44545],[-3.06199,42.42521],[-3.05184,42.37372],[-3.03744,42.38869],[-2.97433,42.41447],[-2.94079,42.38893],[-2.91731,42.40964],[-2.87912,42.40711],[-2.88424,42.39883],[-2.86832,42.38239],[-2.8532,42.38813],[-2.84033,42.3781],[-2.80746,42.38098],[-2.78367,42.39129],[-2.70244,42.35957],[-2.69209,42.36717],[-2.66843,42.34531],[-2.65753,42.3486],[-2.63668,42.33136],[-2.62815,42.33474],[-2.61565,42.32784],[-2.55174,42.34697],[-2.54266,42.32825],[-2.52778,42.32123],[-2.50053,42.32681],[-2.49125,42.32131],[-2.49429,42.30477],[-2.47878,42.29307],[-2.49474,42.28091],[-2.47659,42.27335],[-2.47425,42.25602],[-2.453,42.2467],[-2.46375,42.2671],[-2.46072,42.27748],[-2.44672,42.27874],[-2.42982,42.249],[-2.41045,42.24914],[-2.38905,42.23081],[-2.37907,42.24908],[-2.33562,42.23668],[-2.33584,42.2556],[-2.31335,42.26145],[-2.30721,42.28806],[-2.29345,42.29391],[-2.26213,42.272],[-2.24262,42.26942],[-2.23887,42.25932],[-2.21518,42.2606],[-2.2017,42.21826],[-2.18672,42.20071],[-2.21601,42.1906],[-2.2304,42.16915],[-2.19048,42.12674],[-2.16027,42.12757],[-2.15605,42.13586],[-2.1652,42.14428],[-2.14319,42.15159],[-2.14443,42.15939],[-2.08068,42.13603],[-2.06284,42.11333],[-2.04038,42.11174],[-1.98083,42.0893],[-1.98945,42.10206],[-1.96926,42.10414],[-1.96848,42.11163],[-1.93287,42.10236],[-1.90695,42.08117],[-1.90797,42.05943],[-1.82035,42.15387],[-1.78071,42.13804],[-1.76344,42.15072],[-1.73847,42.15004],[-1.71863,42.13374],[-1.67839,42.15199],[-1.69963,42.17343],[-1.68019,42.19272],[-1.70297,42.19233],[-1.70445,42.20732],[-1.72408,42.21484],[-1.73946,42.21258],[-1.76492,42.22196],[-1.76978,42.2147],[-1.77864,42.2246],[-1.79872,42.2231],[-1.81556,42.22981],[-1.81795,42.24894],[-1.82846,42.24444],[-1.84929,42.25967],[-1.85449,42.24995],[-1.87141,42.25326],[-1.86998,42.28979],[-1.88309,42.28809],[-1.91302,42.30083],[-1.90579,42.30877],[-1.91769,42.31644],[-1.91724,42.32726],[-1.93025,42.32249],[-1.94101,42.33548],[-1.96325,42.33412],[-1.96978,42.35377],[-1.97737,42.35019],[-1.99425,42.36391],[-2.00478,42.36113],[-2.01824,42.36879],[-2.06871,42.34282],[-2.08868,42.34727],[-2.07736,42.36842],[-2.09153,42.37612],[-2.08627,42.38392],[-2.11424,42.39938],[-2.1038,42.41624],[-2.10997,42.41985],[-2.1384,42.42086],[-2.17571,42.40858],[-2.18483,42.41907],[-2.215,42.41593],[-2.21301,42.4245],[-2.23986,42.43038],[-2.23663,42.44067],[-2.26323,42.4502],[-2.27394,42.44621],[-2.28673,42.46766],[-2.2956,42.46844],[-2.29743,42.45771],[-2.3287,42.4691],[-2.33055,42.4543],[-2.34118,42.45204],[-2.35096,42.46592],[-2.36413,42.46215],[-2.37544,42.47395],[-2.39888,42.47208],[-2.41433,42.49087],[-2.43731,42.48973],[-2.44789,42.49718],[-2.47581,42.48713],[-2.51188,42.49014],[-2.51788,42.496],[-2.50756,42.52021],[-2.53606,42.49554],[-2.53011,42.48365],[-2.55444,42.48476],[-2.56697,42.49444],[-2.57675,42.48327],[-2.59018,42.48289],[-2.58568,42.47475],[-2.59336,42.47267],[-2.59962,42.48485],[-2.59111,42.4928],[-2.60368,42.50365],[-2.64815,42.48494],[-2.65525,42.50434],[-2.67643,42.51117],[-2.67501,42.52627],[-2.7042,42.51706],[-2.67925,42.59481],[-2.70503,42.60012],[-2.73948,42.62284],[-2.76242,42.62313],[-2.77666,42.58163],[-2.80219,42.56489],[-2.81452,42.56814],[-2.8237,42.55524],[-2.83955,42.58149],[-2.81861,42.59177],[-2.8186,42.61479],[-2.8405,42.60889],[-2.84128,42.62942],[-2.85679,42.63849],[-2.88084,42.62102],[-2.8927,42.62162],[-2.89333,42.62796],[-2.91471,42.61981],[-2.94515,42.63961],[-2.96909,42.64139],[-2.97927,42.63551],[-3.00345,42.64455],[-3.01671,42.63247],[-3.03948,42.64034],[-3.08285,42.64098],[-3.0851,42.62801],[-3.06915,42.62171],[-3.05852,42.58948],[-3.08489,42.5825],[-3.08105,42.57431],[-3.10244,42.5534],[-3.13296,42.54235]],[[-2.99807,42.60124],[-2.99322,42.61578],[-2.98392,42.61451],[-2.99807,42.60124]],[[-2.92133,42.60112],[-2.9383,42.59475],[-2.94391,42.60418],[-2.9332,42.61437],[-2.92133,42.60112]]],[[[-3.10309,42.38571],[-3.08351,42.38569],[-3.06951,42.36977],[-3.06311,42.37364],[-3.08135,42.39768],[-3.07687,42.41605],[-3.08905,42.42267],[-3.10004,42.41708],[-3.09443,42.40548],[-3.10309,42.38571]]]]}},{"type":"Feature","properties":{"code":"762602"},"geometry":{"type":"Polygon","coordinates":[[[-3.10823,42.3465],[-3.09456,42.32721],[-3.10529,42.31218],[-3.08832,42.27335],[-3.09641,42.2634],[-3.08728,42.24603],[-3.10118,42.23254],[-3.10471,42.21207],[-3.12809,42.19976],[-3.11159,42.17631],[-3.09527,42.16976],[-3.08527,42.13623],[-3.05765,42.12728],[-3.03307,42.08627],[-2.92987,42.08708],[-2.91232,42.02316],[-2.88988,42.01732],[-2.88821,42.01071],[-2.84333,42.03478],[-2.8224,42.04134],[-2.81134,42.03695],[-2.79669,42.04715],[-2.80204,42.08079],[-2.78885,42.09453],[-2.79031,42.10906],[-2.76937,42.12525],[-2.74988,42.11808],[-2.73713,42.12513],[-2.70478,42.10282],[-2.70713,42.0866],[-2.75629,42.03293],[-2.74487,42.00899],[-2.70384,42.01545],[-2.67229,41.99838],[-2.6585,42.00568],[-2.62534,42.00682],[-2.57862,41.99658],[-2.54778,42.05182],[-2.51359,42.06917],[-2.52137,42.08319],[-2.51339,42.11485],[-2.48308,42.10666],[-2.45733,42.11562],[-2.43998,42.13679],[-2.3469,42.14701],[-2.31446,42.1448],[-2.28088,42.13201],[-2.28046,42.1087],[-2.26831,42.08886],[-2.25761,42.08759],[-2.2352,42.10281],[-2.2228,42.09846],[-2.2076,42.10497],[-2.14683,42.10476],[-2.12604,42.09748],[-2.1258,42.0812],[-2.16063,42.06704],[-2.15348,42.04735],[-2.11573,42.02182],[-2.10635,42.00308],[-2.12279,41.99562],[-2.10868,41.95818],[-2.07494,41.95119],[-2.06096,41.95474],[-2.03511,41.93971],[-2.02704,41.9537],[-1.98081,41.91958],[-1.96007,41.92061],[-1.95358,41.92775],[-1.9139,41.93256],[-1.90539,41.9459],[-1.87632,41.95274],[-1.85527,41.96671],[-1.86392,41.97791],[-1.84278,41.98764],[-1.84591,42.00831],[-1.85396,42.00291],[-1.88168,42.02664],[-1.9003,42.02999],[-1.90695,42.08117],[-1.93287,42.10236],[-1.96848,42.11163],[-1.96926,42.10414],[-1.98945,42.10206],[-1.98083,42.0893],[-2.04038,42.11174],[-2.06284,42.11333],[-2.08068,42.13603],[-2.14443,42.15939],[-2.14319,42.15159],[-2.1652,42.14428],[-2.15605,42.13586],[-2.16027,42.12757],[-2.19048,42.12674],[-2.2304,42.16915],[-2.21601,42.1906],[-2.18672,42.20071],[-2.2017,42.21826],[-2.21518,42.2606],[-2.23887,42.25932],[-2.24262,42.26942],[-2.26213,42.272],[-2.29345,42.29391],[-2.30721,42.28806],[-2.31335,42.26145],[-2.33584,42.2556],[-2.33562,42.23668],[-2.37907,42.24908],[-2.38905,42.23081],[-2.41045,42.24914],[-2.42982,42.249],[-2.44672,42.27874],[-2.46072,42.27748],[-2.46375,42.2671],[-2.453,42.2467],[-2.47425,42.25602],[-2.47659,42.27335],[-2.49474,42.28091],[-2.47878,42.29307],[-2.49429,42.30477],[-2.49125,42.32131],[-2.50053,42.32681],[-2.52778,42.32123],[-2.54266,42.32825],[-2.55174,42.34697],[-2.61565,42.32784],[-2.62815,42.33474],[-2.63668,42.33136],[-2.65753,42.3486],[-2.66843,42.34531],[-2.69209,42.36717],[-2.70244,42.35957],[-2.78367,42.39129],[-2.80746,42.38098],[-2.84033,42.3781],[-2.8532,42.38813],[-2.86832,42.38239],[-2.88424,42.39883],[-2.87912,42.40711],[-2.91731,42.40964],[-2.94079,42.38893],[-2.97433,42.41447],[-3.03744,42.38869],[-3.04736,42.37323],[-3.06951,42.36977],[-3.0624,42.35639],[-3.10795,42.35218],[-3.10823,42.3465]]]}},{"type":"Feature","properties":{"code":"770301"},"geometry":{"type":"MultiPolygon","coordinates":[[[[-0.59402,38.7955],[-0.58306,38.76876],[-0.56444,38.75583],[-0.53032,38.76762],[-0.50627,38.75566],[-0.50592,38.74337],[-0.46371,38.7161],[-0.44937,38.71424],[-0.43521,38.68847],[-0.39061,38.69067],[-0.37314,38.70142],[-0.37672,38.71034],[-0.36422,38.70911],[-0.35321,38.68585],[-0.34088,38.68451],[-0.35225,38.64964],[-0.33442,38.6544],[-0.31539,38.64195],[-0.32832,38.63778],[-0.33185,38.62213],[-0.3097,38.60357],[-0.2953,38.60372],[-0.29126,38.5926],[-0.26986,38.58575],[-0.24906,38.59615],[-0.23977,38.59187],[-0.2149,38.61106],[-0.18555,38.61053],[-0.17265,38.62525],[-0.17862,38.63648],[-0.15505,38.64765],[-0.07992,38.62048],[-0.0769,38.60665],[-0.08368,38.60399],[-0.06284,38.57745],[-0.0155,38.62686],[0.01128,38.63319],[0.03175,38.6263],[0.04797,38.64171],[0.0841,38.63189],[0.0763,38.64773],[0.09933,38.67316],[0.11634,38.6743],[0.13078,38.68725],[0.14696,38.68808],[0.14972,38.67952],[0.15687,38.69843],[0.18339,38.72133],[0.20535,38.73237],[0.23289,38.73201],[0.2247,38.76511],[0.21103,38.76107],[0.18432,38.7881],[0.18518,38.79827],[0.19845,38.80474],[0.14852,38.83189],[0.12733,38.83317],[0.12319,38.84457],[0.12121,38.83655],[0.11032,38.8475],[0.12689,38.84889],[0.12092,38.84532],[0.05575,38.8636],[0.01627,38.86423],[-0.03651,38.88681],[-0.02362,38.87273],[-0.02622,38.86199],[-0.04097,38.85684],[-0.06944,38.88611],[-0.08861,38.87963],[-0.0909,38.87192],[-0.10091,38.87542],[-0.14689,38.85882],[-0.15391,38.86087],[-0.15965,38.88778],[-0.18751,38.87381],[-0.19513,38.85983],[-0.22935,38.85388],[-0.30962,38.8819],[-0.32248,38.86388],[-0.35216,38.85897],[-0.35398,38.85019],[-0.38118,38.83494],[-0.40102,38.84018],[-0.40287,38.83352],[-0.45942,38.81526],[-0.46068,38.80804],[-0.53411,38.81076],[-0.59402,38.7955]]],[[[0.23053,38.75388],[0.23237,38.75543],[0.23139,38.75763],[0.22947,38.75661],[0.23053,38.75388]]]]}},{"type":"Feature","properties":{"code":"770301C"},"geometry":{"type":"Polygon","coordinates":[[[0.07241,38.63907],[0.04797,38.64171],[0.03175,38.6263],[0.01128,38.63319],[-0.0155,38.62686],[-0.06284,38.57745],[0.25839,38.34265],[0.28529,38.37546],[0.43388,38.43823],[0.50566,38.47632],[0.56617,38.52504],[0.61291,38.58238],[0.64391,38.64596],[0.65799,38.74595],[0.65342,38.80598],[0.63513,38.86439],[0.61273,38.90286],[-0.03651,38.88681],[0.01627,38.86423],[0.05575,38.8636],[0.12092,38.84532],[0.12689,38.84889],[0.11032,38.8475],[0.12121,38.83655],[0.12319,38.84457],[0.12733,38.83317],[0.14852,38.83189],[0.19845,38.80474],[0.18353,38.79524],[0.19246,38.77259],[0.21103,38.76107],[0.2247,38.76511],[0.22689,38.745],[0.23395,38.74597],[0.23289,38.73201],[0.20535,38.73237],[0.16823,38.7109],[0.14972,38.67952],[0.14696,38.68808],[0.13078,38.68725],[0.11634,38.6743],[0.09933,38.67316],[0.0763,38.64773],[0.0841,38.63189],[0.07241,38.63907]],[[0.23053,38.75388],[0.22947,38.75661],[0.23139,38.75763],[0.23139,38.75763],[0.23139,38.75763],[0.23237,38.75543],[0.23053,38.75388],[0.23053,38.75388],[0.23053,38.75388]]]}},{"type":"Feature","properties":{"code":"770302"},"geometry":{"type":"Polygon","coordinates":[[[-1.08317,38.34663],[-1.02721,38.33898],[-0.98783,38.32097],[-0.97026,38.33002],[-0.92437,38.32975],[-0.83115,38.3576],[-0.86458,38.38908],[-0.82039,38.40841],[-0.80322,38.42666],[-0.80528,38.43425],[-0.73269,38.44289],[-0.71856,38.45338],[-0.66735,38.46622],[-0.65271,38.49561],[-0.63024,38.50267],[-0.61356,38.47673],[-0.56093,38.48135],[-0.53658,38.47206],[-0.51244,38.48071],[-0.50355,38.47562],[-0.45123,38.49453],[-0.43192,38.51756],[-0.43089,38.53374],[-0.39866,38.54109],[-0.39411,38.56111],[-0.40766,38.57407],[-0.33185,38.62213],[-0.32832,38.63778],[-0.31539,38.64195],[-0.33442,38.6544],[-0.35225,38.64964],[-0.34088,38.68451],[-0.35321,38.68585],[-0.35828,38.70446],[-0.37015,38.71227],[-0.38505,38.69246],[-0.43521,38.68847],[-0.44937,38.71424],[-0.51102,38.74384],[-0.55004,38.71751],[-0.6275,38.68696],[-0.64127,38.70454],[-0.64224,38.72817],[-0.67637,38.72951],[-0.68758,38.74167],[-0.70599,38.73422],[-0.71599,38.75098],[-0.73209,38.7521],[-0.73373,38.75985],[-0.83342,38.73283],[-0.86048,38.77129],[-0.90378,38.76748],[-0.9137,38.78181],[-0.92773,38.78423],[-0.96022,38.77519],[-0.9447,38.73712],[-0.91458,38.69637],[-0.96126,38.65733],[-1.02572,38.65592],[-1.00036,38.57308],[-1.02485,38.52323],[-1.01267,38.49747],[-1.05809,38.45616],[-1.09295,38.43834],[-1.07599,38.43188],[-1.08415,38.42956],[-1.08692,38.40279],[-1.08317,38.34663]]]}},{"type":"Feature","properties":{"code":"770303"},"geometry":{"type":"MultiPolygon","coordinates":[[[[-1.0076,38.16733],[-1.03555,38.13814],[-1.02913,38.0975],[-1.00921,38.05997],[-0.96482,38.01311],[-0.92116,37.94689],[-0.84028,37.87268],[-0.78183,37.8456],[-0.76101,37.84744],[-0.74897,37.8991],[-0.7392,37.90961],[-0.71803,37.91261],[-0.71642,37.93711],[-0.70369,37.94148],[-0.69415,37.97126],[-0.68667,37.96772],[-0.69166,37.97357],[-0.68024,37.97579],[-0.68604,37.96524],[-0.65471,37.98333],[-0.64575,38.00477],[-0.65155,38.02491],[-0.63733,38.12879],[-0.61136,38.17583],[-0.59407,38.18827],[-0.55925,38.19165],[-0.55958,38.18544],[-0.53728,38.18609],[-0.50876,38.20243],[-0.51878,38.298],[-0.50209,38.33538],[-0.48731,38.33374],[-0.47944,38.34424],[-0.48526,38.33112],[-0.47762,38.34426],[-0.44264,38.36308],[-0.42876,38.35367],[-0.40153,38.35326],[-0.40722,38.38245],[-0.38553,38.43209],[-0.30026,38.48234],[-0.19847,38.51483],[-0.17292,38.51604],[-0.14684,38.53627],[-0.10819,38.53356],[-0.09682,38.52381],[-0.07373,38.53909],[-0.04777,38.56397],[-0.06266,38.5716],[-0.08368,38.60399],[-0.0769,38.60665],[-0.07992,38.62048],[-0.15505,38.64765],[-0.17862,38.63648],[-0.17265,38.62525],[-0.18555,38.61053],[-0.2149,38.61106],[-0.23977,38.59187],[-0.24906,38.59615],[-0.26986,38.58575],[-0.29126,38.5926],[-0.2953,38.60372],[-0.3097,38.60357],[-0.33185,38.62213],[-0.40766,38.57407],[-0.39411,38.56111],[-0.39866,38.54109],[-0.43089,38.53374],[-0.43192,38.51756],[-0.45123,38.49453],[-0.50355,38.47562],[-0.51244,38.48071],[-0.53658,38.47206],[-0.56093,38.48135],[-0.59386,38.47453],[-0.61849,38.47886],[-0.63024,38.50267],[-0.65441,38.49454],[-0.65211,38.48624],[-0.66735,38.46622],[-0.71856,38.45338],[-0.73269,38.44289],[-0.80528,38.43425],[-0.80322,38.42666],[-0.82039,38.40841],[-0.86458,38.38908],[-0.83115,38.3576],[-0.92437,38.32975],[-0.97026,38.33002],[-0.98783,38.32097],[-0.97028,38.2905],[-0.96739,38.25618],[-1.0076,38.16733]]],[[[-0.12823,38.50155],[-0.12823,38.50155],[-0.12823,38.50155],[-0.12823,38.50155],[-0.12823,38.50155],[-0.12823,38.50155],[-0.12823,38.50155],[-0.12823,38.50155],[-0.12823,38.50155],[-0.12823,38.50155],[-0.12823,38.50155],[-0.12823,38.50155],[-0.12823,38.50155],[-0.12823,38.50155],[-0.12823,38.50155],[-0.12823,38.50155],[-0.12704,38.50287],[-0.12954,38.50446],[-0.13119,38.50215],[-0.12823,38.50155]]],[[[-0.46843,38.16594],[-0.48312,38.16696],[-0.46964,38.1626],[-0.46369,38.16364],[-0.46843,38.16594]]]]}},{"type":"Feature","properties":{"code":"770303C"},"geometry":{"type":"Polygon","coordinates":[[[-0.68667,37.96772],[-0.69415,37.97126],[-0.70369,37.94148],[-0.71642,37.93711],[-0.71944,37.91098],[-0.72779,37.91426],[-0.74897,37.8991],[-0.76101,37.84744],[-0.29093,37.78348],[-0.30014,37.81959],[-0.2846,37.86306],[-0.23011,37.88587],[-0.16492,37.92812],[-0.11158,37.97978],[-0.07222,38.03878],[-0.04843,38.1028],[-0.04225,38.17631],[0.01721,38.18829],[0.09345,38.21733],[0.21594,38.29868],[0.25839,38.34265],[-0.06284,38.57745],[-0.04777,38.56397],[-0.09682,38.52381],[-0.10819,38.53356],[-0.14684,38.53627],[-0.17292,38.51604],[-0.19847,38.51483],[-0.30026,38.48234],[-0.37438,38.44239],[-0.39071,38.41509],[-0.40008,38.41249],[-0.40801,38.35911],[-0.40153,38.35326],[-0.42876,38.35367],[-0.44264,38.36308],[-0.47762,38.34426],[-0.48526,38.33112],[-0.47944,38.34424],[-0.48731,38.33374],[-0.50209,38.33538],[-0.51878,38.298],[-0.50876,38.20243],[-0.53728,38.18609],[-0.55958,38.18544],[-0.55925,38.19165],[-0.59407,38.18827],[-0.61136,38.17583],[-0.63305,38.14288],[-0.64487,38.09136],[-0.64633,38.00179],[-0.65471,37.98333],[-0.68604,37.96524],[-0.67798,37.97286],[-0.69166,37.97357],[-0.68667,37.96772]],[[-0.48312,38.16696],[-0.48312,38.16696],[-0.48312,38.16696],[-0.48312,38.16696],[-0.48312,38.16696],[-0.48312,38.16696],[-0.48312,38.16696],[-0.48312,38.16696],[-0.48312,38.16696],[-0.48312,38.16696],[-0.48312,38.16696],[-0.48312,38.16696],[-0.48312,38.16696],[-0.48312,38.16696],[-0.48312,38.16696],[-0.46843,38.16594],[-0.46369,38.16364],[-0.46369,38.16364],[-0.46369,38.16364],[-0.46964,38.1626],[-0.48312,38.16696],[-0.48312,38.16696],[-0.48312,38.16696]],[[-0.13119,38.50215],[-0.12954,38.50446],[-0.12704,38.50287],[-0.12704,38.50287],[-0.12704,38.50287],[-0.12823,38.50155],[-0.13119,38.50215],[-0.13119,38.50215],[-0.13119,38.50215]]]}},{"type":"Feature","properties":{"code":"771201"},"geometry":{"type":"Polygon","coordinates":[[[-0.34208,40.60686],[-0.32087,40.60318],[-0.31084,40.61163],[-0.29207,40.61138],[-0.29865,40.57767],[-0.2889,40.5443],[-0.30065,40.51631],[-0.29648,40.50611],[-0.28639,40.5099],[-0.27643,40.50188],[-0.27853,40.4838],[-0.27022,40.47884],[-0.33722,40.45532],[-0.34614,40.44429],[-0.33161,40.42588],[-0.30601,40.40954],[-0.27496,40.36738],[-0.24677,40.37606],[-0.22697,40.37326],[-0.21139,40.36561],[-0.21865,40.36165],[-0.21179,40.35269],[-0.19885,40.35068],[-0.19603,40.35986],[-0.18371,40.36193],[-0.09829,40.35091],[-0.0876,40.35936],[-0.09142,40.33771],[-0.08242,40.33471],[-0.10434,40.32378],[-0.10364,40.31329],[-0.08457,40.2982],[-0.02739,40.36285],[-0.04401,40.36724],[-0.03635,40.38533],[-0.01731,40.39584],[0.01533,40.44136],[0.04158,40.44887],[0.05526,40.46604],[0.07916,40.46873],[0.09283,40.48142],[0.08089,40.50315],[0.0996,40.54154],[0.08431,40.54889],[0.07983,40.57244],[0.1157,40.58678],[0.14702,40.5749],[0.17581,40.58435],[0.18703,40.59589],[0.17561,40.6107],[0.15872,40.61402],[0.15593,40.62743],[0.14061,40.63713],[0.1786,40.65074],[0.25636,40.66359],[0.26946,40.65989],[0.29304,40.68889],[0.26363,40.70619],[0.23772,40.70202],[0.22731,40.7335],[0.19849,40.7245],[0.19223,40.7315],[0.17192,40.73317],[0.16304,40.72293],[0.14255,40.7188],[0.1137,40.72747],[0.07389,40.71465],[0.04338,40.69134],[0.02764,40.69529],[0.02957,40.71352],[0.01576,40.72901],[-0.01651,40.73154],[-0.03021,40.72277],[-0.06349,40.72774],[-0.12563,40.75366],[-0.14263,40.76903],[-0.14332,40.78578],[-0.16375,40.78897],[-0.19596,40.78479],[-0.21162,40.75861],[-0.22282,40.7545],[-0.23804,40.71838],[-0.23478,40.69145],[-0.29241,40.67431],[-0.30578,40.65984],[-0.3276,40.68062],[-0.37674,40.66788],[-0.36958,40.65111],[-0.37636,40.61923],[-0.34208,40.60686]]]}},{"type":"Feature","properties":{"code":"771202"},"geometry":{"type":"Polygon","coordinates":[[[0.09283,40.48142],[0.15979,40.43801],[0.18889,40.425],[0.20719,40.42656],[0.21685,40.4163],[0.20293,40.41325],[0.19072,40.39377],[0.30362,40.32381],[0.29706,40.30753],[0.32347,40.2747],[0.39358,40.35222],[0.40984,40.35787],[0.4047,40.36373],[0.41844,40.39993],[0.43495,40.41651],[0.43732,40.41126],[0.46781,40.46061],[0.47891,40.46274],[0.51635,40.52326],[0.43916,40.5474],[0.43461,40.56572],[0.44514,40.57856],[0.4058,40.59517],[0.40395,40.60232],[0.31698,40.61437],[0.28003,40.6304],[0.26715,40.64511],[0.26946,40.65989],[0.25636,40.66359],[0.15917,40.64655],[0.14061,40.63713],[0.15593,40.62743],[0.15872,40.61402],[0.17561,40.6107],[0.18608,40.59907],[0.17581,40.58435],[0.14702,40.5749],[0.1157,40.58678],[0.07983,40.57244],[0.08431,40.54889],[0.0996,40.54154],[0.08089,40.50315],[0.09283,40.48142]]]}},{"type":"Feature","properties":{"code":"771202C"},"geometry":{"type":"Polygon","coordinates":[[[0.40733,40.35654],[0.39358,40.35222],[0.32347,40.2747],[0.68609,40.0928],[0.79093,40.19691],[0.83152,40.25303],[0.97283,40.31557],[1.0105,40.34572],[0.51635,40.52326],[0.47891,40.46274],[0.46781,40.46061],[0.43732,40.41126],[0.43495,40.41651],[0.41844,40.39993],[0.40733,40.35654]]]}},{"type":"Feature","properties":{"code":"771203"},"geometry":{"type":"Polygon","coordinates":[[[-0.84296,39.95438],[-0.83167,39.91137],[-0.77234,39.87016],[-0.72924,39.81519],[-0.71133,39.81721],[-0.68989,39.85283],[-0.65494,39.83633],[-0.64349,39.79195],[-0.65113,39.75445],[-0.58701,39.74206],[-0.57584,39.77357],[-0.54719,39.7961],[-0.52938,39.79634],[-0.49704,39.74792],[-0.4598,39.71572],[-0.44717,39.71679],[-0.43788,39.73723],[-0.40839,39.74556],[-0.38573,39.76955],[-0.38761,39.79044],[-0.37671,39.80024],[-0.31482,39.80019],[-0.31227,39.82311],[-0.32843,39.82388],[-0.34961,39.83758],[-0.34277,39.87468],[-0.3347,39.87471],[-0.33575,39.88649],[-0.31863,39.90254],[-0.2806,39.90901],[-0.27925,39.92172],[-0.25963,39.92638],[-0.28864,39.95249],[-0.29966,39.95093],[-0.29409,39.96775],[-0.31167,39.97571],[-0.2801,40.00222],[-0.2835,40.01192],[-0.25379,40.01154],[-0.24735,40.02099],[-0.26425,40.02474],[-0.28642,40.04829],[-0.21248,40.02303],[-0.20617,40.01181],[-0.17106,40.02279],[-0.16,40.02016],[-0.15053,40.05901],[-0.16461,40.07126],[-0.14208,40.08988],[-0.14692,40.10278],[-0.13393,40.12751],[-0.10626,40.13049],[-0.08048,40.16912],[-0.07494,40.18716],[-0.0843,40.22036],[-0.07433,40.25372],[-0.08058,40.26124],[-0.06928,40.26492],[-0.05433,40.30012],[-0.01464,40.35228],[-0.02739,40.36285],[-0.08457,40.2982],[-0.10364,40.31329],[-0.10434,40.32378],[-0.08242,40.33471],[-0.09142,40.33771],[-0.0876,40.35936],[-0.09829,40.35091],[-0.18371,40.36193],[-0.19603,40.35986],[-0.19885,40.35068],[-0.21179,40.35269],[-0.21865,40.36165],[-0.21139,40.36561],[-0.2212,40.37182],[-0.24677,40.37606],[-0.2615,40.36789],[-0.27098,40.37263],[-0.31323,40.35869],[-0.3394,40.34034],[-0.34194,40.32576],[-0.3484,40.32849],[-0.35236,40.31356],[-0.36196,40.31692],[-0.36487,40.30554],[-0.37785,40.31044],[-0.3889,40.30599],[-0.39919,40.29521],[-0.3816,40.27868],[-0.38221,40.26566],[-0.42686,40.24416],[-0.46195,40.23465],[-0.46876,40.24049],[-0.4933,40.22909],[-0.52585,40.23829],[-0.54297,40.25201],[-0.55667,40.20119],[-0.57094,40.18183],[-0.56804,40.15952],[-0.57727,40.13842],[-0.60532,40.12864],[-0.62748,40.10246],[-0.61237,40.07037],[-0.626,40.07656],[-0.68242,40.04457],[-0.74636,40.03824],[-0.7524,40.04697],[-0.77575,40.00049],[-0.7884,39.99028],[-0.83359,39.9797],[-0.84025,39.96932],[-0.83451,39.96036],[-0.84296,39.95438]]]}},{"type":"Feature","properties":{"code":"771204"},"geometry":{"type":"MultiPolygon","coordinates":[[[[0.68828,39.89369],[0.68828,39.89369],[0.68828,39.89369],[0.68828,39.89369],[0.68828,39.89369],[0.68828,39.89369],[0.68828,39.89369],[0.68828,39.89369],[0.68828,39.89369],[0.68828,39.89369],[0.68828,39.89369],[0.68828,39.89369],[0.68828,39.89369],[0.68828,39.89369],[0.68828,39.89369],[0.68828,39.89369],[0.68982,39.89527],[0.68691,39.8952],[0.68562,39.897],[0.68955,39.8992],[0.68941,39.90102],[0.68491,39.89765],[0.68548,39.89501],[0.68828,39.89369]]],[[[0.67163,39.89209],[0.67163,39.89209],[0.67163,39.89209],[0.67163,39.89209],[0.67163,39.89209],[0.67163,39.89209],[0.67163,39.89209],[0.67163,39.89209],[0.67163,39.89209],[0.67163,39.89209],[0.67163,39.89209],[0.67163,39.89209],[0.67163,39.89209],[0.67163,39.89209],[0.67163,39.89209],[0.67163,39.89209],[0.67184,39.89172],[0.67229,39.89215],[0.67189,39.89211],[0.67163,39.89209]]],[[[-0.3347,39.87471],[-0.34277,39.87468],[-0.34786,39.83303],[-0.31227,39.82311],[-0.31482,39.80019],[-0.27532,39.77091],[-0.26999,39.75082],[-0.18733,39.72232],[-0.07552,39.86268],[-0.06576,39.85812],[-0.06505,39.86859],[-0.00471,39.9163],[0.0115,39.96829],[0.02521,39.96836],[0.01837,39.97472],[0.02942,39.96913],[0.02173,39.9747],[0.05288,40.03797],[0.08396,40.05692],[0.12168,40.06274],[0.13837,40.08221],[0.14883,40.08314],[0.14906,40.09759],[0.18355,40.16085],[0.20234,40.1811],[0.26621,40.20984],[0.27979,40.24454],[0.32347,40.2747],[0.29706,40.30753],[0.30362,40.32381],[0.19072,40.39377],[0.20293,40.41325],[0.21685,40.4163],[0.20719,40.42656],[0.18889,40.425],[0.15979,40.43801],[0.09283,40.48142],[0.07916,40.46873],[0.05526,40.46604],[0.04158,40.44887],[0.01533,40.44136],[-0.04401,40.36724],[-0.02739,40.36285],[-0.0164,40.34479],[-0.05433,40.30012],[-0.06928,40.26492],[-0.08058,40.26124],[-0.07433,40.25372],[-0.0843,40.22036],[-0.07494,40.18716],[-0.08048,40.16912],[-0.10626,40.13049],[-0.13393,40.12751],[-0.14692,40.10278],[-0.14208,40.08988],[-0.16461,40.07126],[-0.15053,40.05901],[-0.16,40.02016],[-0.17106,40.02279],[-0.20617,40.01181],[-0.21248,40.02303],[-0.28642,40.04829],[-0.24846,40.01587],[-0.2835,40.01192],[-0.2801,40.00222],[-0.31167,39.97571],[-0.29409,39.96775],[-0.29966,39.95093],[-0.28864,39.95249],[-0.25963,39.92638],[-0.27925,39.92172],[-0.2806,39.90901],[-0.30599,39.90855],[-0.3261,39.89759],[-0.3347,39.87471]]]]}},{"type":"Feature","properties":{"code":"771204C"},"geometry":{"type":"Polygon","coordinates":[[[0.60309,40.13357],[0.32347,40.2747],[0.31238,40.26937],[0.27979,40.24454],[0.26621,40.20984],[0.20234,40.1811],[0.18355,40.16085],[0.14906,40.09759],[0.14883,40.08314],[0.13837,40.08221],[0.12168,40.06274],[0.08396,40.05692],[0.05288,40.03797],[0.02173,39.9747],[0.02942,39.96913],[0.01837,39.97472],[0.02521,39.96836],[0.0115,39.96829],[-0.00471,39.9163],[-0.06505,39.86859],[-0.06576,39.85812],[-0.07552,39.86268],[-0.18733,39.72232],[0.24126,39.57909],[0.41268,39.84773],[0.68609,40.0928],[0.60309,40.13357]]]}},{"type":"Feature","properties":{"code":"774601"},"geometry":{"type":"MultiPolygon","coordinates":[[[[-0.58791,39.4854],[-0.53454,39.48658],[-0.55311,39.50106],[-0.56715,39.49635],[-0.57359,39.5035],[-0.57823,39.49538],[-0.59502,39.50038],[-0.58791,39.4854]]],[[[-0.6592,39.64469],[-0.65709,39.66098],[-0.6847,39.67564],[-0.67436,39.64547],[-0.6592,39.64469]]],[[[-1.50394,39.41838],[-1.48202,39.42285],[-1.48758,39.40203],[-1.46934,39.4079],[-1.47207,39.39153],[-1.45151,39.39905],[-1.45165,39.38413],[-1.46696,39.38372],[-1.44756,39.37858],[-1.45387,39.36124],[-1.44304,39.36215],[-1.43106,39.37797],[-1.43079,39.36448],[-1.4224,39.36438],[-1.42469,39.37944],[-1.4113,39.37978],[-1.40645,39.37207],[-1.39608,39.37609],[-1.40792,39.36808],[-1.40177,39.36434],[-1.3825,39.36662],[-1.38395,39.35466],[-1.36623,39.35649],[-1.33542,39.33438],[-1.33277,39.3409],[-1.31119,39.34348],[-1.29681,39.33154],[-1.27252,39.33358],[-1.24962,39.32289],[-1.24593,39.32896],[-1.2221,39.3165],[-1.20669,39.32662],[-1.1971,39.31417],[-1.16378,39.3109],[-1.17463,39.26605],[-1.11761,39.27634],[-1.08766,39.2945],[-1.09101,39.31226],[-1.02739,39.32414],[-0.99426,39.34074],[-0.98156,39.33708],[-0.97617,39.42843],[-0.93458,39.42278],[-0.8797,39.43928],[-0.85199,39.48889],[-0.86661,39.51077],[-0.91848,39.54431],[-0.88694,39.55397],[-0.82855,39.54287],[-0.79046,39.55655],[-0.77478,39.55284],[-0.72835,39.65373],[-0.78644,39.66097],[-0.78819,39.69855],[-0.74475,39.66713],[-0.68645,39.6978],[-0.7125,39.72525],[-0.73483,39.73659],[-0.79209,39.72074],[-0.79519,39.72994],[-0.79337,39.73966],[-0.74028,39.78074],[-0.69915,39.77551],[-0.71133,39.81721],[-0.72924,39.81519],[-0.77234,39.87016],[-0.79191,39.88155],[-0.82751,39.87152],[-0.86233,39.84778],[-0.88735,39.85248],[-0.91157,39.87342],[-0.89902,39.8922],[-0.9126,39.91837],[-0.90144,39.93222],[-0.91923,39.96477],[-0.93066,39.95644],[-0.98816,39.98219],[-1.02447,39.97496],[-1.05635,39.98084],[-1.08471,39.97669],[-1.09092,39.96817],[-1.11343,39.97313],[-1.12052,39.96122],[-1.14117,39.97221],[-1.20239,39.94994],[-1.20851,39.93443],[-1.19463,39.9143],[-1.19897,39.85849],[-1.21377,39.80915],[-1.27434,39.73799],[-1.26077,39.69928],[-1.27835,39.67826],[-1.30662,39.67119],[-1.3673,39.68999],[-1.4167,39.65531],[-1.46085,39.577],[-1.50313,39.56428],[-1.50162,39.55261],[-1.51962,39.54924],[-1.50206,39.54754],[-1.50598,39.50824],[-1.49792,39.50083],[-1.50279,39.49183],[-1.5113,39.49638],[-1.50382,39.48809],[-1.51132,39.48362],[-1.50199,39.47973],[-1.51216,39.45865],[-1.52763,39.45565],[-1.51724,39.44933],[-1.51962,39.43191],[-1.49542,39.42971],[-1.50394,39.41838]]],[[[-1.40636,40.10177],[-1.41905,40.09388],[-1.37562,40.01687],[-1.36311,40.01255],[-1.33454,40.01704],[-1.24683,39.99543],[-1.19052,40.0019],[-1.10605,40.02667],[-1.083,40.03657],[-1.07047,40.05196],[-1.07687,40.06916],[-1.11063,40.09317],[-1.13222,40.09777],[-1.14636,40.11463],[-1.20723,40.11075],[-1.24374,40.11651],[-1.24306,40.14633],[-1.25118,40.14366],[-1.28311,40.17186],[-1.29699,40.21205],[-1.31376,40.20173],[-1.32175,40.18522],[-1.31535,40.15002],[-1.35586,40.12925],[-1.36243,40.13898],[-1.39233,40.13473],[-1.44762,40.14571],[-1.45498,40.13132],[-1.40636,40.10177]]]]}},{"type":"Feature","properties":{"code":"774602"},"geometry":{"type":"Polygon","coordinates":[[[-0.98156,39.33708],[-0.8985,39.31046],[-0.84636,39.32057],[-0.84034,39.33645],[-0.80197,39.37031],[-0.79417,39.39224],[-0.7632,39.38083],[-0.76404,39.32164],[-0.71156,39.32334],[-0.69363,39.31558],[-0.64259,39.37081],[-0.58114,39.32409],[-0.55462,39.33509],[-0.4953,39.30483],[-0.44183,39.30119],[-0.42044,39.31009],[-0.42497,39.33076],[-0.3944,39.32664],[-0.38961,39.31549],[-0.38033,39.31703],[-0.36348,39.30554],[-0.34635,39.31578],[-0.32139,39.31438],[-0.29043,39.28353],[-0.2712,39.27919],[-0.29714,39.30994],[-0.29085,39.30968],[-0.32466,39.38981],[-0.3347,39.43426],[-0.32601,39.44607],[-0.3149,39.44357],[-0.32382,39.44406],[-0.31931,39.45013],[-0.33018,39.45926],[-0.32379,39.46177],[-0.31337,39.44823],[-0.30188,39.44914],[-0.30098,39.44082],[-0.30072,39.44952],[-0.3201,39.45814],[-0.31784,39.51487],[-0.28195,39.56028],[-0.25769,39.6153],[-0.21311,39.64725],[-0.21455,39.65566],[-0.20697,39.64354],[-0.18733,39.72232],[-0.2586,39.74389],[-0.26999,39.75082],[-0.27532,39.77091],[-0.30736,39.79736],[-0.32705,39.80185],[-0.37671,39.80024],[-0.38761,39.79044],[-0.38573,39.76955],[-0.40839,39.74556],[-0.43788,39.73723],[-0.44717,39.71679],[-0.4598,39.71572],[-0.49704,39.74792],[-0.52938,39.79634],[-0.54719,39.7961],[-0.57584,39.77357],[-0.58701,39.74206],[-0.6298,39.7467],[-0.65113,39.75445],[-0.64349,39.79195],[-0.65494,39.83633],[-0.68989,39.85283],[-0.71133,39.81721],[-0.69915,39.77551],[-0.74028,39.78074],[-0.79337,39.73966],[-0.79519,39.72994],[-0.79209,39.72074],[-0.73483,39.73659],[-0.7125,39.72525],[-0.68645,39.6978],[-0.74475,39.66713],[-0.78819,39.69855],[-0.78644,39.66097],[-0.72835,39.65373],[-0.77478,39.55284],[-0.79046,39.55655],[-0.82855,39.54287],[-0.88694,39.55397],[-0.91848,39.54431],[-0.86661,39.51077],[-0.85199,39.48889],[-0.8797,39.43928],[-0.93458,39.42278],[-0.97617,39.42843],[-0.98156,39.33708]],[[-0.59502,39.50038],[-0.57823,39.49538],[-0.57359,39.5035],[-0.56715,39.49635],[-0.55311,39.50106],[-0.53454,39.48658],[-0.58791,39.4854],[-0.59502,39.50038]],[[-0.6592,39.64469],[-0.67436,39.64547],[-0.6847,39.67564],[-0.65709,39.66098],[-0.6592,39.64469]]]}},{"type":"Feature","properties":{"code":"774602C"},"geometry":{"type":"Polygon","coordinates":[[[-0.27134,39.27923],[0.18404,39.25437],[0.12668,39.39816],[0.24126,39.57909],[-0.18733,39.72232],[-0.20697,39.64354],[-0.21455,39.65566],[-0.21311,39.64725],[-0.25769,39.6153],[-0.28195,39.56028],[-0.31784,39.51487],[-0.3201,39.45814],[-0.30072,39.44952],[-0.30098,39.44082],[-0.30188,39.44914],[-0.31337,39.44823],[-0.32379,39.46177],[-0.33018,39.45926],[-0.31931,39.45013],[-0.32382,39.44406],[-0.3149,39.44357],[-0.32601,39.44607],[-0.3347,39.43426],[-0.32466,39.38981],[-0.29085,39.30968],[-0.29714,39.30994],[-0.27134,39.27923]]]}},{"type":"Feature","properties":{"code":"774603"},"geometry":{"type":"MultiPolygon","coordinates":[[[[-1.23113,39.13408],[-1.23929,39.11413],[-1.2545,39.10656],[-1.25459,39.08442],[-1.26448,39.07586],[-1.26268,39.04549],[-1.22532,39.02507],[-1.15967,38.95521],[-1.14544,38.92975],[-1.03338,38.93484],[-0.99812,38.94985],[-0.9582,38.94498],[-0.95531,38.92052],[-0.92333,38.89215],[-0.93449,38.85634],[-0.92367,38.82376],[-0.93159,38.81167],[-0.92773,38.78423],[-0.9137,38.78181],[-0.90378,38.76748],[-0.86048,38.77129],[-0.83342,38.73283],[-0.73373,38.75985],[-0.73209,38.7521],[-0.71599,38.75098],[-0.70599,38.73422],[-0.68758,38.74167],[-0.67637,38.72951],[-0.64224,38.72817],[-0.64127,38.70454],[-0.6275,38.68696],[-0.61685,38.68705],[-0.50592,38.74337],[-0.50627,38.75566],[-0.53032,38.76762],[-0.56444,38.75583],[-0.58306,38.76876],[-0.59402,38.7955],[-0.53411,38.81076],[-0.46068,38.80804],[-0.45942,38.81526],[-0.40287,38.83352],[-0.40102,38.84018],[-0.38118,38.83494],[-0.35398,38.85019],[-0.35216,38.85897],[-0.32248,38.86388],[-0.29364,38.88955],[-0.30189,38.89094],[-0.30609,38.9172],[-0.29032,38.94554],[-0.30168,38.95311],[-0.29123,38.98885],[-0.32167,38.98181],[-0.33196,38.96268],[-0.34073,38.96288],[-0.3511,38.97046],[-0.34963,38.98297],[-0.32042,39.00075],[-0.37632,39.01704],[-0.38186,39.03874],[-0.45915,39.02693],[-0.48094,39.04077],[-0.49502,39.03778],[-0.50986,39.0498],[-0.51925,39.04015],[-0.54933,39.04755],[-0.5663,39.03856],[-0.57753,39.05044],[-0.59101,39.05126],[-0.62138,39.04599],[-0.62404,39.05694],[-0.65944,39.08702],[-0.6559,39.09576],[-0.67243,39.11882],[-0.72486,39.15884],[-0.7277,39.1855],[-0.71128,39.20243],[-0.69735,39.20358],[-0.71725,39.22723],[-0.77303,39.25027],[-0.77994,39.26568],[-0.79824,39.2612],[-0.84892,39.28532],[-0.85195,39.27519],[-0.88071,39.2773],[-0.88689,39.27172],[-0.8985,39.31046],[-0.96764,39.33392],[-0.99426,39.34074],[-1.02739,39.32414],[-1.09101,39.31226],[-1.08766,39.2945],[-1.11761,39.27634],[-1.17463,39.26605],[-1.17944,39.21269],[-1.19587,39.17712],[-1.22577,39.1521],[-1.23113,39.13408]]],[[[-0.38186,39.03874],[-0.37301,39.0468],[-0.38035,39.05771],[-0.43068,39.0718],[-0.43372,39.05205],[-0.4133,39.04846],[-0.40625,39.04026],[-0.38186,39.03874]]],[[[-0.54704,39.0492],[-0.5435,39.05544],[-0.55353,39.0569],[-0.54704,39.0492]]]]}},{"type":"Feature","properties":{"code":"774604"},"geometry":{"type":"Polygon","coordinates":[[[-0.84636,39.32057],[-0.8985,39.31046],[-0.88689,39.27172],[-0.88071,39.2773],[-0.85195,39.27519],[-0.84892,39.28532],[-0.79824,39.2612],[-0.77994,39.26568],[-0.77303,39.25027],[-0.71725,39.22723],[-0.69735,39.20358],[-0.71128,39.20243],[-0.7277,39.1855],[-0.72486,39.15884],[-0.67243,39.11882],[-0.6559,39.09576],[-0.65944,39.08702],[-0.62404,39.05694],[-0.62138,39.04599],[-0.59101,39.05126],[-0.57753,39.05044],[-0.5663,39.03856],[-0.54933,39.04755],[-0.51925,39.04015],[-0.50986,39.0498],[-0.49502,39.03778],[-0.48094,39.04077],[-0.45915,39.02693],[-0.38186,39.03874],[-0.37632,39.01704],[-0.32042,39.00075],[-0.34963,38.98297],[-0.34838,38.96586],[-0.33196,38.96268],[-0.32167,38.98181],[-0.29123,38.98885],[-0.30168,38.95311],[-0.29032,38.94554],[-0.30609,38.9172],[-0.30189,38.89094],[-0.29364,38.88955],[-0.29806,38.88209],[-0.28792,38.87301],[-0.25909,38.86032],[-0.22935,38.85388],[-0.19513,38.85983],[-0.18751,38.87381],[-0.15965,38.88778],[-0.14689,38.85882],[-0.10091,38.87542],[-0.0909,38.87192],[-0.08861,38.87963],[-0.06944,38.88611],[-0.04097,38.85684],[-0.02622,38.86199],[-0.02362,38.87273],[-0.03651,38.88681],[-0.11775,38.95441],[-0.15022,38.99627],[-0.15971,38.99271],[-0.14736,38.99698],[-0.15482,38.99735],[-0.19829,39.05888],[-0.23764,39.14471],[-0.2358,39.17869],[-0.21452,39.18642],[-0.27312,39.27932],[-0.29043,39.28353],[-0.31702,39.30364],[-0.31728,39.31217],[-0.34635,39.31578],[-0.36348,39.30554],[-0.38033,39.31703],[-0.38961,39.31549],[-0.3944,39.32664],[-0.42497,39.33076],[-0.42044,39.31009],[-0.42835,39.30233],[-0.48594,39.30264],[-0.55462,39.33509],[-0.58114,39.32409],[-0.64259,39.37081],[-0.69363,39.31558],[-0.71156,39.32334],[-0.76404,39.32164],[-0.7632,39.38083],[-0.79417,39.39224],[-0.80197,39.37031],[-0.84034,39.33645],[-0.84636,39.32057]],[[-0.38186,39.03874],[-0.40625,39.04026],[-0.4133,39.04846],[-0.43372,39.05205],[-0.43068,39.0718],[-0.38035,39.05771],[-0.37301,39.0468],[-0.38186,39.03874]],[[-0.54704,39.0492],[-0.55353,39.0569],[-0.5435,39.05544],[-0.54704,39.0492]]]}},{"type":"Feature","properties":{"code":"774604C"},"geometry":{"type":"Polygon","coordinates":[[[-0.2712,39.27919],[-0.21452,39.18642],[-0.2358,39.17869],[-0.23764,39.14471],[-0.19829,39.05888],[-0.15482,38.99735],[-0.14736,38.99698],[-0.15971,38.99271],[-0.15022,38.99627],[-0.11775,38.95441],[-0.03651,38.88681],[0.61273,38.90286],[0.55995,38.98185],[0.50573,39.03617],[0.43828,39.08061],[0.23343,39.15387],[0.21937,39.16552],[0.18404,39.25437],[-0.2712,39.27919]]]}},{"type":"Feature","properties":{"code":"785101"},"geometry":{"type":"MultiPolygon","coordinates":[[[[-4.29679,35.16746],[-4.29679,35.16746],[-4.29679,35.16746],[-4.29679,35.16746],[-4.29679,35.16746],[-4.29679,35.16746],[-4.29679,35.16746],[-4.29679,35.16746],[-4.29679,35.16746],[-4.29679,35.16746],[-4.29679,35.16746],[-4.29679,35.16746],[-4.29679,35.16746],[-4.29679,35.16746],[-4.29679,35.16746],[-4.29679,35.16746],[-4.29679,35.16746],[-4.29679,35.16746],[-4.29679,35.16746],[-4.29679,35.16746],[-4.29679,35.16746],[-4.29679,35.16746],[-4.29679,35.16746],[-4.29679,35.16746],[-4.29679,35.16746],[-4.29679,35.16746],[-4.29679,35.16746],[-4.29526,35.16746],[-4.2977,35.16944],[-4.3002,35.16936],[-4.29679,35.16746]]],[[[-5.37696,35.9105],[-5.36554,35.88063],[-5.33832,35.87007],[-5.3142,35.88604],[-5.27512,35.89436],[-5.28431,35.9059],[-5.3096,35.88775],[-5.32178,35.89545],[-5.3066,35.89502],[-5.33147,35.89319],[-5.36405,35.91626],[-5.37696,35.9105]]],[[[-5.4145,35.91003],[-5.4145,35.91003],[-5.41306,35.91366],[-5.4184,35.91076],[-5.4145,35.91003]]]]}},{"type":"Feature","properties":{"code":"785101C"},"geometry":{"type":"Polygon","coordinates":[[[-5.46413,35.97789],[-5.45577,35.91433],[-5.40778,35.91917],[-5.3769,35.91076],[-5.36405,35.91626],[-5.33147,35.89319],[-5.3066,35.89502],[-5.32178,35.89545],[-5.3096,35.88775],[-5.28431,35.9059],[-5.27417,35.90006],[-5.28177,35.89081],[-5.3142,35.88604],[-5.34309,35.86783],[-5.33889,35.79055],[-5.32028,35.70028],[-5.24896,35.57437],[-5.21495,35.5532],[-5.10075,35.59234],[-5.03218,35.62562],[-4.97277,35.66912],[-4.92477,35.72119],[-4.89003,35.77986],[-4.8699,35.84291],[-4.86517,35.90795],[-4.87607,35.97249],[-4.91987,36.05868],[-5.46413,35.97789]]]}},{"type":"Feature","properties":{"code":"795201"},"geometry":{"type":"MultiPolygon","coordinates":[[[[-2.42826,35.17832],[-2.42826,35.17832],[-2.42826,35.17832],[-2.42826,35.17832],[-2.42826,35.17832],[-2.42826,35.17832],[-2.42826,35.17832],[-2.42826,35.17832],[-2.42826,35.17832],[-2.42826,35.17832],[-2.42826,35.17832],[-2.42826,35.17832],[-2.42826,35.17832],[-2.42826,35.17832],[-2.42826,35.17832],[-2.42826,35.17832],[-2.42826,35.17832],[-2.42826,35.17832],[-2.42826,35.17832],[-2.42826,35.17832],[-2.42826,35.17832],[-2.42826,35.17832],[-2.42826,35.17832],[-2.42826,35.17832],[-2.42826,35.17832],[-2.42826,35.17832],[-2.42826,35.17832],[-2.42724,35.17825],[-2.42454,35.18057],[-2.42991,35.18219],[-2.42826,35.17832]]],[[[-2.44298,35.17728],[-2.43653,35.17362],[-2.43762,35.18096],[-2.44298,35.17728]]],[[[-2.95333,35.3189],[-2.97007,35.28969],[-2.94897,35.2657],[-2.92994,35.26966],[-2.92411,35.27921],[-2.92807,35.27372],[-2.93807,35.27868],[-2.93652,35.2904],[-2.92399,35.28949],[-2.95333,35.3189]]]]}},{"type":"Feature","properties":{"code":"795201C"},"geometry":{"type":"Polygon","coordinates":[[[-3.3774,35.29349],[-3.36902,35.22289],[-3.35701,35.19208],[-3.30639,35.19527],[-3.07076,35.2877],[-3.02361,35.34611],[-2.98611,35.41805],[-2.96083,35.36194],[-2.95333,35.3189],[-2.92399,35.28949],[-2.93652,35.2904],[-2.93807,35.27868],[-2.92807,35.27372],[-2.92411,35.27921],[-2.92994,35.26966],[-2.94897,35.2657],[-2.96776,35.28049],[-2.94897,35.2657],[-2.92821,35.27118],[-2.90507,35.25755],[-2.90278,35.22055],[-2.91208,35.19833],[-2.90556,35.16972],[-2.87694,35.1418],[-2.83486,35.12513],[-2.7838,35.12238],[-2.79417,35.14722],[-2.82333,35.16583],[-2.88368,35.23458],[-2.74889,35.13975],[-2.67639,35.11083],[-2.59436,35.09653],[-2.56948,35.1255],[-2.53679,35.18636],[-2.5194,35.25133],[-2.51804,35.31783],[-2.53279,35.38324],[-2.56311,35.44495],[-2.63713,35.52998],[-2.69521,35.57761],[-2.76385,35.61473],[-2.84026,35.63982],[-2.9213,35.65185],[-3.00366,35.65033],[-3.08396,35.63533],[-3.15889,35.60745],[-3.22541,35.56784],[-3.2808,35.51812],[-3.33944,35.43107],[-3.3674,35.36394],[-3.3774,35.29349]],[[-2.97007,35.28969],[-2.96523,35.28554],[-2.96523,35.28554],[-2.97007,35.28969],[-2.97007,35.28969]]]}}]}
